method,chi_max,repeat,trotter_step,time,infidelity,cumulative_runtime_s,peak_param_count,failed
hybrid_tdvp,2,0,0,0.0,0.0,0.0,0,0
hybrid_tdvp,2,0,1,0.1,0.0001425929782661317,0.10980386205483228,120,0
hybrid_tdvp,2,0,2,0.2,0.002221853612089597,0.23154518706724048,120,0
hybrid_tdvp,2,0,3,0.30000000000000004,0.012632984993722673,0.35706728626973927,120,0
hybrid_tdvp,2,1,0,0.0,0.0,0.0,0,0
hybrid_tdvp,2,1,1,0.1,0.0001425929782661317,0.09890835173428059,120,0
hybrid_tdvp,2,1,2,0.2,0.002221853612089597,0.21488265821244568,120,0
hybrid_tdvp,2,1,3,0.30000000000000004,0.012632984993722673,0.3377572059398517,120,0
hybrid_tdvp,2,2,0,0.0,0.0,0.0,0,0
hybrid_tdvp,2,2,1,0.1,0.0001425929782661317,0.10036962130106986,120,0
hybrid_tdvp,2,2,2,0.2,0.002221853612089597,0.21808704594150186,120,0
hybrid_tdvp,2,2,3,0.30000000000000004,0.012632984993722673,0.3461735510500148,120,0
hybrid_tdvp,4,0,0,0.0,0.0,0.0,0,0
hybrid_tdvp,4,0,1,0.1,1.9549396116480544e-05,0.10177861934062093,216,0
hybrid_tdvp,4,0,2,0.2,0.000479796069675964,0.22439433238469064,424,0
hybrid_tdvp,4,0,3,0.30000000000000004,0.003937527032102817,0.3636455546366051,424,0
hybrid_tdvp,4,0,4,0.4,0.01642898559017625,0.512616625521332,424,0
hybrid_tdvp,4,1,0,0.0,0.0,0.0,0,0
hybrid_tdvp,4,1,1,0.1,1.9549396116480544e-05,0.09818710177205503,216,0
hybrid_tdvp,4,1,2,0.2,0.000479796069675964,0.21939154772553593,424,0
hybrid_tdvp,4,1,3,0.30000000000000004,0.003937527032102817,0.3586496755015105,424,0
hybrid_tdvp,4,1,4,0.4,0.01642898559017625,0.5057259460445493,424,0
hybrid_tdvp,4,2,0,0.0,0.0,0.0,0,0
hybrid_tdvp,4,2,1,0.1,1.9549396116480544e-05,0.10357397084590048,216,0
hybrid_tdvp,4,2,2,0.2,0.000479796069675964,0.22633289254736155,424,0
hybrid_tdvp,4,2,3,0.30000000000000004,0.003937527032102817,0.3662618768867105,424,0
hybrid_tdvp,4,2,4,0.4,0.01642898559017625,0.5158090860350057,424,0
hybrid_tdvp,8,0,0,0.0,0.0,0.0,0,0
hybrid_tdvp,8,0,1,0.1,1.95493735190011e-05,0.09526940365321934,248,0
hybrid_tdvp,8,0,2,0.2,0.0002652006402638074,0.22955157968681306,1304,0
hybrid_tdvp,8,0,3,0.30000000000000004,0.0007253101749803426,0.40084810880944133,1448,0
hybrid_tdvp,8,0,4,0.4,0.001521055726790621,0.5769835577812046,1448,0
hybrid_tdvp,8,0,5,0.5,0.0038884494293845995,0.761859712889418,1448,0
hybrid_tdvp,8,0,6,0.6000000000000001,0.008798748834449532,0.9505979671375826,1448,0
hybrid_tdvp,8,0,7,0.7000000000000001,0.018100817115660583,1.1383849252015352,1448,0
hybrid_tdvp,8,1,0,0.0,0.0,0.0,0,0
hybrid_tdvp,8,1,1,0.1,1.95493735190011e-05,0.10280419257469475,248,0
hybrid_tdvp,8,1,2,0.2,0.0002652006402638074,0.23456371552310884,1304,0
hybrid_tdvp,8,1,3,0.30000000000000004,0.0007253101749803426,0.4032626502448693,1448,0
hybrid_tdvp,8,1,4,0.4,0.001521055726790621,0.5789013841422275,1448,0
hybrid_tdvp,8,1,5,0.5,0.0038884494293845995,0.7651021337369457,1448,0
hybrid_tdvp,8,1,6,0.6000000000000001,0.008798748834449532,0.9549696223111823,1448,0
hybrid_tdvp,8,1,7,0.7000000000000001,0.018100817115660583,1.1465159887447953,1448,0
hybrid_tdvp,8,2,0,0.0,0.0,0.0,0,0
hybrid_tdvp,8,2,1,0.1,1.95493735190011e-05,0.1019155418034643,248,0
hybrid_tdvp,8,2,2,0.2,0.0002652006402638074,0.23296542186290026,1304,0
hybrid_tdvp,8,2,3,0.30000000000000004,0.0007253101749803426,0.4015778546454385,1448,0
hybrid_tdvp,8,2,4,0.4,0.001521055726790621,0.5785488325636834,1448,0
hybrid_tdvp,8,2,5,0.5,0.0038884494293845995,0.7655444833217189,1448,0
hybrid_tdvp,8,2,6,0.6000000000000001,0.008798748834449532,0.9560622783610597,1448,0
hybrid_tdvp,8,2,7,0.7000000000000001,0.018100817115660583,1.146433747606352,1448,0
hybrid_tdvp,12,0,0,0.0,0.0,0.0,0,0
hybrid_tdvp,12,0,1,0.1,1.95493735190011e-05,0.09776541718747467,248,0
hybrid_tdvp,12,0,2,0.2,0.0002415508675565059,0.2276893303496763,1974,0
hybrid_tdvp,12,0,3,0.30000000000000004,0.0004882842649716057,0.3972923986148089,2856,0
hybrid_tdvp,12,0,4,0.4,0.0008205582428830738,0.5714362019207329,2856,0
hybrid_tdvp,12,0,5,0.5,0.0018267440934993662,0.754481477662921,2856,0
hybrid_tdvp,12,0,6,0.6000000000000001,0.004939203907251444,0.9482290726155043,2856,0
hybrid_tdvp,12,0,7,0.7000000000000001,0.010086302973656869,1.1485035221558064,2856,0
hybrid_tdvp,12,1,0,0.0,0.0,0.0,0,0
hybrid_tdvp,12,1,1,0.1,1.95493735190011e-05,0.09921449644025415,248,0
hybrid_tdvp,12,1,2,0.2,0.0002415508675565059,0.22923121869098395,1974,0
hybrid_tdvp,12,1,3,0.30000000000000004,0.0004882842649716057,0.40178092615678906,2856,0
hybrid_tdvp,12,1,4,0.4,0.0008205582428830738,0.5748663513222709,2856,0
hybrid_tdvp,12,1,5,0.5,0.0018267440934993662,0.7546473980182782,2856,0
hybrid_tdvp,12,1,6,0.6000000000000001,0.004939203907251444,0.9466324317036197,2856,0
hybrid_tdvp,12,1,7,0.7000000000000001,0.010086302973656869,1.1466288865776733,2856,0
hybrid_tdvp,12,2,0,0.0,0.0,0.0,0,0
hybrid_tdvp,12,2,1,0.1,1.95493735190011e-05,0.10073393711354584,248,0
hybrid_tdvp,12,2,2,0.2,0.0002415508675565059,0.22845985018648207,1974,0
hybrid_tdvp,12,2,3,0.30000000000000004,0.0004882842649716057,0.3977581295184791,2856,0
hybrid_tdvp,12,2,4,0.4,0.0008205582428830738,0.5711512682028115,2856,0
hybrid_tdvp,12,2,5,0.5,0.0018267440934993662,0.7563117955578491,2856,0
hybrid_tdvp,12,2,6,0.6000000000000001,0.004939203907251444,0.951749530271627,2856,0
hybrid_tdvp,12,2,7,0.7000000000000001,0.010086302973656869,1.1508762899320573,2856,0
hybrid_tdvp,16,0,0,0.0,0.0,0.0,0,0
hybrid_tdvp,16,0,1,0.1,1.95493735190011e-05,0.0990305069135502,248,0
hybrid_tdvp,16,0,2,0.2,0.00024154870997195044,0.2275247210636735,2204,0
hybrid_tdvp,16,0,3,0.30000000000000004,0.00037186763082497354,0.41917300410568714,4728,0
hybrid_tdvp,16,0,4,0.4,0.00040009523095940747,0.6245730106020346,4776,0
hybrid_tdvp,16,0,5,0.5,0.0005215413067840569,0.8363033675123006,4776,0
hybrid_tdvp,16,0,6,0.6000000000000001,0.0007406072397240226,1.0564722542185336,4776,0
hybrid_tdvp,16,0,7,0.7000000000000001,0.001409890343251452,1.2821035246597603,4776,0
hybrid_tdvp,16,0,8,0.8,0.002999123298941697,1.5171694038435817,4776,0
hybrid_tdvp,16,0,9,0.9,0.007179793252777067,1.7513679853873327,4776,0
hybrid_tdvp,16,0,10,1.0,0.015976682697754097,1.9881210983730853,4776,0
hybrid_tdvp,16,1,0,0.0,0.0,0.0,0,0
hybrid_tdvp,16,1,1,0.1,1.95493735190011e-05,0.09870111453346908,248,0
hybrid_tdvp,16,1,2,0.2,0.00024154870997195044,0.23479547642637044,2204,0
hybrid_tdvp,16,1,3,0.30000000000000004,0.00037186763082497354,0.43148594291415066,4728,0
hybrid_tdvp,16,1,4,0.4,0.00040009523095940747,0.6371675566770136,4776,0
hybrid_tdvp,16,1,5,0.5,0.0005215413067840569,0.8492967135971412,4776,0
hybrid_tdvp,16,1,6,0.6000000000000001,0.0007406072397240226,1.070591633557342,4776,0
hybrid_tdvp,16,1,7,0.7000000000000001,0.001409890343251452,1.2963126708054915,4776,0
hybrid_tdvp,16,1,8,0.8,0.002999123298941697,1.5281909959157929,4776,0
hybrid_tdvp,16,1,9,0.9,0.007179793252777067,1.7638173529412597,4776,0
hybrid_tdvp,16,1,10,1.0,0.015976682697754097,2.0005103298462927,4776,0
hybrid_tdvp,16,2,0,0.0,0.0,0.0,0,0
hybrid_tdvp,16,2,1,0.1,1.95493735190011e-05,0.10030216991435736,248,0
hybrid_tdvp,16,2,2,0.2,0.00024154870997195044,0.2285816443618387,2204,0
hybrid_tdvp,16,2,3,0.30000000000000004,0.00037186763082497354,0.42104062892030925,4728,0
hybrid_tdvp,16,2,4,0.4,0.00040009523095940747,0.626186734996736,4776,0
hybrid_tdvp,16,2,5,0.5,0.0005215413067840569,0.83825984376017,4776,0
hybrid_tdvp,16,2,6,0.6000000000000001,0.0007406072397240226,1.0601610539015383,4776,0
hybrid_tdvp,16,2,7,0.7000000000000001,0.001409890343251452,1.2857601182768121,4776,0
hybrid_tdvp,16,2,8,0.8,0.002999123298941697,1.5188455362804234,4776,0
hybrid_tdvp,16,2,9,0.9,0.007179793252777067,1.754658337449655,4776,0
hybrid_tdvp,16,2,10,1.0,0.015976682697754097,1.9908800616394728,4776,0
hybrid_tdvp,24,0,0,0.0,0.0,0.0,0,0
hybrid_tdvp,24,0,1,0.1,1.95493735190011e-05,0.10331607575062662,248,0
hybrid_tdvp,24,0,2,0.2,0.00024154870997195044,0.23573281080462039,2204,0
hybrid_tdvp,24,0,3,0.30000000000000004,0.0003702064692645557,0.468493768828921,8140,0
hybrid_tdvp,24,0,4,0.4,0.0003745251026063823,0.8816729267127812,9128,0
hybrid_tdvp,24,0,5,0.5,0.0003975808980664075,1.3048447016626596,9128,0
hybrid_tdvp,24,0,6,0.6000000000000001,0.0004488545248494402,1.734376314561814,9128,0
hybrid_tdvp,24,0,7,0.7000000000000001,0.0006001534803176112,2.186800567433238,9128,0
hybrid_tdvp,24,0,8,0.8,0.0009486152813771298,2.646336323581636,9128,0
hybrid_tdvp,24,0,9,0.9,0.001647072501455682,3.113172016106546,9128,0
hybrid_tdvp,24,0,10,1.0,0.003256444429923455,3.5779923159861937,9128,0
hybrid_tdvp,24,0,11,1.1,0.0072952262028520565,4.038011237047613,9128,0
hybrid_tdvp,24,0,12,1.2000000000000002,0.01528291813403837,4.49671324971132,9128,0
hybrid_tdvp,24,1,0,0.0,0.0,0.0,0,0
hybrid_tdvp,24,1,1,0.1,1.95493735190011e-05,0.09889717563055456,248,0
hybrid_tdvp,24,1,2,0.2,0.00024154870997195044,0.22746295027900487,2204,0
hybrid_tdvp,24,1,3,0.30000000000000004,0.0003702064692645557,0.4615829006070271,8140,0
hybrid_tdvp,24,1,4,0.4,0.0003745251026063823,0.8701756335794926,9128,0
hybrid_tdvp,24,1,5,0.5,0.0003975808980664075,1.2973497528582811,9128,0
hybrid_tdvp,24,1,6,0.6000000000000001,0.0004488545248494402,1.7348223506705835,9128,0
hybrid_tdvp,24,1,7,0.7000000000000001,0.0006001534803176112,2.1763193731894717,9128,0
hybrid_tdvp,24,1,8,0.8,0.0009486152813771298,2.6229704334400594,9128,0
hybrid_tdvp,24,1,9,0.9,0.001647072501455682,3.081282918690704,9128,0
hybrid_tdvp,24,1,10,1.0,0.003256444429923455,3.541276391944848,9128,0
hybrid_tdvp,24,1,11,1.1,0.0072952262028520565,3.9990956648252904,9128,0
hybrid_tdvp,24,1,12,1.2000000000000002,0.01528291813403837,4.458409688784741,9128,0
hybrid_tdvp,24,2,0,0.0,0.0,0.0,0,0
hybrid_tdvp,24,2,1,0.1,1.95493735190011e-05,0.09876823518425226,248,0
hybrid_tdvp,24,2,2,0.2,0.00024154870997195044,0.22568290773779154,2204,0
hybrid_tdvp,24,2,3,0.30000000000000004,0.0003702064692645557,0.457675255369395,8140,0
hybrid_tdvp,24,2,4,0.4,0.0003745251026063823,0.8704897606512532,9128,0
hybrid_tdvp,24,2,5,0.5,0.0003975808980664075,1.286823745118454,9128,0
hybrid_tdvp,24,2,6,0.6000000000000001,0.0004488545248494402,1.713302904041484,9128,0
hybrid_tdvp,24,2,7,0.7000000000000001,0.0006001534803176112,2.1451351405121386,9128,0
hybrid_tdvp,24,2,8,0.8,0.0009486152813771298,2.584801161312498,9128,0
hybrid_tdvp,24,2,9,0.9,0.001647072501455682,3.029029621160589,9128,0
hybrid_tdvp,24,2,10,1.0,0.003256444429923455,3.517663671867922,9128,0
hybrid_tdvp,24,2,11,1.1,0.0072952262028520565,3.9791875357041135,9128,0
hybrid_tdvp,24,2,12,1.2000000000000002,0.01528291813403837,4.443254715646617,9128,0
hybrid_tdvp,32,0,0,0.0,0.0,0.0,0,0
hybrid_tdvp,32,0,1,0.1,1.95493735190011e-05,0.09989078296348453,248,0
hybrid_tdvp,32,0,2,0.2,0.00024154870997195044,0.22859972773585469,2204,0
hybrid_tdvp,32,0,3,0.30000000000000004,0.0003706901020489317,0.48416444298345596,10090,0
hybrid_tdvp,32,0,4,0.4,0.0003707165735487017,1.5775422368897125,14248,0
hybrid_tdvp,32,0,5,0.5,0.00037359662184877074,3.232124859234318,15016,0
hybrid_tdvp,32,0,6,0.6000000000000001,0.00040543138655935174,5.114687114953995,15016,0
hybrid_tdvp,32,0,7,0.7000000000000001,0.0004840289211101023,7.1149825404863805,15016,0
hybrid_tdvp,32,0,8,0.8,0.0006380338772493666,9.317785419989377,15016,0
hybrid_tdvp,32,0,9,0.9,0.0009637382936906747,10.765006048721261,15016,0
hybrid_tdvp,32,0,10,1.0,0.001771088982275626,12.157852947129868,15016,0
hybrid_tdvp,32,0,11,1.1,0.003438081473176813,14.26282474596519,15016,0
hybrid_tdvp,32,0,12,1.2000000000000002,0.006826257627431276,16.36814359051641,15016,0
hybrid_tdvp,32,0,13,1.3,0.013015151948579162,18.016539988457225,15016,0
hybrid_tdvp,32,1,0,0.0,0.0,0.0,0,0
hybrid_tdvp,32,1,1,0.1,1.95493735190011e-05,0.09921236941590905,248,0
hybrid_tdvp,32,1,2,0.2,0.00024154870997195044,0.23195015301462263,2204,0
hybrid_tdvp,32,1,3,0.30000000000000004,0.0003706901020489317,0.47162419627420604,10090,0
hybrid_tdvp,32,1,4,0.4,0.0003707165735487017,1.1568312633316964,14248,0
hybrid_tdvp,32,1,5,0.5,0.00037359662184877074,2.449527434306219,15016,0
hybrid_tdvp,32,1,6,0.6000000000000001,0.00040543138655935174,3.80287019291427,15016,0
hybrid_tdvp,32,1,7,0.7000000000000001,0.0004840289211101023,5.1300099436193705,15016,0
hybrid_tdvp,32,1,8,0.8,0.0006380338772493666,6.52380319358781,15016,0
hybrid_tdvp,32,1,9,0.9,0.0009637382936906747,7.857851363020018,15016,0
hybrid_tdvp,32,1,10,1.0,0.001771088982275626,9.18978563719429,15016,0
hybrid_tdvp,32,1,11,1.1,0.003438081473176813,10.499265789054334,15016,0
hybrid_tdvp,32,1,12,1.2000000000000002,0.006826257627431276,11.8841933386866,15016,0
hybrid_tdvp,32,1,13,1.3,0.013015151948579162,13.237230838043615,15016,0
hybrid_tdvp,32,2,0,0.0,0.0,0.0,0,0
hybrid_tdvp,32,2,1,0.1,1.95493735190011e-05,0.10469159693457186,248,0
hybrid_tdvp,32,2,2,0.2,0.00024154870997195044,0.23413979215547442,2204,0
hybrid_tdvp,32,2,3,0.30000000000000004,0.0003706901020489317,0.47799594642128795,10090,0
hybrid_tdvp,32,2,4,0.4,0.0003707165735487017,1.1507476416882128,14248,0
hybrid_tdvp,32,2,5,0.5,0.00037359662184877074,2.3581176785519347,15016,0
hybrid_tdvp,32,2,6,0.6000000000000001,0.00040543138655935174,3.642599296174012,15016,0
hybrid_tdvp,32,2,7,0.7000000000000001,0.0004840289211101023,4.957402525353245,15016,0
hybrid_tdvp,32,2,8,0.8,0.0006380338772493666,6.292281008674763,15016,0
hybrid_tdvp,32,2,9,0.9,0.0009637382936906747,7.618900182656944,15016,0
hybrid_tdvp,32,2,10,1.0,0.001771088982275626,8.95453431783244,15016,0
hybrid_tdvp,32,2,11,1.1,0.003438081473176813,10.285138793173246,15016,0
hybrid_tdvp,32,2,12,1.2000000000000002,0.006826257627431276,11.601202787947841,15016,0
hybrid_tdvp,32,2,13,1.3,0.013015151948579162,12.945667365100235,15016,0
hybrid_tdvp,48,0,0,0.0,0.0,0.0,0,0
hybrid_tdvp,48,0,1,0.1,1.95493735190011e-05,0.09895680064801127,248,0
hybrid_tdvp,48,0,2,0.2,0.00024154870997195044,0.22770056733861566,2204,0
hybrid_tdvp,48,0,3,0.30000000000000004,0.0003706901020489317,0.46866025018971413,10090,0
hybrid_tdvp,48,0,4,0.4,0.0003728685817609989,1.2915630022762343,20964,0
hybrid_tdvp,48,0,5,0.5,0.00037631609521715514,5.012807596940547,27176,0
hybrid_tdvp,48,0,6,0.6000000000000001,0.00037785449229610357,12.703030964010395,27304,0
hybrid_tdvp,48,0,7,0.7000000000000001,0.00039830944559848813,20.646958138560876,27304,0
hybrid_tdvp,48,0,8,0.8,0.00046602726434163966,28.598665294935927,27304,0
hybrid_tdvp,48,0,9,0.9,0.0006239817522024627,36.58922889223322,27304,0
hybrid_tdvp,48,0,10,1.0,0.0009869675919144116,44.654272127198055,27304,0
hybrid_tdvp,48,0,11,1.1,0.0017423168944503686,52.74184900627006,27304,0
hybrid_tdvp,48,0,12,1.2000000000000002,0.0031398991586506497,60.74321030813735,27304,0
hybrid_tdvp,48,0,13,1.3,0.005490242220035468,68.75706233596429,27304,0
hybrid_tdvp,48,0,14,1.4000000000000001,0.009367289928388423,76.88405025971588,27304,0
hybrid_tdvp,48,0,15,1.5,0.015187719113557763,85.0936424509855,27304,0
hybrid_tdvp,48,1,0,0.0,0.0,0.0,0,0
hybrid_tdvp,48,1,1,0.1,1.95493735190011e-05,0.09963758813682944,248,0
hybrid_tdvp,48,1,2,0.2,0.00024154870997195044,0.22725066519342363,2204,0
hybrid_tdvp,48,1,3,0.30000000000000004,0.0003706901020489317,0.4682991332374513,10090,0
hybrid_tdvp,48,1,4,0.4,0.0003728685817609989,1.303326743771322,20964,0
hybrid_tdvp,48,1,5,0.5,0.00037631609521715514,5.121335799689405,27176,0
hybrid_tdvp,48,1,6,0.6000000000000001,0.00037785449229610357,12.945041643106379,27304,0
hybrid_tdvp,48,1,7,0.7000000000000001,0.00039830944559848813,21.201353018870577,27304,0
hybrid_tdvp,48,1,8,0.8,0.00046602726434163966,29.34508629969787,27304,0
hybrid_tdvp,48,1,9,0.9,0.0006239817522024627,37.558827713597566,27304,0
hybrid_tdvp,48,1,10,1.0,0.0009869675919144116,45.73931606125552,27304,0
hybrid_tdvp,48,1,11,1.1,0.0017423168944503686,53.88168795732781,27304,0
hybrid_tdvp,48,1,12,1.2000000000000002,0.0031398991586506497,62.03457877028268,27304,0
hybrid_tdvp,48,1,13,1.3,0.005490242220035468,70.25702294579241,27304,0
hybrid_tdvp,48,1,14,1.4000000000000001,0.009367289928388423,79.21886824222747,27304,0
hybrid_tdvp,48,1,15,1.5,0.015187719113557763,88.40779418149032,27304,0
hybrid_tdvp,48,2,0,0.0,0.0,0.0,0,0
hybrid_tdvp,48,2,1,0.1,1.95493735190011e-05,0.10016965796239674,248,0
hybrid_tdvp,48,2,2,0.2,0.00024154870997195044,0.23090785020031035,2204,0
hybrid_tdvp,48,2,3,0.30000000000000004,0.0003706901020489317,0.4792485643411055,10090,0
hybrid_tdvp,48,2,4,0.4,0.0003728685817609989,1.3456979843322188,20964,0
hybrid_tdvp,48,2,5,0.5,0.00037631609521715514,5.370534118032083,27176,0
hybrid_tdvp,48,2,6,0.6000000000000001,0.00037785449229610357,14.491616822662763,27304,0
hybrid_tdvp,48,2,7,0.7000000000000001,0.00039830944559848813,25.025498274248093,27304,0
hybrid_tdvp,48,2,8,0.8,0.00046602726434163966,32.66647389472928,27304,0
hybrid_tdvp,48,2,9,0.9,0.0006239817522024627,39.95959853194654,27304,0
hybrid_tdvp,48,2,10,1.0,0.0009869675919144116,48.19043928280007,27304,0
hybrid_tdvp,48,2,11,1.1,0.0017423168944503686,56.2941407810431,27304,0
hybrid_tdvp,48,2,12,1.2000000000000002,0.0031398991586506497,64.81167618406471,27304,0
hybrid_tdvp,48,2,13,1.3,0.005490242220035468,73.53974604140967,27304,0
hybrid_tdvp,48,2,14,1.4000000000000001,0.009367289928388423,82.03367589786649,27304,0
hybrid_tdvp,48,2,15,1.5,0.015187719113557763,91.62398191879038,27304,0
hybrid_tdvp,64,0,0,0.0,0.0,0.0,0,0
hybrid_tdvp,64,0,1,0.1,1.95493735190011e-05,0.09975135128479451,248,0
hybrid_tdvp,64,0,2,0.2,0.00024154870997195044,0.23012203606776893,2204,0
hybrid_tdvp,64,0,3,0.30000000000000004,0.0003706901020489317,0.48170718911569566,10090,0
hybrid_tdvp,64,0,4,0.4,0.0003728685817609989,1.4127716432558373,20964,0
hybrid_tdvp,64,0,5,0.5,0.0003830777598894386,6.745288094272837,34488,0
hybrid_tdvp,64,0,6,0.6000000000000001,0.000394362607949561,25.767589888651855,43688,0
hybrid_tdvp,64,0,7,0.7000000000000001,0.0004051667021720551,50.39653872093186,43688,0
hybrid_tdvp,64,0,8,0.8,0.000435286055245121,77.08096312219277,43688,0
hybrid_tdvp,64,0,9,0.9,0.0005093094248910246,103.70756514929235,43688,0
hybrid_tdvp,64,0,10,1.0,0.0006975125681375483,130.31789496005513,43688,0
hybrid_tdvp,64,0,11,1.1,0.0011284990184996513,156.8030681986129,43688,0
hybrid_tdvp,64,0,12,1.2000000000000002,0.001914903994546413,183.42366206715815,43688,0
hybrid_tdvp,64,0,13,1.3,0.0031865641109152243,210.03469586814754,43688,0
hybrid_tdvp,64,0,14,1.4000000000000001,0.005018892368674588,236.6750930203125,43688,0
hybrid_tdvp,64,0,15,1.5,0.007683931968177737,263.49981664982624,43688,0
hybrid_tdvp,64,1,0,0.0,0.0,0.0,0,0
hybrid_tdvp,64,1,1,0.1,1.95493735190011e-05,0.10013747692573816,248,0
hybrid_tdvp,64,1,2,0.2,0.00024154870997195044,0.22840937017463148,2204,0
hybrid_tdvp,64,1,3,0.30000000000000004,0.0003706901020489317,0.4744003197411075,10090,0
hybrid_tdvp,64,1,4,0.4,0.0003728685817609989,1.3268993558594957,20964,0
hybrid_tdvp,64,1,5,0.5,0.0003830777598894386,6.074007917311974,34488,0
hybrid_tdvp,64,1,6,0.6000000000000001,0.000394362607949561,23.866623642970808,43688,0
hybrid_tdvp,64,1,7,0.7000000000000001,0.0004051667021720551,48.19145658495836,43688,0
hybrid_tdvp,64,1,8,0.8,0.000435286055245121,74.69457883574069,43688,0
hybrid_tdvp,64,1,9,0.9,0.0005093094248910246,101.56392458884511,43688,0
hybrid_tdvp,64,1,10,1.0,0.0006975125681375483,130.28603815368842,43688,0
hybrid_tdvp,64,1,11,1.1,0.0011284990184996513,157.72306179231964,43688,0
hybrid_tdvp,64,1,12,1.2000000000000002,0.001914903994546413,185.02121925610118,43688,0
hybrid_tdvp,64,1,13,1.3,0.0031865641109152243,212.90941969573032,43688,0
hybrid_tdvp,64,1,14,1.4000000000000001,0.005018892368674588,240.1516428445466,43688,0
hybrid_tdvp,64,1,15,1.5,0.007683931968177737,266.4099175014999,43688,0
hybrid_tdvp,64,2,0,0.0,0.0,0.0,0,0
hybrid_tdvp,64,2,1,0.1,1.95493735190011e-05,0.10235622012987733,248,0
hybrid_tdvp,64,2,2,0.2,0.00024154870997195044,0.24431527289561927,2204,0
hybrid_tdvp,64,2,3,0.30000000000000004,0.0003706901020489317,0.48910770774818957,10090,0
hybrid_tdvp,64,2,4,0.4,0.0003728685817609989,1.3086397361475974,20964,0
hybrid_tdvp,64,2,5,0.5,0.0003830777598894386,5.805480115697719,34488,0
hybrid_tdvp,64,2,6,0.6000000000000001,0.000394362607949561,23.0279206285486,43688,0
hybrid_tdvp,64,2,7,0.7000000000000001,0.0004051667021720551,48.399554415256716,43688,0
hybrid_tdvp,64,2,8,0.8,0.000435286055245121,74.46441326558124,43688,0
hybrid_tdvp,64,2,9,0.9,0.0005093094248910246,101.31275891826954,43688,0
hybrid_tdvp,64,2,10,1.0,0.0006975125681375483,127.34712930582464,43688,0
hybrid_tdvp,64,2,11,1.1,0.0011284990184996513,153.29320032778196,43688,0
hybrid_tdvp,64,2,12,1.2000000000000002,0.001914903994546413,179.58241007931065,43688,0
hybrid_tdvp,64,2,13,1.3,0.0031865641109152243,205.53055644058622,43688,0
hybrid_tdvp,64,2,14,1.4000000000000001,0.005018892368674588,231.54426696023438,43688,0
hybrid_tdvp,64,2,15,1.5,0.007683931968177737,257.54719686636236,43688,0
mpo_zipup,8,0,0,0.0,0.0,0.0,0,0
mpo_zipup,8,0,1,0.1,0.0006863544982821379,0.048570471233688295,1448,0
mpo_zipup,8,0,2,0.2,0.008653036564279737,0.10332511458545923,1448,0
mpo_zipup,8,0,3,0.30000000000000004,0.0321583376800022,0.15959139785263687,1528,0
mpo_zipup,8,1,0,0.0,0.0,0.0,0,0
mpo_zipup,8,1,1,0.1,0.0006863544982821379,0.0480096178362146,1448,0
mpo_zipup,8,1,2,0.2,0.008653036564279737,0.1010747856926173,1448,0
mpo_zipup,8,1,3,0.30000000000000004,0.0321583376800022,0.15542259474750608,1528,0
mpo_zipup,8,2,0,0.0,0.0,0.0,0,0
mpo_zipup,8,2,1,0.1,0.0006863544982821379,0.05422636808361858,1448,0
mpo_zipup,8,2,2,0.2,0.008653036564279737,0.10713264881633222,1448,0
mpo_zipup,8,2,3,0.30000000000000004,0.0321583376800022,0.16497059573885053,1528,0
mpo_zipup,12,0,0,0.0,0.0,0.0,0,0
mpo_zipup,12,0,1,0.1,5.992186563164026e-06,0.04787208861671388,2856,0
mpo_zipup,12,0,2,0.2,0.0003930703327764684,0.11049242131412029,3048,0
mpo_zipup,12,0,3,0.30000000000000004,0.003478999805021421,0.17468068620655686,3096,0
mpo_zipup,12,0,4,0.4,0.015139303397887827,0.23837183637078851,3096,0
mpo_zipup,12,1,0,0.0,0.0,0.0,0,0
mpo_zipup,12,1,1,0.1,5.992186563164026e-06,0.0595569615252316,2856,0
mpo_zipup,12,1,2,0.2,0.0003930703327764684,0.12202600867021829,3048,0
mpo_zipup,12,1,3,0.30000000000000004,0.003478999805021421,0.18575627263635397,3096,0
mpo_zipup,12,1,4,0.4,0.015139303397887827,0.24926853366196156,3096,0
mpo_zipup,12,2,0,0.0,0.0,0.0,0,0
mpo_zipup,12,2,1,0.1,5.992186563164026e-06,0.049291465198621154,2856,0
mpo_zipup,12,2,2,0.2,0.0003930703327764684,0.11244891444221139,3048,0
mpo_zipup,12,2,3,0.30000000000000004,0.003478999805021421,0.1851613725302741,3096,0
mpo_zipup,12,2,4,0.4,0.015139303397887827,0.25507883669342846,3096,0
mpo_zipup,16,0,0,0.0,0.0,0.0,0,0
mpo_zipup,16,0,1,0.1,-3.304023721284466e-13,0.04845484404359013,4776,0
mpo_zipup,16,0,2,0.2,9.225579870775213e-05,0.12192085396964103,5144,0
mpo_zipup,16,0,3,0.30000000000000004,0.0012393630459590632,0.19535678264219314,5240,0
mpo_zipup,16,0,4,0.4,0.006183232821072693,0.26993286970537156,5240,0
mpo_zipup,16,0,5,0.5,0.01883797993596703,0.3455113054951653,5240,0
mpo_zipup,16,1,0,0.0,0.0,0.0,0,0
mpo_zipup,16,1,1,0.1,-3.304023721284466e-13,0.049258368904702365,4776,0
mpo_zipup,16,1,2,0.2,9.225579870775213e-05,0.12349113391246647,5144,0
mpo_zipup,16,1,3,0.30000000000000004,0.0012393630459590632,0.19918182084802538,5240,0
mpo_zipup,16,1,4,0.4,0.006183232821072693,0.27475883485749364,5240,0
mpo_zipup,16,1,5,0.5,0.01883797993596703,0.350192888523452,5240,0
mpo_zipup,16,2,0,0.0,0.0,0.0,0,0
mpo_zipup,16,2,1,0.1,-3.304023721284466e-13,0.054245203151367605,4776,0
mpo_zipup,16,2,2,0.2,9.225579870775213e-05,0.13086459785699844,5144,0
mpo_zipup,16,2,3,0.30000000000000004,0.0012393630459590632,0.20630445913411677,5240,0
mpo_zipup,16,2,4,0.4,0.006183232821072693,0.2813339299755171,5240,0
mpo_zipup,16,2,5,0.5,0.01883797993596703,0.3572781786788255,5240,0
mpo_zipup,24,0,0,0.0,0.0,0.0,0,0
mpo_zipup,24,0,1,0.1,-3.304023721284466e-13,0.04922373732551932,4776,0
mpo_zipup,24,0,2,0.2,7.837092399531898e-05,0.13503970636520535,10232,0
mpo_zipup,24,0,3,0.30000000000000004,0.0011731014888255453,0.2679560554679483,10232,0
mpo_zipup,24,0,4,0.4,0.016141936909581656,0.3781897323206067,10232,0
mpo_zipup,24,1,0,0.0,0.0,0.0,0,0
mpo_zipup,24,1,1,0.1,-3.304023721284466e-13,0.04862406221218407,4776,0
mpo_zipup,24,1,2,0.2,7.837092399531898e-05,0.1352435025619343,10232,0
mpo_zipup,24,1,3,0.30000000000000004,0.0011731014888255453,0.23794280947186053,10232,0
mpo_zipup,24,1,4,0.4,0.016141936909581656,0.34077778877690434,10232,0
mpo_zipup,24,2,0,0.0,0.0,0.0,0,0
mpo_zipup,24,2,1,0.1,-3.304023721284466e-13,0.05034727638121694,4776,0
mpo_zipup,24,2,2,0.2,7.837092399531898e-05,0.13773813552688807,10232,0
mpo_zipup,24,2,3,0.30000000000000004,0.0011731014888255453,0.24370720575097948,10232,0
mpo_zipup,24,2,4,0.4,0.016141936909581656,0.34945748711470515,10232,0
mpo_zipup,32,0,0,0.0,0.0,0.0,0,0
mpo_zipup,32,0,1,0.1,-3.304023721284466e-13,0.04796832078136504,4776,0
mpo_zipup,32,0,2,0.2,8.605327199484591e-05,0.1511077545583248,15896,0
mpo_zipup,32,0,3,0.30000000000000004,0.005045405806757386,0.3030802165158093,17016,0
mpo_zipup,32,0,4,0.4,0.017819169958300796,0.45548936969134957,17016,0
mpo_zipup,32,1,0,0.0,0.0,0.0,0,0
mpo_zipup,32,1,1,0.1,-3.304023721284466e-13,0.04844712500926107,4776,0
mpo_zipup,32,1,2,0.2,8.605327199484591e-05,0.15203192364424467,15896,0
mpo_zipup,32,1,3,0.30000000000000004,0.005045405806757386,0.30236332572530955,17016,0
mpo_zipup,32,1,4,0.4,0.017819169958300796,0.4522939455928281,17016,0
mpo_zipup,32,2,0,0.0,0.0,0.0,0,0
mpo_zipup,32,2,1,0.1,-3.304023721284466e-13,0.04855618008878082,4776,0
mpo_zipup,32,2,2,0.2,8.605327199484591e-05,0.15179492707829922,15896,0
mpo_zipup,32,2,3,0.30000000000000004,0.005045405806757386,0.30802407767623663,17016,0
mpo_zipup,32,2,4,0.4,0.017819169958300796,0.465708929579705,17016,0
mpo_zipup,48,0,0,0.0,0.0,0.0,0,0
mpo_zipup,48,0,1,0.1,-3.304023721284466e-13,0.047535282326862216,4776,0
mpo_zipup,48,0,2,0.2,1.5856428472682538e-05,0.17421892588026822,27304,0
mpo_zipup,48,0,3,0.30000000000000004,0.00037852874926080915,0.4306741381296888,33768,0
mpo_zipup,48,0,4,0.4,0.0028752471601460883,0.6967585274251178,33768,0
mpo_zipup,48,0,5,0.5,0.010098454268815726,0.9632311365567148,33768,0
mpo_zipup,48,1,0,0.0,0.0,0.0,0,0
mpo_zipup,48,1,1,0.1,-3.304023721284466e-13,0.05071126692928374,4776,0
mpo_zipup,48,1,2,0.2,1.5856428472682538e-05,0.17924394051078707,27304,0
mpo_zipup,48,1,3,0.30000000000000004,0.00037852874926080915,0.4337674368871376,33768,0
mpo_zipup,48,1,4,0.4,0.0028752471601460883,0.695259194355458,33768,0
mpo_zipup,48,1,5,0.5,0.010098454268815726,0.9590299444971606,33768,0
mpo_zipup,48,2,0,0.0,0.0,0.0,0,0
mpo_zipup,48,2,1,0.1,-3.304023721284466e-13,0.048632437945343554,4776,0
mpo_zipup,48,2,2,0.2,1.5856428472682538e-05,0.17752091318834573,27304,0
mpo_zipup,48,2,3,0.30000000000000004,0.00037852874926080915,0.43381316971499473,33768,0
mpo_zipup,48,2,4,0.4,0.0028752471601460883,0.7002798869507387,33768,0
mpo_zipup,48,2,5,0.5,0.010098454268815726,0.9650393238989636,33768,0
mpo_zipup,64,0,0,0.0,0.0,0.0,0,0
mpo_zipup,64,0,1,0.1,-3.304023721284466e-13,0.04774700244888663,4776,0
mpo_zipup,64,0,2,0.2,1.5677843859918106e-05,0.21061811689287424,41896,0
mpo_zipup,64,0,3,0.30000000000000004,0.00023517873450329407,0.6222974886186421,53736,0
mpo_zipup,64,0,4,0.4,0.0014280943817491787,1.0943949993234128,56808,0
mpo_zipup,64,0,5,0.5,0.004970672759051942,1.5573668774450198,56808,0
mpo_zipup,64,0,6,0.6000000000000001,0.01308757636959268,2.0184654713375494,56808,0
mpo_zipup,64,1,0,0.0,0.0,0.0,0,0
mpo_zipup,64,1,1,0.1,-3.304023721284466e-13,0.048513741814531386,4776,0
mpo_zipup,64,1,2,0.2,1.5677843859918106e-05,0.2119584248866886,41896,0
mpo_zipup,64,1,3,0.30000000000000004,0.00023517873450329407,0.6272592042805627,53736,0
mpo_zipup,64,1,4,0.4,0.0014280943817491787,1.093038120190613,56808,0
mpo_zipup,64,1,5,0.5,0.004970672759051942,1.5547575794626027,56808,0
mpo_zipup,64,1,6,0.6000000000000001,0.01308757636959268,2.0172523442888632,56808,0
mpo_zipup,64,2,0,0.0,0.0,0.0,0,0
mpo_zipup,64,2,1,0.1,-3.304023721284466e-13,0.048574942047707736,4776,0
mpo_zipup,64,2,2,0.2,1.5677843859918106e-05,0.2116205063648522,41896,0
mpo_zipup,64,2,3,0.30000000000000004,0.00023517873450329407,0.6229843649780378,53736,0
mpo_zipup,64,2,4,0.4,0.0014280943817491787,1.095951339812018,56808,0
mpo_zipup,64,2,5,0.5,0.004970672759051942,1.5554403709247708,56808,0
mpo_zipup,64,2,6,0.6000000000000001,0.01308757636959268,2.028350467211567,56808,0
mpo_zipup,96,0,0,0.0,0.0,0.0,0,0
mpo_zipup,96,0,1,0.1,-3.304023721284466e-13,0.04816461994778365,4776,0
mpo_zipup,96,0,2,0.2,5.416756743148454e-08,0.25316764193121344,80040,0
mpo_zipup,96,0,3,0.30000000000000004,8.84620902508182e-06,1.121416834066622,105960,0
mpo_zipup,96,0,4,0.4,0.00013132667024617906,2.0011230029631406,105960,0
mpo_zipup,96,0,5,0.5,0.0008438536118497986,2.880571464658715,105960,0
mpo_zipup,96,0,6,0.6000000000000001,0.003728114725522258,3.7559506841935217,105960,0
mpo_zipup,96,0,7,0.7000000000000001,0.010162296351155842,4.633063448127359,105960,0
mpo_zipup,96,1,0,0.0,0.0,0.0,0,0
mpo_zipup,96,1,1,0.1,-3.304023721284466e-13,0.04842191084753722,4776,0
mpo_zipup,96,1,2,0.2,5.416756743148454e-08,0.24762861209455878,80040,0
mpo_zipup,96,1,3,0.30000000000000004,8.84620902508182e-06,1.1039630608865991,105960,0
mpo_zipup,96,1,4,0.4,0.00013132667024617906,1.9729302565101534,105960,0
mpo_zipup,96,1,5,0.5,0.0008438536118497986,2.8520100609166548,105960,0
mpo_zipup,96,1,6,0.6000000000000001,0.003728114725522258,3.7253877142211422,105960,0
mpo_zipup,96,1,7,0.7000000000000001,0.010162296351155842,4.601629418088123,105960,0
mpo_zipup,96,2,0,0.0,0.0,0.0,0,0
mpo_zipup,96,2,1,0.1,-3.304023721284466e-13,0.04921743005979806,4776,0
mpo_zipup,96,2,2,0.2,5.416756743148454e-08,0.24996142950840294,80040,0
mpo_zipup,96,2,3,0.30000000000000004,8.84620902508182e-06,1.1038128992076963,105960,0
mpo_zipup,96,2,4,0.4,0.00013132667024617906,1.9681184698129073,105960,0
mpo_zipup,96,2,5,0.5,0.0008438536118497986,2.850011525093578,105960,0
mpo_zipup,96,2,6,0.6000000000000001,0.003728114725522258,3.7302564083365723,105960,0
mpo_zipup,96,2,7,0.7000000000000001,0.010162296351155842,4.6050918562104926,105960,0
mpo_zipup,128,0,0,0.0,0.0,0.0,0,0
mpo_zipup,128,0,1,0.1,-3.304023721284466e-13,0.048112393473275006,4776,0
mpo_zipup,128,0,2,0.2,1.532064134446287e-07,0.28382394241634756,117544,0
mpo_zipup,128,0,3,0.30000000000000004,8.096686011871412e-06,1.7549260635860264,168808,0
mpo_zipup,128,0,4,0.4,7.513170233375277e-05,3.3079057114664465,171496,0
mpo_zipup,128,0,5,0.5,0.0004363025453962832,4.89775790751446,171496,0
mpo_zipup,128,0,6,0.6000000000000001,0.0016488606214625223,6.481918397475965,171496,0
mpo_zipup,128,0,7,0.7000000000000001,0.004552421723924005,8.074609662755392,171496,0
mpo_zipup,128,0,8,0.8,0.009893602533644352,9.69895178405568,171496,0
mpo_zipup,128,0,9,0.9,0.01880491876271595,11.297117259935476,171496,0
mpo_zipup,128,1,0,0.0,0.0,0.0,0,0
mpo_zipup,128,1,1,0.1,-3.304023721284466e-13,0.048248841892927885,4776,0
mpo_zipup,128,1,2,0.2,1.532064134446287e-07,0.2844339800067246,117544,0
mpo_zipup,128,1,3,0.30000000000000004,8.096686011871412e-06,1.7668183589121327,168808,0
mpo_zipup,128,1,4,0.4,7.513170233375277e-05,3.3318519241875038,171496,0
mpo_zipup,128,1,5,0.5,0.0004363025453962832,4.9177538068033755,171496,0
mpo_zipup,128,1,6,0.6000000000000001,0.0016488606214625223,6.506898888736032,171496,0
mpo_zipup,128,1,7,0.7000000000000001,0.004552421723924005,8.097041394445114,171496,0
mpo_zipup,128,1,8,0.8,0.009893602533644352,9.68432676664088,171496,0
mpo_zipup,128,1,9,0.9,0.01880491876271595,11.279694339842536,171496,0
mpo_zipup,128,2,0,0.0,0.0,0.0,0,0
mpo_zipup,128,2,1,0.1,-3.304023721284466e-13,0.048846442019566894,4776,0
mpo_zipup,128,2,2,0.2,1.532064134446287e-07,0.2883970452239737,117544,0
mpo_zipup,128,2,3,0.30000000000000004,8.096686011871412e-06,1.7743151962058619,168808,0
mpo_zipup,128,2,4,0.4,7.513170233375277e-05,3.3324551733676344,171496,0
mpo_zipup,128,2,5,0.5,0.0004363025453962832,4.915733785717748,171496,0
mpo_zipup,128,2,6,0.6000000000000001,0.0016488606214625223,6.497227756888606,171496,0
mpo_zipup,128,2,7,0.7000000000000001,0.004552421723924005,8.108776159584522,171496,0
mpo_zipup,128,2,8,0.8,0.009893602533644352,9.693940219352953,171496,0
mpo_zipup,128,2,9,0.9,0.01880491876271595,11.27912199147977,171496,0
mpo_zipup,192,0,0,0.0,0.0,0.0,0,0
mpo_zipup,192,0,1,0.1,-3.304023721284466e-13,0.04873204347677529,4776,0
mpo_zipup,192,0,2,0.2,2.3441248941935555e-12,0.28674657188821584,155952,0
mpo_zipup,192,0,3,0.30000000000000004,4.948722764908098e-09,2.550401377142407,282600,0
mpo_zipup,192,0,4,0.4,3.8117981604468554e-07,5.152327444870025,286184,0
mpo_zipup,192,0,5,0.5,6.284595418959427e-06,7.754822752554901,286184,0
mpo_zipup,192,0,6,0.6000000000000001,4.156943247746181e-05,10.383402400650084,286184,0
mpo_zipup,192,0,7,0.7000000000000001,0.0002024204010392383,13.009394340217113,286184,0
mpo_zipup,192,0,8,0.8,0.0006401488906315755,15.763369032763876,286184,0
mpo_zipup,192,0,9,0.9,0.0014626252025760067,18.383423854247667,286184,0
mpo_zipup,192,0,10,1.0,0.002832588710563244,21.012440305785276,286184,0
mpo_zipup,192,0,11,1.1,0.004981867254532979,23.653319632518105,286184,0
mpo_zipup,192,0,12,1.2000000000000002,0.00834933285111672,26.27444432640914,286184,0
mpo_zipup,192,0,13,1.3,0.013308861575643038,28.91505613224581,286184,0
mpo_zipup,192,1,0,0.0,0.0,0.0,0,0
mpo_zipup,192,1,1,0.1,-3.304023721284466e-13,0.0486474932404235,4776,0
mpo_zipup,192,1,2,0.2,2.3441248941935555e-12,0.29023117723409086,155952,0
mpo_zipup,192,1,3,0.30000000000000004,4.948722764908098e-09,2.5520187719957903,282600,0
mpo_zipup,192,1,4,0.4,3.8117981604468554e-07,5.149980014772154,286184,0
mpo_zipup,192,1,5,0.5,6.284595418959427e-06,7.785299284732901,286184,0
mpo_zipup,192,1,6,0.6000000000000001,4.156943247746181e-05,10.372920884401537,286184,0
mpo_zipup,192,1,7,0.7000000000000001,0.0002024204010392383,12.984751463867724,286184,0
mpo_zipup,192,1,8,0.8,0.0006401488906315755,15.753316593705676,286184,0
mpo_zipup,192,1,9,0.9,0.0014626252025760067,18.429626269149594,286184,0
mpo_zipup,192,1,10,1.0,0.002832588710563244,21.10188507346902,286184,0
mpo_zipup,192,1,11,1.1,0.004981867254532979,23.731935143470764,286184,0
mpo_zipup,192,1,12,1.2000000000000002,0.00834933285111672,26.347187058418058,286184,0
mpo_zipup,192,1,13,1.3,0.013308861575643038,28.97650105843786,286184,0
mpo_zipup,192,2,0,0.0,0.0,0.0,0,0
mpo_zipup,192,2,1,0.1,-3.304023721284466e-13,0.04868175997398794,4776,0
mpo_zipup,192,2,2,0.2,2.3441248941935555e-12,0.29105615825392306,155952,0
mpo_zipup,192,2,3,0.30000000000000004,4.948722764908098e-09,2.555818918044679,282600,0
mpo_zipup,192,2,4,0.4,3.8117981604468554e-07,5.197035958874039,286184,0
mpo_zipup,192,2,5,0.5,6.284595418959427e-06,7.823359940317459,286184,0
mpo_zipup,192,2,6,0.6000000000000001,4.156943247746181e-05,10.443000391940586,286184,0
mpo_zipup,192,2,7,0.7000000000000001,0.0002024204010392383,13.106371721951291,286184,0
mpo_zipup,192,2,8,0.8,0.0006401488906315755,15.888241234933957,286184,0
mpo_zipup,192,2,9,0.9,0.0014626252025760067,18.49817429401446,286184,0
mpo_zipup,192,2,10,1.0,0.002832588710563244,21.115079586510547,286184,0
mpo_zipup,192,2,11,1.1,0.004981867254532979,23.769967355416156,286184,0
mpo_zipup,192,2,12,1.2000000000000002,0.00834933285111672,26.401135545922443,286184,0
mpo_zipup,192,2,13,1.3,0.013308861575643038,29.03797874832526,286184,0
mpo_zipup,256,0,0,0.0,0.0,0.0,0,0
mpo_zipup,256,0,1,0.1,-3.304023721284466e-13,0.05516354681458324,4776,0
mpo_zipup,256,0,2,0.2,-1.1102230246251565e-14,0.2966990355635062,188936,0
mpo_zipup,256,0,3,0.30000000000000004,1.4166445794216997e-13,2.8993748783832416,336840,0
mpo_zipup,256,0,4,0.4,2.8554936193359026e-13,6.409781655529514,381992,0
mpo_zipup,256,0,5,0.5,4.996003610813204e-13,10.33076109807007,411402,0
mpo_zipup,256,0,6,0.6000000000000001,6.021849685566849e-13,14.559609475545585,430064,0
mpo_zipup,256,0,7,0.7000000000000001,6.481482017761664e-13,18.81691084348131,432872,0
mpo_zipup,256,0,8,0.8,6.838973831690964e-13,23.064360053976998,433640,0
mpo_zipup,256,0,9,0.9,6.81010803305071e-13,27.365939422976226,433640,0
mpo_zipup,256,0,10,1.0,6.834532939592464e-13,31.60194195166696,433640,0
mpo_zipup,256,0,11,1.1,6.816769371198461e-13,35.89547759247944,433640,0
mpo_zipup,256,0,12,1.2000000000000002,6.989964163039986e-13,40.16389025619719,433640,0
mpo_zipup,256,0,13,1.3,6.94777568810423e-13,44.40197534032632,433640,0
mpo_zipup,256,0,14,1.4000000000000001,6.790124018607457e-13,48.67185728286859,433640,0
mpo_zipup,256,0,15,1.5,6.901146321069973e-13,52.931332038366236,433640,0
mpo_zipup,256,1,0,0.0,0.0,0.0,0,0
mpo_zipup,256,1,1,0.1,-3.304023721284466e-13,0.04882793128490448,4776,0
mpo_zipup,256,1,2,0.2,-1.1102230246251565e-14,0.29458987759426236,188936,0
mpo_zipup,256,1,3,0.30000000000000004,1.4166445794216997e-13,2.903479766799137,336840,0
mpo_zipup,256,1,4,0.4,2.8554936193359026e-13,6.459630341036245,381992,0
mpo_zipup,256,1,5,0.5,4.996003610813204e-13,10.38997944490984,411402,0
mpo_zipup,256,1,6,0.6000000000000001,6.021849685566849e-13,14.548924524104223,430064,0
mpo_zipup,256,1,7,0.7000000000000001,6.481482017761664e-13,18.791466156952083,432872,0
mpo_zipup,256,1,8,0.8,6.838973831690964e-13,23.045393985230476,433640,0
mpo_zipup,256,1,9,0.9,6.81010803305071e-13,27.30368472111877,433640,0
mpo_zipup,256,1,10,1.0,6.834532939592464e-13,31.516290950938128,433640,0
mpo_zipup,256,1,11,1.1,6.816769371198461e-13,35.80171976308338,433640,0
mpo_zipup,256,1,12,1.2000000000000002,6.989964163039986e-13,40.1406327097211,433640,0
mpo_zipup,256,1,13,1.3,6.94777568810423e-13,44.398185627767816,433640,0
mpo_zipup,256,1,14,1.4000000000000001,6.790124018607457e-13,48.66684651048854,433640,0
mpo_zipup,256,1,15,1.5,6.901146321069973e-13,52.93888680136297,433640,0
mpo_zipup,256,2,0,0.0,0.0,0.0,0,0
mpo_zipup,256,2,1,0.1,-3.304023721284466e-13,0.049094841815531254,4776,0
mpo_zipup,256,2,2,0.2,-1.1102230246251565e-14,0.29485655459575355,188936,0
mpo_zipup,256,2,3,0.30000000000000004,1.4166445794216997e-13,2.919904747977853,336840,0
mpo_zipup,256,2,4,0.4,2.8554936193359026e-13,6.398355594836175,381992,0
mpo_zipup,256,2,5,0.5,4.996003610813204e-13,10.311628847615793,411402,0
mpo_zipup,256,2,6,0.6000000000000001,6.021849685566849e-13,14.479617982404307,430064,0
mpo_zipup,256,2,7,0.7000000000000001,6.481482017761664e-13,18.70001890603453,432872,0
mpo_zipup,256,2,8,0.8,6.838973831690964e-13,22.942514510825276,433640,0
mpo_zipup,256,2,9,0.9,6.81010803305071e-13,27.169805825687945,433640,0
mpo_zipup,256,2,10,1.0,6.834532939592464e-13,31.422752915532328,433640,0
mpo_zipup,256,2,11,1.1,6.816769371198461e-13,35.65373493114021,433640,0
mpo_zipup,256,2,12,1.2000000000000002,6.989964163039986e-13,39.884215893107466,433640,0
mpo_zipup,256,2,13,1.3,6.94777568810423e-13,44.140005276189186,433640,0
mpo_zipup,256,2,14,1.4000000000000001,6.790124018607457e-13,48.428165281773545,433640,0
mpo_zipup,256,2,15,1.5,6.901146321069973e-13,52.69267898751423,433640,0
tebd_swap,2,0,0,0.0,0.0,0.0,0,0
tebd_swap,2,0,1,0.1,0.00031031511667811706,0.026941454503685236,120,0
tebd_swap,2,0,2,0.2,0.007826882102618282,0.053858760627917945,120,0
tebd_swap,2,0,3,0.30000000000000004,0.04178636723987805,0.07988239964470267,120,0
tebd_swap,2,1,0,0.0,0.0,0.0,0,0
tebd_swap,2,1,1,0.1,0.00031031511667811706,0.028674176777713,120,0
tebd_swap,2,1,2,0.2,0.007826882102618282,0.05568552087061107,120,0
tebd_swap,2,1,3,0.30000000000000004,0.04178636723987805,0.08323532249778509,120,0
tebd_swap,2,2,0,0.0,0.0,0.0,0,0
tebd_swap,2,2,1,0.1,0.00031031511667811706,0.02739320823457092,120,0
tebd_swap,2,2,2,0.2,0.007826882102618282,0.05477480101399124,120,0
tebd_swap,2,2,3,0.30000000000000004,0.04178636723987805,0.0815260352101177,120,0
tebd_swap,4,0,0,0.0,0.0,0.0,0,0
tebd_swap,4,0,1,0.1,0.0003270309604881394,0.026519030332565308,424,0
tebd_swap,4,0,2,0.2,0.009534087306631966,0.053826454328373075,424,0
tebd_swap,4,0,3,0.30000000000000004,0.05027389426835527,0.0811440214747563,424,0
tebd_swap,4,1,0,0.0,0.0,0.0,0,0
tebd_swap,4,1,1,0.1,0.0003270309604881394,0.027804581681266427,424,0
tebd_swap,4,1,2,0.2,0.009534087306631966,0.05557982553727925,424,0
tebd_swap,4,1,3,0.30000000000000004,0.05027389426835527,0.08320214226841927,424,0
tebd_swap,4,2,0,0.0,0.0,0.0,0,0
tebd_swap,4,2,1,0.1,0.0003270309604881394,0.028133143670856953,424,0
tebd_swap,4,2,2,0.2,0.009534087306631966,0.056621168623678386,424,0
tebd_swap,4,2,3,0.30000000000000004,0.05027389426835527,0.08545013470575213,424,0
tebd_swap,8,0,0,0.0,0.0,0.0,0,0
tebd_swap,8,0,1,0.1,0.0003370056730866988,0.028680438408628106,1448,0
tebd_swap,8,0,2,0.2,0.012984480758517103,0.06696723925415426,1448,0
tebd_swap,8,1,0,0.0,0.0,0.0,0,0
tebd_swap,8,1,1,0.1,0.0003370056730866988,0.029264429002068937,1448,0
tebd_swap,8,1,2,0.2,0.012984480758517103,0.061815708060748875,1448,0
tebd_swap,8,2,0,0.0,0.0,0.0,0,0
tebd_swap,8,2,1,0.1,0.0003370056730866988,0.029296456021256745,1448,0
tebd_swap,8,2,2,0.2,0.012984480758517103,0.06256215332541615,1448,0
tebd_swap,12,0,0,0.0,0.0,0.0,0,0
tebd_swap,12,0,1,0.1,2.5569449997764337e-05,0.028114809887483716,2856,0
tebd_swap,12,0,2,0.2,0.0144765433469215,0.0655312977032736,2856,0
tebd_swap,12,1,0,0.0,0.0,0.0,0,0
tebd_swap,12,1,1,0.1,2.5569449997764337e-05,0.029768175329081714,2856,0
tebd_swap,12,1,2,0.2,0.0144765433469215,0.06707186426501721,2856,0
tebd_swap,12,2,0,0.0,0.0,0.0,0,0
tebd_swap,12,2,1,0.1,2.5569449997764337e-05,0.030345242586918175,2856,0
tebd_swap,12,2,2,0.2,0.0144765433469215,0.06904204015154392,2856,0
tebd_swap,16,0,0,0.0,0.0,0.0,0,0
tebd_swap,16,0,1,0.1,-3.3217872896784684e-13,0.029516114154830575,4776,0
tebd_swap,16,0,2,0.2,0.0032408087688381437,0.07383295183535665,4776,0
tebd_swap,16,0,3,0.30000000000000004,0.04338924112007547,0.12075673381332308,4776,0
tebd_swap,16,1,0,0.0,0.0,0.0,0,0
tebd_swap,16,1,1,0.1,-3.3217872896784684e-13,0.029020255315117538,4776,0
tebd_swap,16,1,2,0.2,0.0032408087688381437,0.07168407237622887,4776,0
tebd_swap,16,1,3,0.30000000000000004,0.04338924112007547,0.11649743083398789,4776,0
tebd_swap,16,2,0,0.0,0.0,0.0,0,0
tebd_swap,16,2,1,0.1,-3.3217872896784684e-13,0.02940769016277045,4776,0
tebd_swap,16,2,2,0.2,0.0032408087688381437,0.07316304359119385,4776,0
tebd_swap,16,2,3,0.30000000000000004,0.04338924112007547,0.11797947494778782,4776,0
tebd_swap,24,0,0,0.0,0.0,0.0,0,0
tebd_swap,24,0,1,0.1,-3.3217872896784684e-13,0.028599699260666966,4776,0
tebd_swap,24,0,2,0.2,0.0017351247017680649,0.07790601730812341,9128,0
tebd_swap,24,0,3,0.30000000000000004,0.030302893722474522,0.13680186832789332,9128,0
tebd_swap,24,1,0,0.0,0.0,0.0,0,0
tebd_swap,24,1,1,0.1,-3.3217872896784684e-13,0.0287840316304937,4776,0
tebd_swap,24,1,2,0.2,0.0017351247017680649,0.07703361904714257,9128,0
tebd_swap,24,1,3,0.30000000000000004,0.030302893722474522,0.13608346914406866,9128,0
tebd_swap,24,2,0,0.0,0.0,0.0,0,0
tebd_swap,24,2,1,0.1,-3.3217872896784684e-13,0.029959348612464964,4776,0
tebd_swap,24,2,2,0.2,0.0017351247017680649,0.07988199556712061,9128,0
tebd_swap,24,2,3,0.30000000000000004,0.030302893722474522,0.14027084049303085,9128,0
tebd_swap,32,0,0,0.0,0.0,0.0,0,0
tebd_swap,32,0,1,0.1,-3.3217872896784684e-13,0.030189046170562506,4776,0
tebd_swap,32,0,2,0.2,0.0008587725509182631,0.0881824103416875,15016,0
tebd_swap,32,0,3,0.30000000000000004,0.022290900492101695,0.1702968570170924,15016,0
tebd_swap,32,1,0,0.0,0.0,0.0,0,0
tebd_swap,32,1,1,0.1,-3.3217872896784684e-13,0.028941723401658237,4776,0
tebd_swap,32,1,2,0.2,0.0008587725509182631,0.0861394985113293,15016,0
tebd_swap,32,1,3,0.30000000000000004,0.022290900492101695,0.16759601328521967,15016,0
tebd_swap,32,2,0,0.0,0.0,0.0,0,0
tebd_swap,32,2,1,0.1,-3.3217872896784684e-13,0.031148895737715065,4776,0
tebd_swap,32,2,2,0.2,0.0008587725509182631,0.09037759050261229,15016,0
tebd_swap,32,2,3,0.30000000000000004,0.022290900492101695,0.17419395048636943,15016,0
tebd_swap,48,0,0,0.0,0.0,0.0,0,0
tebd_swap,48,0,1,0.1,-3.3217872896784684e-13,0.028338814852759242,4776,0
tebd_swap,48,0,2,0.2,0.0010663557856499528,0.10030867205932736,27304,0
tebd_swap,48,0,3,0.30000000000000004,0.02757544162708958,0.2294301602523774,27304,0
tebd_swap,48,1,0,0.0,0.0,0.0,0,0
tebd_swap,48,1,1,0.1,-3.3217872896784684e-13,0.029536070069298148,4776,0
tebd_swap,48,1,2,0.2,0.0010663557856499528,0.09956938622053713,27304,0
tebd_swap,48,1,3,0.30000000000000004,0.02757544162708958,0.22772322746459395,27304,0
tebd_swap,48,2,0,0.0,0.0,0.0,0,0
tebd_swap,48,2,1,0.1,-3.3217872896784684e-13,0.028997600893490016,4776,0
tebd_swap,48,2,2,0.2,0.0010663557856499528,0.09994800796266645,27304,0
tebd_swap,48,2,3,0.30000000000000004,0.02757544162708958,0.22640511312056333,27304,0
tebd_swap,64,0,0,0.0,0.0,0.0,0,0
tebd_swap,64,0,1,0.1,-3.3217872896784684e-13,0.029264970333315432,4776,0
tebd_swap,64,0,2,0.2,0.0001162213648674415,0.10483141057193279,43688,0
tebd_swap,64,0,3,0.30000000000000004,0.019367828350689065,0.30244481982663274,43688,0
tebd_swap,64,1,0,0.0,0.0,0.0,0,0
tebd_swap,64,1,1,0.1,-3.3217872896784684e-13,0.028740400914102793,4776,0
tebd_swap,64,1,2,0.2,0.0001162213648674415,0.10510343825444579,43688,0
tebd_swap,64,1,3,0.30000000000000004,0.019367828350689065,0.30624084372539073,43688,0
tebd_swap,64,2,0,0.0,0.0,0.0,0,0
tebd_swap,64,2,1,0.1,-3.3217872896784684e-13,0.028828351409174502,4776,0
tebd_swap,64,2,2,0.2,0.0001162213648674415,0.10499322274699807,43688,0
tebd_swap,64,2,3,0.30000000000000004,0.019367828350689065,0.3022182194981724,43688,0
tebd_swap,96,0,0,0.0,0.0,0.0,0,0
tebd_swap,96,0,1,0.1,-3.3217872896784684e-13,0.027830890845507383,4776,0
tebd_swap,96,0,2,0.2,1.5319981139239047e-07,0.11269764765165746,72360,0
tebd_swap,96,0,3,0.30000000000000004,0.013346057768769737,0.43574554461520165,72360,0
tebd_swap,96,1,0,0.0,0.0,0.0,0,0
tebd_swap,96,1,1,0.1,-3.3217872896784684e-13,0.028942772070877254,4776,0
tebd_swap,96,1,2,0.2,1.5319981139239047e-07,0.1154082486173138,72360,0
tebd_swap,96,1,3,0.30000000000000004,0.013346057768769737,0.4287695870734751,72360,0
tebd_swap,96,2,0,0.0,0.0,0.0,0,0
tebd_swap,96,2,1,0.1,-3.3217872896784684e-13,0.028632041648961604,4776,0
tebd_swap,96,2,2,0.2,1.5319981139239047e-07,0.11495293385814875,72360,0
tebd_swap,96,2,3,0.30000000000000004,0.013346057768769737,0.4286399254342541,72360,0
tebd_swap,128,0,0,0.0,0.0,0.0,0,0
tebd_swap,128,0,1,0.1,-3.3217872896784684e-13,0.029193439870141447,4776,0
tebd_swap,128,0,2,0.2,0.0,0.1274437172105536,95730,0
tebd_swap,128,0,3,0.30000000000000004,0.00011282345663377047,0.6063871474470943,109224,0
tebd_swap,128,0,4,0.4,0.013681846536966802,1.1169496045913547,109224,0
tebd_swap,128,1,0,0.0,0.0,0.0,0,0
tebd_swap,128,1,1,0.1,-3.3217872896784684e-13,0.028514408390037715,4776,0
tebd_swap,128,1,2,0.2,0.0,0.12495608488097787,95730,0
tebd_swap,128,1,3,0.30000000000000004,0.00011282345663377047,0.6021940921200439,109224,0
tebd_swap,128,1,4,0.4,0.013681846536966802,1.1067434130236506,109224,0
tebd_swap,128,2,0,0.0,0.0,0.0,0,0
tebd_swap,128,2,1,0.1,-3.3217872896784684e-13,0.030188605771400034,4776,0
tebd_swap,128,2,2,0.2,0.0,0.1284066584194079,95730,0
tebd_swap,128,2,3,0.30000000000000004,0.00011282345663377047,0.6065261703915894,109224,0
tebd_swap,128,2,4,0.4,0.013681846536966802,1.1083230084041134,109224,0
tebd_swap,192,0,0,0.0,0.0,0.0,0,0
tebd_swap,192,0,1,0.1,-3.3217872896784684e-13,0.028677745489403605,4776,0
tebd_swap,192,0,2,0.2,-8.43769498715119e-15,0.1256724923150614,112968,0
tebd_swap,192,0,3,0.30000000000000004,1.8667667666116827e-06,0.6542604641290382,141992,0
tebd_swap,192,0,4,0.4,0.00017571414217831816,1.230606384575367,141992,0
tebd_swap,192,0,5,0.5,0.001050920637336139,1.8083186047151685,141992,0
tebd_swap,192,0,6,0.6000000000000001,0.0029748765958125256,2.3853992481017485,141992,0
tebd_swap,192,0,7,0.7000000000000001,0.006644571497549379,2.9648428263608366,141992,0
tebd_swap,192,0,8,0.8,0.011572654449932052,3.5441387138562277,141992,0
tebd_swap,192,1,0,0.0,0.0,0.0,0,0
tebd_swap,192,1,1,0.1,-3.3217872896784684e-13,0.029441873775795102,4776,0
tebd_swap,192,1,2,0.2,-8.43769498715119e-15,0.12689029367174953,112968,0
tebd_swap,192,1,3,0.30000000000000004,1.8667667666116827e-06,0.6509120638947934,141992,0
tebd_swap,192,1,4,0.4,0.00017571414217831816,1.237049569375813,141992,0
tebd_swap,192,1,5,0.5,0.001050920637336139,1.8486641437048092,141992,0
tebd_swap,192,1,6,0.6000000000000001,0.0029748765958125256,2.424878693651408,141992,0
tebd_swap,192,1,7,0.7000000000000001,0.006644571497549379,3.0014345274539664,141992,0
tebd_swap,192,1,8,0.8,0.011572654449932052,3.5816863200161606,141992,0
tebd_swap,192,2,0,0.0,0.0,0.0,0,0
tebd_swap,192,2,1,0.1,-3.3217872896784684e-13,0.029173108167015016,4776,0
tebd_swap,192,2,2,0.2,-8.43769498715119e-15,0.12671105714980513,112968,0
tebd_swap,192,2,3,0.30000000000000004,1.8667667666116827e-06,0.6506361082429066,141992,0
tebd_swap,192,2,4,0.4,0.00017571414217831816,1.2247664453461766,141992,0
tebd_swap,192,2,5,0.5,0.001050920637336139,1.8015935210278258,141992,0
tebd_swap,192,2,6,0.6000000000000001,0.0029748765958125256,2.383368890383281,141992,0
tebd_swap,192,2,7,0.7000000000000001,0.006644571497549379,2.965324743418023,141992,0
tebd_swap,192,2,8,0.8,0.011572654449932052,3.5486422264948487,141992,0
tebd_swap,256,0,0,0.0,0.0,0.0,0,0
tebd_swap,256,0,1,0.1,-3.3217872896784684e-13,0.029059055377729237,4776,0
tebd_swap,256,0,2,0.2,-8.43769498715119e-15,0.12681727367453277,112968,0
tebd_swap,256,0,3,0.30000000000000004,9.592326932761353e-14,0.6385092491982505,150804,0
tebd_swap,256,0,4,0.4,1.574296248918472e-13,1.2238543579587713,164744,0
tebd_swap,256,0,5,0.5,3.326228181776969e-13,1.838748276932165,170152,0
tebd_swap,256,0,6,0.6000000000000001,4.953815135877448e-13,2.463858704897575,171688,0
tebd_swap,256,0,7,0.7000000000000001,5.81312775693732e-13,3.0943828627932817,173736,0
tebd_swap,256,0,8,0.8,6.80788758700146e-13,3.7267481823218986,174248,0
tebd_swap,256,0,9,0.9,8.406608742461685e-13,4.366922677960247,174760,0
tebd_swap,256,0,10,1.0,8.641976023682219e-13,5.008967031026259,174760,0
tebd_swap,256,0,11,1.1,8.619771563189715e-13,5.6468092444119975,174760,0
tebd_swap,256,0,12,1.2000000000000002,8.677503160470224e-13,6.287056946661323,174760,0
tebd_swap,256,0,13,1.3,8.715250743307479e-13,6.928670571767725,174760,0
tebd_swap,256,0,14,1.4000000000000001,8.562039965909207e-13,7.56665167643223,174760,0
tebd_swap,256,0,15,1.5,8.608669332943464e-13,8.207978062797338,174760,0
tebd_swap,256,1,0,0.0,0.0,0.0,0,0
tebd_swap,256,1,1,0.1,-3.3217872896784684e-13,0.029232473811134696,4776,0
tebd_swap,256,1,2,0.2,-8.43769498715119e-15,0.1272354165557772,112968,0
tebd_swap,256,1,3,0.30000000000000004,9.592326932761353e-14,0.6367602372774854,150804,0
tebd_swap,256,1,4,0.4,1.574296248918472e-13,1.2205881469417363,164744,0
tebd_swap,256,1,5,0.5,3.326228181776969e-13,1.8327707761200145,170152,0
tebd_swap,256,1,6,0.6000000000000001,4.953815135877448e-13,2.4566406392259523,171688,0
tebd_swap,256,1,7,0.7000000000000001,5.81312775693732e-13,3.0782030121190473,173736,0
tebd_swap,256,1,8,0.8,6.80788758700146e-13,3.703785181976855,174248,0
tebd_swap,256,1,9,0.9,8.406608742461685e-13,4.334453916060738,174760,0
tebd_swap,256,1,10,1.0,8.641976023682219e-13,4.962748777819797,174760,0
tebd_swap,256,1,11,1.1,8.619771563189715e-13,5.605054868850857,174760,0
tebd_swap,256,1,12,1.2000000000000002,8.677503160470224e-13,6.248177486937493,174760,0
tebd_swap,256,1,13,1.3,8.715250743307479e-13,6.888191558653489,174760,0
tebd_swap,256,1,14,1.4000000000000001,8.562039965909207e-13,7.5273830980295315,174760,0
tebd_swap,256,1,15,1.5,8.608669332943464e-13,8.164344620425254,174760,0
tebd_swap,256,2,0,0.0,0.0,0.0,0,0
tebd_swap,256,2,1,0.1,-3.3217872896784684e-13,0.02911711565684527,4776,0
tebd_swap,256,2,2,0.2,-8.43769498715119e-15,0.12688738305587322,112968,0
tebd_swap,256,2,3,0.30000000000000004,9.592326932761353e-14,0.6381487939506769,150804,0
tebd_swap,256,2,4,0.4,1.574296248918472e-13,1.2202733282465488,164744,0
tebd_swap,256,2,5,0.5,3.326228181776969e-13,1.834171071415767,170152,0
tebd_swap,256,2,6,0.6000000000000001,4.953815135877448e-13,2.4527693565469235,171688,0
tebd_swap,256,2,7,0.7000000000000001,5.81312775693732e-13,3.077344519086182,173736,0
tebd_swap,256,2,8,0.8,6.80788758700146e-13,3.7056923661148176,174248,0
tebd_swap,256,2,9,0.9,8.406608742461685e-13,4.351339031709358,174760,0
tebd_swap,256,2,10,1.0,8.641976023682219e-13,5.000002457527444,174760,0
tebd_swap,256,2,11,1.1,8.619771563189715e-13,5.638808418647386,174760,0
tebd_swap,256,2,12,1.2000000000000002,8.677503160470224e-13,6.279574741260149,174760,0
tebd_swap,256,2,13,1.3,8.715250743307479e-13,6.918491865857504,174760,0
tebd_swap,256,2,14,1.4000000000000001,8.562039965909207e-13,7.571509163710289,174760,0
tebd_swap,256,2,15,1.5,8.608669332943464e-13,8.21365036664065,174760,0
