method,chi_max,source,task_id,target_step,target_time,max_infidelity_through,endpoint_infidelity,reliable,peak_parameter_count,peak_mps_bytes,peak_bond_dim
gate_local_2tdvp,26,refined,dcc1168ac9f55207f18d,15,1.5,0.011103176157003625,0.011103176157003625,False,10456,167296,26
gate_local_2tdvp,28,refined,6a4ad7c478d88f6033b9,15,1.5,0.009524171677551485,0.009524171677551485,True,11880,190080,28
gate_local_2tdvp,30,refined,9a617af7cd29550e8895,15,1.5,0.008276076240104291,0.008276076240104291,True,13400,214400,30
mpo_contract_compress,26,refined,a4d8a68ccc85e66c1681,15,1.5,0.00864810787193504,0.00864810787193504,True,36456,583296,52
mpo_contract_compress,28,refined,ca43734f38d6ccda6ac0,15,1.5,0.007343390863012167,0.007343390863012167,True,41896,670336,56
mpo_contract_compress,30,refined,10c1c970d5d3ccafd2db,15,1.5,0.006279222379517835,0.006279222379517835,True,47720,763520,60
tebd_swap,26,refined,c6e520481fd817aa44ca,15,1.5,0.014489632096061578,0.014489632096061578,False,10456,167296,26
tebd_swap,28,refined,211cbb888fcc3ff6c216,15,1.5,0.012349365713872129,0.012349365713872129,False,11880,190080,28
tebd_swap,30,refined,e1b8358a5ec7320cff34,15,1.5,0.010842516916948708,0.010842516916948708,False,13400,214400,30
