model,method,chi_max,trotter_step,time,infidelity,fidelity,state_norm,phase_aligned_distance,current_max_bond,peak_max_bond,param_count,memory_bytes,step_runtime_s,cumulative_runtime_s,discarded_weight_step,compression_residual_step,variational_init,variational_converged,variational_sweeps,failed,failure_message
heisenberg,hybrid_tdvp,32.0,0.0,0.0,0.0,1.0,1.0,0.0,1.0,1.0,32.0,512.0,0.0,0.0,0.0,0.0,,,,0.0,
heisenberg,hybrid_tdvp,32.0,1.0,0.1,0.021553967830704734,0.9784460321692953,0.9999999452888262,0.14721202399455507,32.0,32.0,15016.0,240256.0,211.33533844200429,209.4525390760973,0.00046868400024344917,0.0,,,,0.0,
heisenberg,hybrid_tdvp,32.0,2.0,0.2,0.027993790921860162,0.9720062090781398,1.0000000000000004,0.16790620928688726,32.0,32.0,15016.0,240256.0,368.93006405595224,577.4523939899518,0.004237323357806806,0.0,,,,0.0,
heisenberg,hybrid_tdvp,32.0,3.0,0.30000000000000004,0.07370174857235212,0.9262982514276479,1.0000000000000007,0.2740660679094071,32.0,32.0,15016.0,240256.0,347.04224184696795,923.4079502525274,0.011560626263184347,0.0,,,,0.0,
heisenberg,hybrid_tdvp,32.0,4.0,0.4,0.18294465646840186,0.8170553435315981,1.0000000000000004,0.43838080029527154,32.0,32.0,15016.0,240256.0,298.1214026280213,1220.3932481820812,0.01928884139982631,0.0,,,,0.0,
heisenberg,hybrid_tdvp,32.0,5.0,0.5,0.3152862475454492,0.6847137524545508,1.0000000000000007,0.5874107228739045,32.0,32.0,15016.0,240256.0,297.3169296910055,1516.5345642644097,0.024066133789369403,0.0,,,,0.0,
heisenberg,hybrid_tdvp,32.0,6.0,0.6000000000000001,0.4256627047253273,0.5743372952746727,1.0000000000000016,0.6959160238556479,32.0,32.0,15016.0,240256.0,262.0348072980414,1777.8366527840844,0.026487466106282498,0.0,,,,0.0,
heisenberg,hybrid_tdvp,32.0,7.0,0.7000000000000001,0.5046316340581156,0.4953683659418843,1.0000000000000007,0.7696439416202098,32.0,32.0,15016.0,240256.0,254.65007759002037,2031.7916865063016,0.027482776683816563,0.0,,,,0.0,
heisenberg,hybrid_tdvp,32.0,8.0,0.8,0.5571719914220712,0.44282800857792887,1.0,0.8179813745369743,32.0,32.0,15016.0,240256.0,254.77520210301736,2285.7547786565265,0.027519173254663132,0.0,,,,0.0,
heisenberg,hybrid_tdvp,32.0,9.0,0.9,0.5959701543589657,0.4040298456410342,1.0000000000000004,0.853658689638362,32.0,32.0,15016.0,240256.0,251.6970542659983,2536.606367165805,0.027263557314958418,0.0,,,,0.0,
heisenberg,hybrid_tdvp,32.0,10.0,1.0,0.6313241731506513,0.36867582684934874,1.0,0.8863556692464646,32.0,32.0,15016.0,240256.0,225.49213977804175,2761.737819107948,0.02741456318905911,0.0,,,,0.0,
heisenberg,hybrid_tdvp,32.0,11.0,1.1,0.6592998108211875,0.3407001891788125,1.0000000000000004,0.912474341608314,32.0,32.0,15016.0,240256.0,145.44512923801085,2906.474610154517,0.027358906271312655,0.0,,,,0.0,
heisenberg,hybrid_tdvp,32.0,12.0,1.2000000000000002,0.6801758114806977,0.3198241885193022,1.0000000000000007,0.9321695052548905,32.0,32.0,15016.0,240256.0,141.44388196599903,3047.121923550614,0.027484225383596805,0.0,,,,0.0,
heisenberg,hybrid_tdvp,32.0,13.0,1.3,0.6982512234105478,0.30174877658945215,1.0000000000000009,0.9494033441008768,32.0,32.0,15016.0,240256.0,150.01831016299548,3196.577163258393,0.028010587246888444,0.0,,,,0.0,
heisenberg,hybrid_tdvp,32.0,14.0,1.4000000000000001,0.7109936615247421,0.28900633847525786,1.0000000000000009,0.9616724000449218,32.0,32.0,15016.0,240256.0,153.75735479296418,3349.7894668686204,0.028118141579663983,0.0,,,,0.0,
heisenberg,hybrid_tdvp,32.0,15.0,1.5,0.7228278024442473,0.27717219755575273,1.0000000000000004,0.9731685780034833,32.0,32.0,15016.0,240256.0,143.2628958389978,3492.7670610878267,0.02769327697122583,0.0,,,,0.0,
heisenberg,hybrid_tdvp,32.0,16.0,1.6,0.7393668327707776,0.26063316722922236,0.9999999999999998,0.9894216033899776,32.0,32.0,15016.0,240256.0,155.2067473740317,3647.287815732532,0.028103250739466158,0.0,,,,0.0,
heisenberg,hybrid_tdvp,32.0,17.0,1.7000000000000002,0.7585397268689759,0.24146027313102417,1.0,1.008577142910203,32.0,32.0,15016.0,240256.0,159.14106020895997,3805.854394216556,0.028703332635995886,0.0,,,,0.0,
heisenberg,hybrid_tdvp,32.0,18.0,1.8,0.7759357938894581,0.22406420611054192,1.0000000000000002,1.026299948482473,32.0,32.0,15016.0,240256.0,154.76767806499265,3960.0540418296005,0.028797885670042433,0.0,,,,0.0,
heisenberg,hybrid_tdvp,32.0,19.0,1.9000000000000001,0.7851728431946873,0.21482715680531272,1.0000000000000004,1.0358624371116716,32.0,32.0,15016.0,240256.0,155.5530420889845,4115.128060257761,0.028964451021402226,0.0,,,,0.0,
heisenberg,hybrid_tdvp,32.0,20.0,2.0,0.7851548026128982,0.2148451973871018,1.0000000000000009,1.0358436496248404,32.0,32.0,15016.0,240256.0,156.36157305602683,4270.964733606554,0.02942103978433083,0.0,,,,0.0,
heisenberg,hybrid_tdvp,32.0,21.0,2.1,0.7829887897652946,0.21701121023470538,1.0,1.033591195521498,32.0,32.0,15016.0,240256.0,162.10501264303457,4432.223720177019,0.029683922761608764,0.0,,,,0.0,
heisenberg,hybrid_tdvp,32.0,22.0,2.2,0.7852064791201725,0.21479352087982748,1.0000000000000004,1.0358974668076668,32.0,32.0,15016.0,240256.0,150.26120506302686,4581.8522344150115,0.028994672385917197,0.0,,,,0.0,
heisenberg,hybrid_tdvp,32.0,23.0,2.3000000000000003,0.7934298884667609,0.20657011153323912,1.0000000000000004,1.044509600079095,32.0,32.0,15016.0,240256.0,156.2182208650047,4737.573977228836,0.0284849950577275,0.0,,,,0.0,
heisenberg,hybrid_tdvp,32.0,24.0,2.4000000000000004,0.8119726227426977,0.18802737725730231,1.0000000000000004,1.0643108219950392,32.0,32.0,15016.0,240256.0,153.60613091196865,4890.376640474657,0.028802197717818737,0.0,,,,0.0,
heisenberg,hybrid_tdvp,32.0,25.0,2.5,0.8328337779619646,0.1671662220380354,1.0000000000000009,1.0873273099063905,32.0,32.0,15016.0,240256.0,148.09805190504994,5037.826391210721,0.02938871459736906,0.0,,,,0.0,
heisenberg,hybrid_tdvp,32.0,26.0,2.6,0.8462516227879752,0.1537483772120248,1.0,1.1026263109278263,32.0,32.0,15016.0,240256.0,161.36237523599993,5198.766840790107,0.029785426823189996,0.0,,,,0.0,
heisenberg,hybrid_tdvp,32.0,27.0,2.7,0.8490250949817146,0.15097490501828542,1.0000000000000004,1.105843665998627,32.0,32.0,15016.0,240256.0,138.39435618399875,5336.576296254527,0.030180001080562843,0.0,,,,0.0,
heisenberg,hybrid_tdvp,32.0,28.0,2.8000000000000003,0.8466483256181976,0.1533516743818024,1.0000000000000002,1.1030852887654061,32.0,32.0,15016.0,240256.0,139.78182254300918,5475.87371685612,0.029969374670048475,0.0,,,,0.0,
heisenberg,hybrid_tdvp,32.0,29.0,2.9000000000000004,0.8438418322760642,0.15615816772393576,1.0,1.099846779522977,32.0,32.0,15016.0,240256.0,144.95330709795235,5620.198305703758,0.030071099652276886,0.0,,,,0.0,
heisenberg,hybrid_tdvp,32.0,30.0,3.0,0.8453540197192753,0.1546459802807248,1.0,1.1015892780983538,32.0,32.0,15016.0,240256.0,152.44624565303093,5772.052830630797,0.03010780070476986,0.0,,,,0.0,
heisenberg,mpo_zipup,32.0,0.0,0.0,0.0,1.0,1.0,0.0,1.0,1.0,32.0,512.0,0.0,0.0,0.0,0.0,,,,0.0,
heisenberg,mpo_zipup,32.0,1.0,0.1,0.08945708068144842,0.9105429193185516,0.9590674143431481,0.30257651584355577,32.0,32.0,15016.0,240256.0,271.9323680429952,270.57351328246295,0.23686866663404263,0.0,,,,0.0,
heisenberg,mpo_zipup,32.0,2.0,0.2,0.41082325773778205,0.589176742262218,0.8798408670384198,0.6817939680372238,32.0,32.0,15016.0,240256.0,371.34783754096134,640.7098788421135,0.43731071098901775,0.0,,,,0.0,
heisenberg,mpo_zipup,32.0,3.0,0.30000000000000004,0.643615562519037,0.356384437480963,0.8256783374488916,0.8977979416087214,32.0,32.0,15016.0,240256.0,338.0357289320091,977.5172734817606,0.17714016789241324,0.0,,,,0.0,
heisenberg,mpo_zipup,32.0,4.0,0.4,0.790190658311699,0.20980934168830104,0.7735053131952535,1.0411056651607487,32.0,32.0,15016.0,240256.0,283.7755226389854,1260.4922028777073,0.16667473940389116,0.0,,,,0.0,
heisenberg,mpo_zipup,32.0,5.0,0.5,0.8708923463885379,0.12910765361146212,0.7178388549657818,1.1319756756331283,32.0,32.0,15016.0,240256.0,283.7097665569745,1543.080976668105,0.1902609729472856,0.0,,,,0.0,
heisenberg,mpo_zipup,32.0,6.0,0.6000000000000001,0.9135414996075023,0.08645850039249767,0.6649317750791327,1.1882438609278154,32.0,32.0,15016.0,240256.0,262.0601445270004,1804.3463221964194,0.1892743005845823,0.0,,,,0.0,
heisenberg,mpo_zipup,32.0,7.0,0.7000000000000001,0.9366696402746812,0.06333035972531872,0.6140977316377261,1.2233926272354594,32.0,32.0,15016.0,240256.0,269.10435464803595,2072.417043955007,0.18499804054247107,0.0,,,,0.0,
heisenberg,mpo_zipup,32.0,8.0,0.8,0.9525093365351921,0.04749066346480795,0.5643316939668724,1.2506610039146058,32.0,32.0,15016.0,240256.0,257.39987399202073,2329.0775069392985,0.20106507738278165,0.0,,,,0.0,
heisenberg,mpo_zipup,32.0,9.0,0.9,0.9614906435331266,0.0385093564668734,0.5160064708040292,1.26788169026893,32.0,32.0,15016.0,240256.0,238.63279242097633,2567.057478633302,0.22244629532619106,0.0,,,,0.0,
heisenberg,mpo_zipup,32.0,10.0,1.0,0.9681089679312751,0.03189103206872485,0.47068600349172746,1.2817327304532533,32.0,32.0,15016.0,240256.0,205.6002469729865,2772.0102661700803,0.22931127040311977,0.0,,,,0.0,
heisenberg,mpo_zipup,32.0,11.0,1.1,0.9758746447874151,0.024125355212584902,0.4282580309734682,1.299751215321108,32.0,32.0,15016.0,240256.0,165.2980480340193,2936.6158250236767,0.2458845935286483,0.0,,,,0.0,
heisenberg,mpo_zipup,32.0,12.0,1.2000000000000002,0.9799846704462335,0.02001532955376654,0.3871366821375764,1.3103621300900203,32.0,32.0,15016.0,240256.0,152.8562763580121,3088.838497773104,0.27112050931167636,0.0,,,,0.0,
heisenberg,mpo_zipup,32.0,13.0,1.3,0.9837111108823285,0.016288889117671485,0.3501465768843069,1.3208876315896076,32.0,32.0,15016.0,240256.0,169.80176270299125,3257.866596426058,0.28806666863031993,0.0,,,,0.0,
heisenberg,mpo_zipup,32.0,14.0,1.4000000000000001,0.9869478591047431,0.01305214089525689,0.3174819807188657,1.3309801150673486,32.0,32.0,15016.0,240256.0,165.51940471702255,3422.740870076057,0.27976899860603066,0.0,,,,0.0,
heisenberg,mpo_zipup,32.0,15.0,1.5,0.9895122722335248,0.010487727766475176,0.2882192129210273,1.3398435671495295,32.0,32.0,15016.0,240256.0,158.6308239600039,3580.7591342852684,0.27693890004472094,0.0,,,,0.0,
heisenberg,mpo_zipup,32.0,16.0,1.6,0.9924829306765567,0.00751706932344336,0.2564755854084557,1.3515169002610325,32.0,32.0,15016.0,240256.0,160.00328434404219,3740.148157053103,0.30993763351861403,0.0,,,,0.0,
heisenberg,mpo_zipup,32.0,17.0,1.7000000000000002,0.9940080033249797,0.005991996675020299,0.22809556404103232,1.358375508874864,32.0,32.0,15016.0,240256.0,168.90494277700782,3908.5681533174356,0.3075243075349855,0.0,,,,0.0,
heisenberg,mpo_zipup,32.0,18.0,1.8,0.9942498900348822,0.005750109965117827,0.2065912565382982,1.3595370686189006,32.0,32.0,15016.0,240256.0,179.3332544079749,4087.1357518490986,0.25452502127980653,0.0,,,,0.0,
heisenberg,mpo_zipup,32.0,19.0,1.9000000000000001,0.9940538944734091,0.005946105526590904,0.18707669972643612,1.3585941300852697,32.0,32.0,15016.0,240256.0,182.03413593000732,4268.586266867758,0.2534610170286874,0.0,,,,0.0,
heisenberg,mpo_zipup,32.0,20.0,2.0,0.9937405006187254,0.0062594993812745345,0.16953807444546087,1.3571167981752708,32.0,32.0,15016.0,240256.0,168.2727861329913,4436.386972359673,0.2586978646709681,0.0,,,,0.0,
heisenberg,mpo_zipup,32.0,21.0,2.1,0.9936409796532378,0.006359020346762167,0.15204517572443965,1.3566551029232004,32.0,32.0,15016.0,240256.0,173.98692438204307,4609.5918225375935,0.2854510446505326,0.0,,,,0.0,
heisenberg,mpo_zipup,32.0,22.0,2.2,0.9929268240502478,0.007073175949752163,0.1373868303629599,1.3534384539726254,32.0,32.0,15016.0,240256.0,167.2295996529865,4776.158188905567,0.2832473262576442,0.0,,,,0.0,
heisenberg,mpo_zipup,32.0,23.0,2.3000000000000003,0.9927111514351011,0.007288848564898822,0.1237623233184966,1.3524978715887022,32.0,32.0,15016.0,240256.0,167.97976333100814,4943.509780243796,0.277172634140294,0.0,,,,0.0,
heisenberg,mpo_zipup,32.0,24.0,2.4000000000000004,0.9939823193149494,0.006017680685050561,0.11172690455564571,1.3582535026266227,32.0,32.0,15016.0,240256.0,164.9636326470063,5107.857609424973,0.259089892536204,0.0,,,,0.0,
heisenberg,mpo_zipup,32.0,25.0,2.5,0.9946445372804761,0.005355462719523886,0.10173979706876544,1.361483729578791,32.0,32.0,15016.0,240256.0,165.36910560098477,5272.4810215652105,0.23445413139962043,0.0,,,,0.0,
heisenberg,mpo_zipup,32.0,26.0,2.6,0.9945064312886563,0.005493568711343641,0.09228033173710255,1.360794905598301,32.0,32.0,15016.0,240256.0,158.16710062295897,5430.096201660694,0.24388530521236018,0.0,,,,0.0,
heisenberg,mpo_zipup,32.0,27.0,2.7,0.9941650925197785,0.005834907480221495,0.0830204449183697,1.359127244890741,32.0,32.0,15016.0,240256.0,164.49221357499482,5593.995289498474,0.273389721567536,0.0,,,,0.0,
heisenberg,mpo_zipup,32.0,28.0,2.8000000000000003,0.9951565213488311,0.004843478651168858,0.07486904637181174,1.364115020751167,32.0,32.0,15016.0,240256.0,157.31092449498829,5750.733541740745,0.2737684360013427,0.0,,,,0.0,
heisenberg,mpo_zipup,32.0,29.0,2.9000000000000004,0.996856159212982,0.0031438407870180442,0.06785483512548207,1.373994204265228,32.0,32.0,15016.0,240256.0,110.3034414370195,5860.628717557993,0.2590945211120808,0.0,,,,0.0,
heisenberg,mpo_zipup,32.0,30.0,3.0,0.9979970380718661,0.002002961928133842,0.06064616015683703,1.3822051492729586,32.0,32.0,15016.0,240256.0,104.67209590401035,5964.861484179273,0.3069798983067546,0.0,,,,0.0,
heisenberg,tebd_swap,32.0,0.0,0.0,0.0,1.0,1.0,0.0,1.0,1.0,32.0,512.0,0.0,0.0,0.0,0.0,,,,0.0,
heisenberg,tebd_swap,32.0,1.0,0.1,0.12831663997927611,0.8716833600207239,0.9281416390973524,0.3643079880562942,32.0,32.0,15016.0,240256.0,26.912406250019558,25.450950475933496,0.5305508841486948,0.0,,,,0.0,
heisenberg,tebd_swap,32.0,2.0,0.2,0.3701561106305089,0.6298438893694911,0.8114564958720364,0.6424530383258988,32.0,32.0,15016.0,240256.0,34.667261904047336,58.69523879874032,0.8710789633280742,0.0,,,,0.0,
heisenberg,tebd_swap,32.0,3.0,0.30000000000000004,0.651162595888606,0.34883740411139397,0.6690915412944601,0.9048485087168061,32.0,32.0,15016.0,240256.0,33.50951043795794,91.2165210567182,0.799479654226657,0.0,,,,0.0,
heisenberg,tebd_swap,32.0,4.0,0.4,0.8247066088927235,0.17529339110727643,0.5815730589331146,1.078257357165611,32.0,32.0,15016.0,240256.0,32.39542903500842,122.6012390627875,0.6040940481943124,0.0,,,,0.0,
heisenberg,tebd_swap,32.0,5.0,0.5,0.9123065646762328,0.08769343532376717,0.5135449375547868,1.186481543030892,32.0,32.0,15016.0,240256.0,33.986706401978154,154.72694287041668,0.5128882744691882,0.0,,,,0.0,
heisenberg,tebd_swap,32.0,6.0,0.6000000000000001,0.9481240058826083,0.05187599411739173,0.45292751878559045,1.242768665649928,32.0,32.0,15016.0,240256.0,40.05226586898789,193.9064711020328,0.45325066223720023,0.0,,,,0.0,
heisenberg,tebd_swap,32.0,7.0,0.7000000000000001,0.9681812949855743,0.03181870501442578,0.39961841141892246,1.2818908038149193,32.0,32.0,15016.0,240256.0,35.58248513395665,228.32359230623115,0.45546696584057994,0.0,,,,0.0,
heisenberg,tebd_swap,32.0,8.0,0.8,0.9763037450040069,0.023696254995993205,0.35044817876275036,1.3008182966922741,32.0,32.0,15016.0,240256.0,35.762100410996936,262.9165650862851,0.46441461216301255,0.0,,,,0.0,
heisenberg,tebd_swap,32.0,9.0,0.9,0.9819329694680953,0.018067030531904674,0.31316198685723035,1.3157403584605936,32.0,32.0,15016.0,240256.0,30.061341502005234,292.06525088782655,0.4295097880708193,0.0,,,,0.0,
heisenberg,tebd_swap,32.0,10.0,1.0,0.9833577660521049,0.016642233947895064,0.28258470832333743,1.3198448525072015,32.0,32.0,15016.0,240256.0,32.49737295199884,323.17761093069566,0.39438782065324485,0.0,,,,0.0,
heisenberg,tebd_swap,32.0,11.0,1.1,0.9812926885258493,0.018707311474150713,0.2577797259628751,1.313944691304542,32.0,32.0,15016.0,240256.0,37.23133603401948,359.21832733839983,0.3448832075832618,0.0,,,,0.0,
heisenberg,tebd_swap,32.0,12.0,1.2000000000000002,0.9818174858689006,0.018182514131099357,0.23557081669342636,1.3154143429984657,32.0,32.0,15016.0,240256.0,30.962295469013043,388.9503294148017,0.350740868172613,0.0,,,,0.0,
heisenberg,tebd_swap,32.0,13.0,1.3,0.9837053970832519,0.016294602916748065,0.21571222945231855,1.320870686336227,32.0,32.0,15016.0,240256.0,31.518008348997682,418.9466197937727,0.3373477761087783,0.0,,,,0.0,
heisenberg,tebd_swap,32.0,14.0,1.4000000000000001,0.9861111862852333,0.013888813714766671,0.19881357750509307,1.328268940192056,32.0,32.0,15016.0,240256.0,33.41207232000306,451.0828674856457,0.29231521828121165,0.0,,,,0.0,
heisenberg,tebd_swap,32.0,15.0,1.5,0.9891848054204686,0.010815194579531404,0.1842830396627158,1.338658935118188,32.0,32.0,15016.0,240256.0,31.24019922601292,481.4325191680109,0.2583842657477731,0.0,,,,0.0,
heisenberg,tebd_swap,32.0,16.0,1.6,0.9922637280736223,0.007736271926377767,0.17283473631219726,1.3505879612002234,32.0,32.0,15016.0,240256.0,29.373082323989365,509.62786595110083,0.18109428193674715,0.0,,,,0.0,
heisenberg,tebd_swap,32.0,17.0,1.7000000000000002,0.9944139217059585,0.005586078294041467,0.16205466246168232,1.3603381406535755,32.0,32.0,15016.0,240256.0,31.718473467975855,540.0405633716146,0.16350973734634022,0.0,,,,0.0,
heisenberg,tebd_swap,32.0,18.0,1.8,0.9952964898203348,0.004703510179665233,0.15130724082597075,1.3648573977949408,32.0,32.0,15016.0,240256.0,34.166151662007906,572.9494044613675,0.16968545160546153,0.0,,,,0.0,
heisenberg,tebd_swap,32.0,19.0,1.9000000000000001,0.9955474107427158,0.004452589257284253,0.14132991019705976,1.3662154114178,32.0,32.0,15016.0,240256.0,28.374841707991436,600.2498357333825,0.16606824240771795,0.0,,,,0.0,
heisenberg,tebd_swap,32.0,20.0,2.0,0.9952000615672543,0.004799938432745715,0.1317776338198412,1.3643448332603128,32.0,32.0,15016.0,240256.0,29.02894839202054,628.387160410115,0.16367185310561108,0.0,,,,0.0,
heisenberg,tebd_swap,32.0,21.0,2.1,0.9944268645298018,0.005573135470198248,0.12210209502585509,1.360401826111569,32.0,32.0,15016.0,240256.0,32.50241468998138,659.888539898966,0.17739062146129375,0.0,,,,0.0,
heisenberg,tebd_swap,32.0,22.0,2.2,0.9936039787326972,0.006396021267302757,0.11271930885427499,1.356484331605332,32.0,32.0,15016.0,240256.0,29.29596949397819,688.1735044369125,0.1886561242404647,0.0,,,,0.0,
heisenberg,tebd_swap,32.0,23.0,2.3000000000000003,0.9937479637337152,0.006252036266284784,0.10395553960241075,1.3571515619604282,32.0,32.0,15016.0,240256.0,33.98232527298387,721.157373889233,0.1960300399963561,0.0,,,,0.0,
heisenberg,tebd_swap,32.0,24.0,2.4000000000000004,0.9943650665369588,0.0056349334630412685,0.095880708758712,1.3600983832972668,32.0,32.0,15016.0,240256.0,35.52910351898754,755.037018933217,0.1967134870618934,0.0,,,,0.0,
heisenberg,tebd_swap,32.0,25.0,2.5,0.9963381314856254,0.0036618685143745967,0.08865565126676543,1.3707564519829967,32.0,32.0,15016.0,240256.0,30.923848006001208,785.0666897631017,0.1852278393349291,0.0,,,,0.0,
heisenberg,tebd_swap,32.0,26.0,2.6,0.9974426327129456,0.002557367287054408,0.08171052060550024,1.377990987567663,32.0,32.0,15016.0,240256.0,30.294727906992193,814.6645117120352,0.1903921262081894,0.0,,,,0.0,
heisenberg,tebd_swap,32.0,27.0,2.7,0.9978826487998146,0.002117351200185464,0.07535225968683273,1.3812931009639862,32.0,32.0,15016.0,240256.0,33.83209341898328,847.6448950392078,0.19041362674388293,0.0,,,,0.0,
heisenberg,tebd_swap,32.0,28.0,2.8000000000000003,0.9978186973885638,0.00218130261143628,0.06959171144966804,1.3807936721520704,32.0,32.0,15016.0,240256.0,31.147119355970062,877.4623694301699,0.18595631985972777,0.0,,,,0.0,
heisenberg,tebd_swap,32.0,29.0,2.9000000000000004,0.9973225850912736,0.0026774149087264052,0.06457017775537836,1.3771392502567166,32.0,32.0,15016.0,240256.0,28.393264757003635,904.6387974289828,0.1747482752857576,0.0,,,,0.0,
heisenberg,tebd_swap,32.0,30.0,3.0,0.9967709770867941,0.003229022913205917,0.059867193800026725,1.3734449445137002,32.0,32.0,15016.0,240256.0,27.906186248990707,931.6807232978754,0.17614792865453407,0.0,,,,0.0,
ising,hybrid_tdvp,32.0,0.0,0.0,0.0,1.0,1.0,0.0,1.0,1.0,32.0,512.0,0.0,0.0,0.0,0.0,,,,0.0,
ising,hybrid_tdvp,32.0,1.0,0.1,1.9549373617588905e-05,0.9999804506263824,0.9999999999999881,0.00442147816541682,6.0,6.0,248.0,3968.0,0.573191472038161,0.43882564903469756,8.382722745788846e-14,0.0,,,,0.0,
ising,hybrid_tdvp,32.0,2.0,0.2,0.000241548709989714,0.9997584512900103,0.999999999999595,0.015542306720552755,14.0,14.0,2204.0,35264.0,26.57554211403476,26.331026517087594,1.093144334743638e-12,0.0,,,,0.0,
ising,hybrid_tdvp,32.0,3.0,0.30000000000000004,0.00037069010204604513,0.999629309897954,0.9999999986022119,0.01925420632494984,24.0,30.0,8140.0,130240.0,46.42686077597318,71.42690933588892,6.067794595109795e-12,0.0,,,,0.0,
ising,hybrid_tdvp,32.0,4.0,0.4,0.000370716573550256,0.9996292834264497,0.9999999998203849,0.019254893861482693,32.0,32.0,14248.0,227968.0,72.56947181001306,142.48009128001286,8.362352905791301e-07,0.0,,,,0.0,
ising,hybrid_tdvp,32.0,5.0,0.5,0.0003735966218305631,0.9996264033781694,0.9999999827086223,0.01932955048517456,32.0,32.0,15016.0,240256.0,126.42825805599568,267.57401501818094,0.00016013160554262756,0.0,,,,0.0,
ising,hybrid_tdvp,32.0,6.0,0.6000000000000001,0.0004054313867817294,0.9995945686132183,0.9999999307834259,0.02013634745346831,32.0,32.0,15016.0,240256.0,120.57891917298548,387.21103736315854,0.0001835655203542099,0.0,,,,0.0,
ising,hybrid_tdvp,32.0,7.0,0.7000000000000001,0.0004840289215335414,0.9995159710784665,0.9999997513916635,0.022001988698947386,32.0,32.0,15016.0,240256.0,117.10335445799865,502.8582302182331,0.0002053806065818537,0.0,,,,0.0,
ising,hybrid_tdvp,32.0,8.0,0.8,0.0006380338782233652,0.9993619661217766,1.0000000000000009,0.02526134759886081,32.0,32.0,15016.0,240256.0,124.08036460500443,626.2645158281666,0.000267825288369276,0.0,,,,0.0,
ising,hybrid_tdvp,32.0,9.0,0.9,0.0009637382949575501,0.9990362617050424,0.9999999999999997,0.031047876010916933,32.0,32.0,15016.0,240256.0,118.37087573396275,743.7462286945665,0.00039640997062522995,0.0,,,,0.0,
ising,hybrid_tdvp,32.0,10.0,1.0,0.001771088981752711,0.9982289110182473,1.0,0.0420936321312649,32.0,32.0,15016.0,240256.0,122.7589530479745,865.2606900913524,0.0006065362217285837,0.0,,,,0.0,
ising,hybrid_tdvp,32.0,11.0,1.1,0.0034380814670814663,0.9965619185329185,0.9999999999999992,0.058660392591662544,32.0,32.0,15016.0,240256.0,104.86315858905436,969.2826426805696,0.0012265956006465351,0.0,,,,0.0,
ising,hybrid_tdvp,32.0,12.0,1.2000000000000002,0.006826257614964248,0.9931737423850358,1.0000000000000004,0.08269187985975514,32.0,32.0,15016.0,240256.0,106.03744717797963,1074.1389824873768,0.0021266091863314605,0.0,,,,0.0,
ising,hybrid_tdvp,32.0,13.0,1.3,0.013015151933714164,0.9869848480662858,1.0000000000000009,0.11427063633071405,32.0,32.0,15016.0,240256.0,101.47273598698666,1174.7614560021902,0.002857353346873942,0.0,,,,0.0,
ising,hybrid_tdvp,32.0,14.0,1.4000000000000001,0.02242934176076783,0.9775706582392322,0.9999999999999999,0.15018835223780866,32.0,32.0,15016.0,240256.0,105.02738176699495,1278.8559136860422,0.0034868338332724024,0.0,,,,0.0,
ising,hybrid_tdvp,32.0,15.0,1.5,0.034423980514489805,0.9655760194855102,1.0000000000000002,0.18634764458094627,32.0,32.0,15016.0,240256.0,103.46334663196467,1381.4382682249998,0.004025978861248698,0.0,,,,0.0,
ising,hybrid_tdvp,32.0,16.0,1.6,0.047365152386906195,0.9526348476130938,1.0000000000000016,0.21895137872512446,32.0,32.0,15016.0,240256.0,93.35154681198765,1474.2593163717538,0.004436694396738831,0.0,,,,0.0,
ising,hybrid_tdvp,32.0,17.0,1.7000000000000002,0.05963964543717226,0.9403603545628277,1.0000000000000002,0.24608213119919373,32.0,32.0,15016.0,240256.0,87.47393516101874,1560.8444455247372,0.004683610128004898,0.0,,,,0.0,
ising,hybrid_tdvp,32.0,18.0,1.8,0.07101964275212014,0.9289803572478799,1.000000000000001,0.2689376471397761,32.0,32.0,15016.0,240256.0,85.86259556596633,1645.9960849997588,0.004783959963599472,0.0,,,,0.0,
ising,hybrid_tdvp,32.0,19.0,1.9000000000000001,0.08238463264354379,0.9176153673564562,1.000000000000001,0.2900950795504079,32.0,32.0,15016.0,240256.0,91.68202246399596,1736.8429451656411,0.004794778523149411,0.0,,,,0.0,
ising,hybrid_tdvp,32.0,20.0,2.0,0.09337640820003845,0.9066235917999615,0.9999999999999991,0.3092964983922316,32.0,32.0,15016.0,240256.0,94.01591037103208,1830.080643135705,0.0047415356414367334,0.0,,,,0.0,
ising,hybrid_tdvp,32.0,21.0,2.1,0.10248367492472821,0.8975163250752718,0.9999999999999988,0.32442755098532966,32.0,32.0,15016.0,240256.0,85.19828227203107,1914.495355601597,0.0046189142847943825,0.0,,,,0.0,
ising,hybrid_tdvp,32.0,22.0,2.2,0.10958885622580739,0.8904111437741926,0.9999999999999991,0.33580948822186546,32.0,32.0,15016.0,240256.0,85.95404168200912,1999.7351387534873,0.0045125519936454325,0.0,,,,0.0,
ising,hybrid_tdvp,32.0,23.0,2.3000000000000003,0.11532869484869179,0.8846713051513082,1.000000000000001,0.3447617422332171,32.0,32.0,15016.0,240256.0,94.40069487103028,2093.3616618652595,0.004510270380807951,0.0,,,,0.0,
ising,hybrid_tdvp,32.0,24.0,2.4000000000000004,0.12030854292205073,0.8796914570779493,1.0000000000000004,0.35236718457581967,32.0,32.0,15016.0,240256.0,82.37903516698861,2174.8680125770625,0.004597206730059272,0.0,,,,0.0,
ising,hybrid_tdvp,32.0,25.0,2.5,0.12624796332933663,0.8737520366706634,1.0000000000000007,0.36125601942095986,32.0,32.0,15016.0,240256.0,90.36805154097965,2264.3606285398128,0.004682043256615301,0.0,,,,0.0,
ising,hybrid_tdvp,32.0,26.0,2.6,0.1348615635787197,0.8651384364212803,1.0000000000000002,0.37382299878267017,32.0,32.0,15016.0,240256.0,82.27518930000952,2345.982233640796,0.004759068146254639,0.0,,,,0.0,
ising,hybrid_tdvp,32.0,27.0,2.7,0.14551529274863373,0.8544847072513663,0.9999999999999982,0.38888707861402294,32.0,32.0,15016.0,240256.0,84.9903288790374,2430.1955894589773,0.004821542704463582,0.0,,,,0.0,
ising,hybrid_tdvp,32.0,28.0,2.8000000000000003,0.15585939986166153,0.8441406001383385,1.0000000000000002,0.40306018228642054,32.0,32.0,15016.0,240256.0,89.12313077098224,2518.5260793738416,0.004882456617014611,0.0,,,,0.0,
ising,hybrid_tdvp,32.0,29.0,2.9000000000000004,0.1624698306327822,0.8375301693672178,1.0000000000000009,0.4119059503725279,32.0,32.0,15016.0,240256.0,76.61449625401292,2594.2811422721134,0.004869837917038145,0.0,,,,0.0,
ising,hybrid_tdvp,32.0,30.0,3.0,0.1672340016536219,0.8327659983463781,0.9999999999999983,0.41818624057045045,32.0,32.0,15016.0,240256.0,69.1120305529912,2662.551132114022,0.00490518961469742,0.0,,,,0.0,
ising,mpo_zipup,32.0,0.0,0.0,0.0,1.0,1.0,0.0,1.0,1.0,32.0,512.0,0.0,0.0,0.0,0.0,,,,0.0,
ising,mpo_zipup,32.0,1.0,0.1,0.0,1.0000000000000098,1.0000000000000706,1.7501638615611128e-14,16.0,16.0,4776.0,76416.0,1.0061373159987852,0.22965134581318125,2.993895619514166e-31,0.0,,,,0.0,
ising,mpo_zipup,32.0,2.0,0.2,8.604726620098369e-05,0.999913952733799,0.9999548562004608,0.009276266345593068,32.0,32.0,15016.0,240256.0,63.4665483290446,62.41349747276399,0.0015646825021624219,0.0,,,,0.0,
ising,mpo_zipup,32.0,3.0,0.30000000000000004,0.004758453042015276,0.9952415469579847,0.9979078447210143,0.06902265765075108,32.0,32.0,15016.0,240256.0,135.49812682298943,196.85925913363462,0.013208485595617346,0.0,,,,0.0,
ising,mpo_zipup,32.0,4.0,0.4,0.019382709843554835,0.9806172901564452,0.994957121078321,0.13956200635302873,32.0,32.0,15016.0,240256.0,135.01625143701676,330.243393373501,0.02091309690493811,0.0,,,,0.0,
ising,mpo_zipup,32.0,5.0,0.5,0.042140420953959645,0.9578595790460404,0.991459663573049,0.20638309716780948,32.0,32.0,15016.0,240256.0,126.14136554399738,455.60531863954384,0.01508435316953458,0.0,,,,0.0,
ising,mpo_zipup,32.0,6.0,0.6000000000000001,0.070402402463136,0.929597597536864,0.9861513917090149,0.2677445888617,32.0,32.0,15016.0,240256.0,111.25978457502788,565.6823714458733,0.018397272270647688,0.0,,,,0.0,
ising,mpo_zipup,32.0,7.0,0.7000000000000001,0.10193639965318291,0.8980636003468171,0.9788124717046277,0.3235361609545367,32.0,32.0,15016.0,240256.0,118.36517683998682,682.9917067729402,0.022696598362742255,0.0,,,,0.0,
ising,mpo_zipup,32.0,8.0,0.8,0.13486455053854818,0.8651354494614518,0.9698960370716175,0.37382729403265785,32.0,32.0,15016.0,240256.0,111.96683100098744,794.0994248777861,0.02623926140340951,0.0,,,,0.0,
ising,mpo_zipup,32.0,9.0,0.9,0.17112786335201102,0.828872136647989,0.9587841618554696,0.42326315205411985,32.0,32.0,15016.0,240256.0,110.74273628002265,903.7908590308507,0.030526375850414813,0.0,,,,0.0,
ising,mpo_zipup,32.0,10.0,1.0,0.2067438051975392,0.7932561948024608,0.9452628595712627,0.4676551918125727,32.0,32.0,15016.0,240256.0,98.53937591903377,1001.60678026604,0.03621704315372738,0.0,,,,0.0,
ising,mpo_zipup,32.0,11.0,1.1,0.23956697481829092,0.7604330251817091,0.9316886352616786,0.5059088646856512,32.0,32.0,15016.0,240256.0,96.44421360001434,1097.3126885569072,0.04367253215759342,0.0,,,,0.0,
ising,mpo_zipup,32.0,12.0,1.2000000000000002,0.27344453315984274,0.7265554668401573,0.9180911929109526,0.5433558125552153,32.0,32.0,15016.0,240256.0,85.50842515501427,1181.977682468074,0.04518386867205018,0.0,,,,0.0,
ising,mpo_zipup,32.0,13.0,1.3,0.3052796137430509,0.6947203862569491,0.9042335203364436,0.5770634592884497,32.0,32.0,15016.0,240256.0,107.33700496301753,1288.2724536202732,0.04616813924722889,0.0,,,,0.0,
ising,mpo_zipup,32.0,14.0,1.4000000000000001,0.33015221363175784,0.6698477863682422,0.8901722780735616,0.6025905863325371,32.0,32.0,15016.0,240256.0,100.90408977400512,1387.8369212112157,0.049756357719305117,0.0,,,,0.0,
ising,mpo_zipup,32.0,15.0,1.5,0.34358146033649617,0.6564185396635038,0.8757767680430559,0.6161223814120399,32.0,32.0,15016.0,240256.0,94.7623314000084,1481.6431173919118,0.05291021863809086,0.0,,,,0.0,
ising,mpo_zipup,32.0,16.0,1.6,0.349283788053925,0.650716211946075,0.8610350282790364,0.6218201856887002,32.0,32.0,15016.0,240256.0,90.07883879297879,1570.6362871461315,0.05519144594311101,0.0,,,,0.0,
ising,mpo_zipup,32.0,17.0,1.7000000000000002,0.3541234502561367,0.6458765497438633,0.8466704797324813,0.6266347405556608,32.0,32.0,15016.0,240256.0,85.44159046403365,1655.263461950759,0.055197216154289394,0.0,,,,0.0,
ising,mpo_zipup,32.0,18.0,1.8,0.3614317971971822,0.6385682028028178,0.832869300549839,0.6338696621667714,32.0,32.0,15016.0,240256.0,92.02128540497506,1745.9972561657778,0.055296176614070866,0.0,,,,0.0,
ising,mpo_zipup,32.0,19.0,1.9000000000000001,0.37181067259018497,0.628189327409815,0.8196303793887036,0.6440745980647821,32.0,32.0,15016.0,240256.0,90.4132364569814,1835.6521031217417,0.05461828246120465,0.0,,,,0.0,
ising,mpo_zipup,32.0,20.0,2.0,0.3887197487479447,0.6112802512520553,0.8064097394996894,0.6605389695033747,32.0,32.0,15016.0,240256.0,86.71304752101423,1921.5988945875433,0.05446863531461873,0.0,,,,0.0,
ising,mpo_zipup,32.0,21.0,2.1,0.41409915637381145,0.5859008436261885,0.793329285300983,0.6849210167572025,32.0,32.0,15016.0,240256.0,80.89984074601671,2001.588271293498,0.05317669436389442,0.0,,,,0.0,
ising,mpo_zipup,32.0,22.0,2.2,0.44287494679024,0.55712505320976,0.780539288584832,0.7121683775894639,32.0,32.0,15016.0,240256.0,85.39202456100611,2086.3073461554595,0.052652708824987585,0.0,,,,0.0,
ising,mpo_zipup,32.0,23.0,2.3000000000000003,0.46860119534743183,0.5313988046525682,0.768197435126396,0.736245802897361,32.0,32.0,15016.0,240256.0,85.73170137801208,2171.073907105543,0.054328476933719554,0.0,,,,0.0,
ising,mpo_zipup,32.0,24.0,2.4000000000000004,0.4840030312400486,0.5159969687599514,0.7565314639003089,0.7505607371531305,32.0,32.0,15016.0,240256.0,84.33406780898804,2254.62510886119,0.054232038389427493,0.0,,,,0.0,
ising,mpo_zipup,32.0,25.0,2.5,0.48746487212788014,0.5125351278721199,0.7444915381143214,0.7537697432060583,32.0,32.0,15016.0,240256.0,87.43643554096343,2341.060484930349,0.05810758519343757,0.0,,,,0.0,
ising,mpo_zipup,32.0,26.0,2.6,0.48419720572170966,0.5158027942782903,0.7324425268048682,0.7507408072138474,32.0,32.0,15016.0,240256.0,86.39992482104572,2426.1193066354026,0.05986778197385402,0.0,,,,0.0,
ising,mpo_zipup,32.0,27.0,2.7,0.4782480952935031,0.5217519047064969,0.7207632353951409,0.7452194830388186,32.0,32.0,15016.0,240256.0,89.18282411200926,2513.855705213675,0.058946225013510226,0.0,,,,0.0,
ising,mpo_zipup,32.0,28.0,2.8000000000000003,0.4794801213523545,0.5205198786476455,0.7092238658593729,0.746363670035031,32.0,32.0,15016.0,240256.0,75.94213753798977,2589.242141465773,0.0565366883438417,0.0,,,,0.0,
ising,mpo_zipup,32.0,29.0,2.9000000000000004,0.4840442378535419,0.5159557621464581,0.6980627856967465,0.7505989513842724,32.0,32.0,15016.0,240256.0,82.64337889198214,2671.221635576512,0.06118854954196097,0.0,,,,0.0,
ising,mpo_zipup,32.0,30.0,3.0,0.4906375804021732,0.5093624195978268,0.6865748589446237,0.7567082559596751,32.0,32.0,15016.0,240256.0,69.45013526204275,2740.1523576090112,0.058681986544079495,0.0,,,,0.0,
ising,tebd_swap,32.0,0.0,0.0,0.0,1.0,1.0,0.0,1.0,1.0,32.0,512.0,0.0,0.0,0.0,0.0,,,,0.0,
ising,tebd_swap,32.0,1.0,0.1,0.0,1.0000000000000093,1.000000000000001,1.0321174407473645e-14,16.0,16.0,4776.0,76416.0,0.9101543769938871,0.16956379072507843,3.435604010133862e-30,0.0,,,,0.0,
ising,tebd_swap,32.0,2.0,0.2,0.000858719822028009,0.999141280177972,0.999497422941619,0.029307068279763957,32.0,32.0,15016.0,240256.0,4.312023539969232,2.9617299106321298,0.0066670243576954485,0.0,,,,0.0,
ising,tebd_swap,32.0,3.0,0.30000000000000004,0.019379812075684066,0.9806201879243159,0.9871601919525252,0.1395515222178562,32.0,32.0,15016.0,240256.0,12.237154359987471,13.63218612340279,0.33311421300340344,0.0,,,,0.0,
ising,tebd_swap,32.0,4.0,0.4,0.05986251317518376,0.9401374868248162,0.9666917558454208,0.24654868765854435,32.0,32.0,15016.0,240256.0,14.8538288520067,26.707875198684633,0.3430647018273389,0.0,,,,0.0,
ising,tebd_swap,32.0,5.0,0.5,0.1302095386751847,0.8697904613248153,0.9453328332772349,0.36708153311041414,32.0,32.0,15016.0,240256.0,11.109676578023937,36.680355527671054,0.303003794952724,0.0,,,,0.0,
ising,tebd_swap,32.0,6.0,0.6000000000000001,0.21331831190381212,0.7866816880961879,0.9249994984571114,0.47549809442038765,32.0,32.0,15016.0,240256.0,11.868184311955702,47.239342344750185,0.26934596498686797,0.0,,,,0.0,
ising,tebd_swap,32.0,7.0,0.7000000000000001,0.2901924157399519,0.7098075842600481,0.9004873384114728,0.5612471971504981,32.0,32.0,15016.0,240256.0,11.824766525009181,58.21477179869544,0.2499792979815163,0.0,,,,0.0,
ising,tebd_swap,32.0,8.0,0.8,0.3739245249794093,0.6260754750205907,0.8703743470602548,0.6461434626939722,32.0,32.0,15016.0,240256.0,12.498391375993378,69.3184091533767,0.20683978081496845,0.0,,,,0.0,
ising,tebd_swap,32.0,9.0,0.9,0.4515155534848796,0.5484844465151204,0.8460442127381653,0.7202813923863467,32.0,32.0,15016.0,240256.0,11.449917158985045,79.775688150723,0.16680030056671274,0.0,,,,0.0,
ising,tebd_swap,32.0,10.0,1.0,0.511321692968047,0.48867830703195303,0.8238277646364129,0.7758153180764741,32.0,32.0,15016.0,240256.0,10.711893793020863,89.26161074778065,0.14004010874159198,0.0,,,,0.0,
ising,tebd_swap,32.0,11.0,1.1,0.5767024663311133,0.4232975336688867,0.8013698714230127,0.8359267932090918,32.0,32.0,15016.0,240256.0,12.762176933989394,100.91774872277165,0.12294160361935033,0.0,,,,0.0,
ising,tebd_swap,32.0,12.0,1.2000000000000002,0.6319528160445864,0.36804718395541364,0.782323343257664,0.8869397674011742,32.0,32.0,15016.0,240256.0,12.841730694985017,112.89653911464848,0.1070110796103907,0.0,,,,0.0,
ising,tebd_swap,32.0,13.0,1.3,0.6638556938953972,0.3361443061046028,0.7624799709182437,0.9167556573849047,32.0,32.0,15016.0,240256.0,12.157230912009254,123.67767359840218,0.10514908931101151,0.0,,,,0.0,
ising,tebd_swap,32.0,14.0,1.4000000000000001,0.7008018897083721,0.2991981102916279,0.7405202775029502,0.951850780448451,32.0,32.0,15016.0,240256.0,13.649301988014486,136.08540438849013,0.10210031781281784,0.0,,,,0.0,
ising,tebd_swap,32.0,15.0,1.5,0.7240413765217825,0.27595862347821754,0.7214223577330848,0.974353487647119,32.0,32.0,15016.0,240256.0,13.09103549097199,148.138084892591,0.09672633606816289,0.0,,,,0.0,
ising,tebd_swap,32.0,16.0,1.6,0.7426425845170799,0.2573574154829201,0.7034759634511052,0.9926690625769419,32.0,32.0,15016.0,240256.0,13.260099567996804,160.11193857586477,0.0929635913914534,0.0,,,,0.0,
ising,tebd_swap,32.0,17.0,1.7000000000000002,0.7502996447121173,0.24970035528788267,0.6867846003306062,1.000299689645978,32.0,32.0,15016.0,240256.0,12.291332648019306,171.41327698086388,0.088520908610045,0.0,,,,0.0,
ising,tebd_swap,32.0,18.0,1.8,0.7449160007256752,0.25508399927432485,0.6694454004847176,0.9949287293621141,32.0,32.0,15016.0,240256.0,17.525182280980516,187.56300065806136,0.08756673583890034,0.0,,,,0.0,
ising,tebd_swap,32.0,19.0,1.9000000000000001,0.735657776219056,0.26434222378094396,0.6516158895387597,0.9857563376858797,32.0,32.0,15016.0,240256.0,12.179856244998518,198.87241744127823,0.09119584602082802,0.0,,,,0.0,
ising,tebd_swap,32.0,20.0,2.0,0.7218125334807065,0.2781874665192935,0.6353129421846223,0.9721781746590157,32.0,32.0,15016.0,240256.0,8.559018309984822,206.23586648033233,0.08922753673850878,0.0,,,,0.0,
ising,tebd_swap,32.0,21.0,2.1,0.7045262790411536,0.2954737209588464,0.6210057729054813,0.9554318969796799,32.0,32.0,15016.0,240256.0,8.013271778996568,213.35594431951176,0.08855427229373031,0.0,,,,0.0,
ising,tebd_swap,32.0,22.0,2.2,0.693948032601452,0.30605196739854806,0.6051044769382434,0.945283409803705,32.0,32.0,15016.0,240256.0,11.454413174011279,223.27475336636417,0.09003483756314551,0.0,,,,0.0,
ising,tebd_swap,32.0,23.0,2.3000000000000003,0.6859399306328796,0.3140600693671204,0.590233935037153,0.9376453213524539,32.0,32.0,15016.0,240256.0,11.085235750011634,233.42151413409738,0.0865160510313048,0.0,,,,0.0,
ising,tebd_swap,32.0,24.0,2.4000000000000004,0.6756099954612487,0.3243900045387514,0.5759023850111383,0.9278443189830712,32.0,32.0,15016.0,240256.0,13.931090152007528,245.75492565700551,0.0880060051145745,0.0,,,,0.0,
ising,tebd_swap,32.0,25.0,2.5,0.6783252226987337,0.3216747773012662,0.5642773111614291,0.9304151749403766,32.0,32.0,15016.0,240256.0,9.502288362011313,254.17427442083135,0.08535515216606886,0.0,,,,0.0,
ising,tebd_swap,32.0,26.0,2.6,0.6883151881473967,0.3116848118526033,0.5532455755567887,0.939907025392684,32.0,32.0,15016.0,240256.0,11.071694915008266,264.0179544638959,0.08614451006676872,0.0,,,,0.0,
ising,tebd_swap,32.0,27.0,2.7,0.6955628417206123,0.30443715827938767,0.5426284580154229,0.946828133715801,32.0,32.0,15016.0,240256.0,14.051101917983033,276.78198557172436,0.08330421557244048,0.0,,,,0.0,
ising,tebd_swap,32.0,28.0,2.8000000000000003,0.7037876184062616,0.2962123815937384,0.5315192693040512,0.95472093522944,32.0,32.0,15016.0,240256.0,12.87699226604309,288.18194010987645,0.08306945162423897,0.0,,,,0.0,
ising,tebd_swap,32.0,29.0,2.9000000000000004,0.701682891618292,0.29831710838170794,0.5202495046644308,0.9526970828801437,32.0,32.0,15016.0,240256.0,13.074101350968704,300.47581751219695,0.09218012543019606,0.0,,,,0.0,
ising,tebd_swap,32.0,30.0,3.0,0.6917825060167908,0.30821749398320913,0.5094881933978901,0.9432143012933624,32.0,32.0,15016.0,240256.0,13.513739065965638,313.0065894392319,0.08453748285598607,0.0,,,,0.0,
