campaign_id,case,method,step,step_runtime_s,cumulative_runtime_s,repeat
circuit-long-trajectory-tdvp-krylov-override-v1,ising_1d,gate_local_2tdvp,0,0.0,0.0,0
circuit-long-trajectory-tdvp-krylov-override-v1,ising_1d,gate_local_2tdvp,1,0.1276123938150704,0.1276123938150704,0
circuit-long-trajectory-tdvp-krylov-override-v1,ising_1d,gate_local_2tdvp,2,0.13629633001983166,0.26390872383490205,0
circuit-long-trajectory-tdvp-krylov-override-v1,ising_1d,gate_local_2tdvp,3,0.1395358860027045,0.40344460983760655,0
circuit-long-trajectory-tdvp-krylov-override-v1,ising_1d,gate_local_2tdvp,4,0.1423930488526821,0.5458376586902887,0
circuit-long-trajectory-tdvp-krylov-override-v1,ising_1d,gate_local_2tdvp,5,0.14411455998197198,0.6899522186722606,0
circuit-long-trajectory-tdvp-krylov-override-v1,ising_1d,gate_local_2tdvp,6,0.14482200588099658,0.8347742245532572,0
circuit-long-trajectory-tdvp-krylov-override-v1,ising_1d,gate_local_2tdvp,7,0.14733692584559321,0.9821111503988504,0
circuit-long-trajectory-tdvp-krylov-override-v1,ising_1d,gate_local_2tdvp,8,0.151886320207268,1.1339974706061184,0
circuit-long-trajectory-tdvp-krylov-override-v1,ising_1d,gate_local_2tdvp,9,0.14738592389039695,1.2813833944965154,0
circuit-long-trajectory-tdvp-krylov-override-v1,ising_1d,gate_local_2tdvp,10,0.14957299293018878,1.4309563874267042,0
circuit-long-trajectory-tdvp-krylov-override-v1,ising_1d,gate_local_2tdvp,11,0.15472274995408952,1.5856791373807937,0
circuit-long-trajectory-tdvp-krylov-override-v1,ising_1d,gate_local_2tdvp,12,0.1508221090771258,1.7365012464579195,0
circuit-long-trajectory-tdvp-krylov-override-v1,ising_1d,gate_local_2tdvp,13,0.14625618094578385,1.8827574274037033,0
circuit-long-trajectory-tdvp-krylov-override-v1,ising_1d,gate_local_2tdvp,14,0.15017264988273382,2.032930077286437,0
circuit-long-trajectory-tdvp-krylov-override-v1,ising_1d,gate_local_2tdvp,15,0.1557495289016515,2.1886796061880887,0
circuit-long-trajectory-tdvp-krylov-override-v1,ising_1d,gate_local_2tdvp,16,0.15807881206274033,2.346758418250829,0
circuit-long-trajectory-tdvp-krylov-override-v1,ising_1d,gate_local_2tdvp,17,0.1638859659433365,2.5106443841941655,0
circuit-long-trajectory-tdvp-krylov-override-v1,ising_1d,gate_local_2tdvp,18,0.17958080722019076,2.6902251914143562,0
circuit-long-trajectory-tdvp-krylov-override-v1,ising_1d,gate_local_2tdvp,19,0.20301696588285267,2.893242157297209,0
circuit-long-trajectory-tdvp-krylov-override-v1,ising_1d,gate_local_2tdvp,20,0.2310803870204836,3.1243225443176925,0
circuit-long-trajectory-tdvp-krylov-override-v1,ising_1d,gate_local_2tdvp,21,0.2757256939075887,3.4000482382252812,0
circuit-long-trajectory-tdvp-krylov-override-v1,ising_1d,gate_local_2tdvp,22,0.29439517203718424,3.6944434102624655,0
circuit-long-trajectory-tdvp-krylov-override-v1,ising_1d,gate_local_2tdvp,23,0.38354178704321384,4.077985197305679,0
circuit-long-trajectory-tdvp-krylov-override-v1,ising_1d,gate_local_2tdvp,24,0.4565298459492624,4.534515043254942,0
circuit-long-trajectory-tdvp-krylov-override-v1,ising_1d,gate_local_2tdvp,25,0.617176917148754,5.151691960403696,0
circuit-long-trajectory-tdvp-krylov-override-v1,ising_1d,gate_local_2tdvp,26,1.207871135091409,6.359563095495105,0
circuit-long-trajectory-tdvp-krylov-override-v1,ising_1d,gate_local_2tdvp,27,1.760581559035927,8.120144654531032,0
circuit-long-trajectory-tdvp-krylov-override-v1,ising_1d,gate_local_2tdvp,28,1.7844715900719166,9.904616244602948,0
circuit-long-trajectory-tdvp-krylov-override-v1,ising_1d,gate_local_2tdvp,29,1.8098877759184688,11.714504020521417,0
circuit-long-trajectory-tdvp-krylov-override-v1,ising_1d,gate_local_2tdvp,30,1.8220681778620929,13.53657219838351,0
circuit-long-trajectory-tdvp-krylov-override-v1,ising_1d,gate_local_2tdvp,31,1.8770516491495073,15.413623847533017,0
circuit-long-trajectory-tdvp-krylov-override-v1,ising_1d,gate_local_2tdvp,32,1.8098373010288924,17.22346114856191,0
circuit-long-trajectory-tdvp-krylov-override-v1,ising_1d,gate_local_2tdvp,33,1.800210980931297,19.023672129493207,0
circuit-long-trajectory-tdvp-krylov-override-v1,ising_1d,gate_local_2tdvp,34,1.908081823028624,20.93175395252183,0
circuit-long-trajectory-tdvp-krylov-override-v1,ising_1d,gate_local_2tdvp,35,1.8466507128905505,22.77840466541238,0
circuit-long-trajectory-tdvp-krylov-override-v1,ising_1d,gate_local_2tdvp,36,1.7983626842033118,24.576767349615693,0
circuit-long-trajectory-tdvp-krylov-override-v1,ising_1d,gate_local_2tdvp,37,1.8692244898993522,26.445991839515045,0
circuit-long-trajectory-tdvp-krylov-override-v1,ising_1d,gate_local_2tdvp,38,1.8119790910277516,28.257970930542797,0
circuit-long-trajectory-tdvp-krylov-override-v1,ising_1d,gate_local_2tdvp,39,1.7784284458030015,30.0363993763458,0
circuit-long-trajectory-tdvp-krylov-override-v1,ising_1d,gate_local_2tdvp,40,1.8806186798028648,31.917018056148663,0
circuit-long-trajectory-tdvp-krylov-override-v1,ising_1d,gate_local_2tdvp,41,1.8052465789951384,33.7222646351438,0
circuit-long-trajectory-tdvp-krylov-override-v1,ising_1d,gate_local_2tdvp,42,1.8264893789310008,35.5487540140748,0
circuit-long-trajectory-tdvp-krylov-override-v1,ising_1d,gate_local_2tdvp,43,1.8380266500171274,37.38678066409193,0
circuit-long-trajectory-tdvp-krylov-override-v1,ising_1d,gate_local_2tdvp,44,1.8084281289484352,39.195208793040365,0
circuit-long-trajectory-tdvp-krylov-override-v1,ising_1d,gate_local_2tdvp,45,1.859616896836087,41.05482568987645,0
circuit-long-trajectory-tdvp-krylov-override-v1,ising_1d,gate_local_2tdvp,46,1.7986918229144067,42.85351751279086,0
circuit-long-trajectory-tdvp-krylov-override-v1,ising_1d,gate_local_2tdvp,47,1.89572038105689,44.74923789384775,0
circuit-long-trajectory-tdvp-krylov-override-v1,ising_1d,gate_local_2tdvp,48,1.8351380908861756,46.584375984733924,0
circuit-long-trajectory-tdvp-krylov-override-v1,ising_1d,gate_local_2tdvp,49,1.8801797730848193,48.464555757818744,0
circuit-long-trajectory-tdvp-krylov-override-v1,ising_1d,gate_local_2tdvp,50,1.8217095350846648,50.28626529290341,0
circuit-long-trajectory-tdvp-krylov-override-v1,ising_1d,gate_local_2tdvp,51,1.8726687850430608,52.15893407794647,0
circuit-long-trajectory-tdvp-krylov-override-v1,ising_1d,gate_local_2tdvp,52,1.804793018847704,53.96372709679417,0
circuit-long-trajectory-tdvp-krylov-override-v1,ising_1d,gate_local_2tdvp,53,1.840075263986364,55.80380236078054,0
circuit-long-trajectory-tdvp-krylov-override-v1,ising_1d,gate_local_2tdvp,54,1.827084060991183,57.63088642177172,0
circuit-long-trajectory-tdvp-krylov-override-v1,ising_1d,gate_local_2tdvp,55,1.8347867708653212,59.46567319263704,0
circuit-long-trajectory-tdvp-krylov-override-v1,ising_1d,gate_local_2tdvp,56,1.8311660990584642,61.296839291695505,0
circuit-long-trajectory-tdvp-krylov-override-v1,ising_1d,gate_local_2tdvp,57,1.8193173210602254,63.11615661275573,0
circuit-long-trajectory-tdvp-krylov-override-v1,ising_1d,gate_local_2tdvp,58,1.8410370249766856,64.95719363773242,0
circuit-long-trajectory-tdvp-krylov-override-v1,ising_1d,gate_local_2tdvp,59,1.8676781891845167,66.82487182691693,0
circuit-long-trajectory-tdvp-krylov-override-v1,ising_1d,gate_local_2tdvp,60,1.8423627601005137,68.66723458701745,0
circuit-long-trajectory-tdvp-krylov-override-v1,ising_1d,gate_local_2tdvp,61,1.8433199811261147,70.51055456814356,0
circuit-long-trajectory-tdvp-krylov-override-v1,ising_1d,gate_local_2tdvp,62,1.9012062510009855,72.41176081914455,0
circuit-long-trajectory-tdvp-krylov-override-v1,ising_1d,gate_local_2tdvp,0,0.0,0.0,1
circuit-long-trajectory-tdvp-krylov-override-v1,ising_1d,gate_local_2tdvp,1,0.13335467199794948,0.13335467199794948,1
circuit-long-trajectory-tdvp-krylov-override-v1,ising_1d,gate_local_2tdvp,2,0.1405612789094448,0.2739159509073943,1
circuit-long-trajectory-tdvp-krylov-override-v1,ising_1d,gate_local_2tdvp,3,0.13970978581346571,0.41362573672086,1
circuit-long-trajectory-tdvp-krylov-override-v1,ising_1d,gate_local_2tdvp,4,0.1417358499020338,0.5553615866228938,1
circuit-long-trajectory-tdvp-krylov-override-v1,ising_1d,gate_local_2tdvp,5,0.14516923390328884,0.7005308205261827,1
circuit-long-trajectory-tdvp-krylov-override-v1,ising_1d,gate_local_2tdvp,6,0.14541938295587897,0.8459502034820616,1
circuit-long-trajectory-tdvp-krylov-override-v1,ising_1d,gate_local_2tdvp,7,0.1486065450590104,0.994556748541072,1
circuit-long-trajectory-tdvp-krylov-override-v1,ising_1d,gate_local_2tdvp,8,0.15264041698537767,1.1471971655264497,1
circuit-long-trajectory-tdvp-krylov-override-v1,ising_1d,gate_local_2tdvp,9,0.14885700796730816,1.2960541734937578,1
circuit-long-trajectory-tdvp-krylov-override-v1,ising_1d,gate_local_2tdvp,10,0.15029617911204696,1.4463503526058048,1
circuit-long-trajectory-tdvp-krylov-override-v1,ising_1d,gate_local_2tdvp,11,0.15430700103752315,1.600657353643328,1
circuit-long-trajectory-tdvp-krylov-override-v1,ising_1d,gate_local_2tdvp,12,0.1524913120083511,1.753148665651679,1
circuit-long-trajectory-tdvp-krylov-override-v1,ising_1d,gate_local_2tdvp,13,0.14810666302219033,1.9012553286738694,1
circuit-long-trajectory-tdvp-krylov-override-v1,ising_1d,gate_local_2tdvp,14,0.15112936100922525,2.0523846896830946,1
circuit-long-trajectory-tdvp-krylov-override-v1,ising_1d,gate_local_2tdvp,15,0.15521040791645646,2.207595097599551,1
circuit-long-trajectory-tdvp-krylov-override-v1,ising_1d,gate_local_2tdvp,16,0.15943261794745922,2.3670277155470103,1
circuit-long-trajectory-tdvp-krylov-override-v1,ising_1d,gate_local_2tdvp,17,0.16366031393408775,2.530688029481098,1
circuit-long-trajectory-tdvp-krylov-override-v1,ising_1d,gate_local_2tdvp,18,0.18054605997167528,2.7112340894527733,1
circuit-long-trajectory-tdvp-krylov-override-v1,ising_1d,gate_local_2tdvp,19,0.2032385808415711,2.9144726702943444,1
circuit-long-trajectory-tdvp-krylov-override-v1,ising_1d,gate_local_2tdvp,20,0.23376435902900994,3.1482370293233544,1
circuit-long-trajectory-tdvp-krylov-override-v1,ising_1d,gate_local_2tdvp,21,0.27713395399041474,3.425370983313769,1
circuit-long-trajectory-tdvp-krylov-override-v1,ising_1d,gate_local_2tdvp,22,0.2939829519018531,3.719353935215622,1
circuit-long-trajectory-tdvp-krylov-override-v1,ising_1d,gate_local_2tdvp,23,0.38803560100495815,4.10738953622058,1
circuit-long-trajectory-tdvp-krylov-override-v1,ising_1d,gate_local_2tdvp,24,0.4589139660820365,4.566303502302617,1
circuit-long-trajectory-tdvp-krylov-override-v1,ising_1d,gate_local_2tdvp,25,0.6362533369101584,5.202556839212775,1
circuit-long-trajectory-tdvp-krylov-override-v1,ising_1d,gate_local_2tdvp,26,1.1739982168655843,6.3765550560783595,1
circuit-long-trajectory-tdvp-krylov-override-v1,ising_1d,gate_local_2tdvp,27,1.7788493209518492,8.155404377030209,1
circuit-long-trajectory-tdvp-krylov-override-v1,ising_1d,gate_local_2tdvp,28,1.7928732261061668,9.948277603136376,1
circuit-long-trajectory-tdvp-krylov-override-v1,ising_1d,gate_local_2tdvp,29,1.8535552029497921,11.801832806086168,1
circuit-long-trajectory-tdvp-krylov-override-v1,ising_1d,gate_local_2tdvp,30,1.790420609060675,13.592253415146843,1
circuit-long-trajectory-tdvp-krylov-override-v1,ising_1d,gate_local_2tdvp,31,1.8337855250574648,15.426038940204307,1
circuit-long-trajectory-tdvp-krylov-override-v1,ising_1d,gate_local_2tdvp,32,1.7818919699639082,17.207930910168216,1
circuit-long-trajectory-tdvp-krylov-override-v1,ising_1d,gate_local_2tdvp,33,1.7940502879209816,19.001981198089197,1
circuit-long-trajectory-tdvp-krylov-override-v1,ising_1d,gate_local_2tdvp,34,1.792628332041204,20.7946095301304,1
circuit-long-trajectory-tdvp-krylov-override-v1,ising_1d,gate_local_2tdvp,35,1.7841279411222786,22.57873747125268,1
circuit-long-trajectory-tdvp-krylov-override-v1,ising_1d,gate_local_2tdvp,36,1.8078145838808268,24.386552055133507,1
circuit-long-trajectory-tdvp-krylov-override-v1,ising_1d,gate_local_2tdvp,37,1.7848326528910547,26.17138470802456,1
circuit-long-trajectory-tdvp-krylov-override-v1,ising_1d,gate_local_2tdvp,38,1.8301979321986437,28.001582640223205,1
circuit-long-trajectory-tdvp-krylov-override-v1,ising_1d,gate_local_2tdvp,39,1.8350059548392892,29.836588595062494,1
circuit-long-trajectory-tdvp-krylov-override-v1,ising_1d,gate_local_2tdvp,40,1.8315480120945722,31.668136607157066,1
circuit-long-trajectory-tdvp-krylov-override-v1,ising_1d,gate_local_2tdvp,41,1.887095709098503,33.55523231625557,1
circuit-long-trajectory-tdvp-krylov-override-v1,ising_1d,gate_local_2tdvp,42,1.9387889159843326,35.4940212322399,1
circuit-long-trajectory-tdvp-krylov-override-v1,ising_1d,gate_local_2tdvp,43,2.0578146912157536,37.551835923455656,1
circuit-long-trajectory-tdvp-krylov-override-v1,ising_1d,gate_local_2tdvp,44,2.1654175559524447,39.7172534794081,1
circuit-long-trajectory-tdvp-krylov-override-v1,ising_1d,gate_local_2tdvp,45,2.1008624949026853,41.818115974310786,1
circuit-long-trajectory-tdvp-krylov-override-v1,ising_1d,gate_local_2tdvp,46,1.8547211561817676,43.67283713049255,1
circuit-long-trajectory-tdvp-krylov-override-v1,ising_1d,gate_local_2tdvp,47,1.8424713269341737,45.51530845742673,1
circuit-long-trajectory-tdvp-krylov-override-v1,ising_1d,gate_local_2tdvp,48,1.9172999248839915,47.43260838231072,1
circuit-long-trajectory-tdvp-krylov-override-v1,ising_1d,gate_local_2tdvp,49,1.8248068040702492,49.25741518638097,1
circuit-long-trajectory-tdvp-krylov-override-v1,ising_1d,gate_local_2tdvp,50,1.8832011257763952,51.14061631215736,1
circuit-long-trajectory-tdvp-krylov-override-v1,ising_1d,gate_local_2tdvp,51,1.8456893989350647,52.98630571109243,1
circuit-long-trajectory-tdvp-krylov-override-v1,ising_1d,gate_local_2tdvp,52,1.8342018721159548,54.82050758320838,1
circuit-long-trajectory-tdvp-krylov-override-v1,ising_1d,gate_local_2tdvp,53,1.8172361420001835,56.637743725208566,1
circuit-long-trajectory-tdvp-krylov-override-v1,ising_1d,gate_local_2tdvp,54,1.8399084859993309,58.4776522112079,1
circuit-long-trajectory-tdvp-krylov-override-v1,ising_1d,gate_local_2tdvp,55,1.8134166768286377,60.291068888036534,1
circuit-long-trajectory-tdvp-krylov-override-v1,ising_1d,gate_local_2tdvp,56,1.8196945399977267,62.11076342803426,1
circuit-long-trajectory-tdvp-krylov-override-v1,ising_1d,gate_local_2tdvp,57,1.8880963250994682,63.99885975313373,1
circuit-long-trajectory-tdvp-krylov-override-v1,ising_1d,gate_local_2tdvp,58,1.9554360162001103,65.95429576933384,1
circuit-long-trajectory-tdvp-krylov-override-v1,ising_1d,gate_local_2tdvp,59,1.913804274983704,67.86810004431754,1
circuit-long-trajectory-tdvp-krylov-override-v1,ising_1d,gate_local_2tdvp,60,1.8617324410006404,69.72983248531818,1
circuit-long-trajectory-tdvp-krylov-override-v1,ising_1d,gate_local_2tdvp,61,2.1022423289250582,71.83207481424324,1
circuit-long-trajectory-tdvp-krylov-override-v1,ising_1d,gate_local_2tdvp,62,1.8776859531644732,73.70976076740772,1
circuit-long-trajectory-tdvp-krylov-override-v1,ising_1d,gate_local_2tdvp,0,0.0,0.0,2
circuit-long-trajectory-tdvp-krylov-override-v1,ising_1d,gate_local_2tdvp,1,0.12710348307155073,0.12710348307155073,2
circuit-long-trajectory-tdvp-krylov-override-v1,ising_1d,gate_local_2tdvp,2,0.13496751198545098,0.2620709950570017,2
circuit-long-trajectory-tdvp-krylov-override-v1,ising_1d,gate_local_2tdvp,3,0.13849013089202344,0.40056112594902515,2
circuit-long-trajectory-tdvp-krylov-override-v1,ising_1d,gate_local_2tdvp,4,0.13999344408512115,0.5405545700341463,2
circuit-long-trajectory-tdvp-krylov-override-v1,ising_1d,gate_local_2tdvp,5,0.14245575410313904,0.6830103241372854,2
circuit-long-trajectory-tdvp-krylov-override-v1,ising_1d,gate_local_2tdvp,6,0.1440241790842265,0.8270345032215118,2
circuit-long-trajectory-tdvp-krylov-override-v1,ising_1d,gate_local_2tdvp,7,0.1471442049369216,0.9741787081584334,2
circuit-long-trajectory-tdvp-krylov-override-v1,ising_1d,gate_local_2tdvp,8,0.1515273880213499,1.1257060961797833,2
circuit-long-trajectory-tdvp-krylov-override-v1,ising_1d,gate_local_2tdvp,9,0.14627318200655282,1.2719792781863362,2
circuit-long-trajectory-tdvp-krylov-override-v1,ising_1d,gate_local_2tdvp,10,0.1461448040790856,1.4181240822654217,2
circuit-long-trajectory-tdvp-krylov-override-v1,ising_1d,gate_local_2tdvp,11,0.15295095997862518,1.571075042244047,2
circuit-long-trajectory-tdvp-krylov-override-v1,ising_1d,gate_local_2tdvp,12,0.15028897509910166,1.7213640173431486,2
circuit-long-trajectory-tdvp-krylov-override-v1,ising_1d,gate_local_2tdvp,13,0.14595115999691188,1.8673151773400605,2
circuit-long-trajectory-tdvp-krylov-override-v1,ising_1d,gate_local_2tdvp,14,0.15190781909041107,2.0192229964304715,2
circuit-long-trajectory-tdvp-krylov-override-v1,ising_1d,gate_local_2tdvp,15,0.1608915829565376,2.180114579387009,2
circuit-long-trajectory-tdvp-krylov-override-v1,ising_1d,gate_local_2tdvp,16,0.15876813395880163,2.3388827133458108,2
circuit-long-trajectory-tdvp-krylov-override-v1,ising_1d,gate_local_2tdvp,17,0.16325527685694396,2.5021379902027547,2
circuit-long-trajectory-tdvp-krylov-override-v1,ising_1d,gate_local_2tdvp,18,0.17890840000472963,2.6810463902074844,2
circuit-long-trajectory-tdvp-krylov-override-v1,ising_1d,gate_local_2tdvp,19,0.2037917380221188,2.884838128229603,2
circuit-long-trajectory-tdvp-krylov-override-v1,ising_1d,gate_local_2tdvp,20,0.23203629394993186,3.116874422179535,2
circuit-long-trajectory-tdvp-krylov-override-v1,ising_1d,gate_local_2tdvp,21,0.2745492421090603,3.3914236642885953,2
circuit-long-trajectory-tdvp-krylov-override-v1,ising_1d,gate_local_2tdvp,22,0.2943394861649722,3.6857631504535675,2
circuit-long-trajectory-tdvp-krylov-override-v1,ising_1d,gate_local_2tdvp,23,0.38235376914963126,4.068116919603199,2
circuit-long-trajectory-tdvp-krylov-override-v1,ising_1d,gate_local_2tdvp,24,0.45699411001987755,4.525111029623076,2
circuit-long-trajectory-tdvp-krylov-override-v1,ising_1d,gate_local_2tdvp,25,0.6392825490329415,5.164393578656018,2
circuit-long-trajectory-tdvp-krylov-override-v1,ising_1d,gate_local_2tdvp,26,1.171044786926359,6.335438365582377,2
circuit-long-trajectory-tdvp-krylov-override-v1,ising_1d,gate_local_2tdvp,27,1.7168563569430262,8.052294722525403,2
circuit-long-trajectory-tdvp-krylov-override-v1,ising_1d,gate_local_2tdvp,28,1.9466472289059311,9.998941951431334,2
circuit-long-trajectory-tdvp-krylov-override-v1,ising_1d,gate_local_2tdvp,29,1.795988260069862,11.794930211501196,2
circuit-long-trajectory-tdvp-krylov-override-v1,ising_1d,gate_local_2tdvp,30,1.8963981461711228,13.691328357672319,2
circuit-long-trajectory-tdvp-krylov-override-v1,ising_1d,gate_local_2tdvp,31,1.8328801260795444,15.524208483751863,2
circuit-long-trajectory-tdvp-krylov-override-v1,ising_1d,gate_local_2tdvp,32,1.8410802648868412,17.365288748638704,2
circuit-long-trajectory-tdvp-krylov-override-v1,ising_1d,gate_local_2tdvp,33,1.7903843019157648,19.15567305055447,2
circuit-long-trajectory-tdvp-krylov-override-v1,ising_1d,gate_local_2tdvp,34,1.8216930949129164,20.977366145467386,2
circuit-long-trajectory-tdvp-krylov-override-v1,ising_1d,gate_local_2tdvp,35,1.8662365139462054,22.84360265941359,2
circuit-long-trajectory-tdvp-krylov-override-v1,ising_1d,gate_local_2tdvp,36,1.895074489992112,24.738677149405703,2
circuit-long-trajectory-tdvp-krylov-override-v1,ising_1d,gate_local_2tdvp,37,1.912146010901779,26.650823160307482,2
circuit-long-trajectory-tdvp-krylov-override-v1,ising_1d,gate_local_2tdvp,38,1.8006525291129947,28.451475689420477,2
circuit-long-trajectory-tdvp-krylov-override-v1,ising_1d,gate_local_2tdvp,39,1.8581925090402365,30.309668198460713,2
circuit-long-trajectory-tdvp-krylov-override-v1,ising_1d,gate_local_2tdvp,40,1.831747422926128,32.14141562138684,2
circuit-long-trajectory-tdvp-krylov-override-v1,ising_1d,gate_local_2tdvp,41,1.883004552917555,34.024420174304396,2
circuit-long-trajectory-tdvp-krylov-override-v1,ising_1d,gate_local_2tdvp,42,1.873266516951844,35.89768669125624,2
circuit-long-trajectory-tdvp-krylov-override-v1,ising_1d,gate_local_2tdvp,43,1.8328507069963962,37.730537398252636,2
circuit-long-trajectory-tdvp-krylov-override-v1,ising_1d,gate_local_2tdvp,44,1.816140300128609,39.546677698381245,2
circuit-long-trajectory-tdvp-krylov-override-v1,ising_1d,gate_local_2tdvp,45,1.9686228588689119,41.51530055725016,2
circuit-long-trajectory-tdvp-krylov-override-v1,ising_1d,gate_local_2tdvp,46,1.8258085378911346,43.34110909514129,2
circuit-long-trajectory-tdvp-krylov-override-v1,ising_1d,gate_local_2tdvp,47,1.8135595070198178,45.15466860216111,2
circuit-long-trajectory-tdvp-krylov-override-v1,ising_1d,gate_local_2tdvp,48,1.7983976090326905,46.9530662111938,2
circuit-long-trajectory-tdvp-krylov-override-v1,ising_1d,gate_local_2tdvp,49,1.8047375690657645,48.757803780259565,2
circuit-long-trajectory-tdvp-krylov-override-v1,ising_1d,gate_local_2tdvp,50,1.8192371379118413,50.577040918171406,2
circuit-long-trajectory-tdvp-krylov-override-v1,ising_1d,gate_local_2tdvp,51,1.8291614779736847,52.40620239614509,2
circuit-long-trajectory-tdvp-krylov-override-v1,ising_1d,gate_local_2tdvp,52,1.8438117550686002,54.25001415121369,2
circuit-long-trajectory-tdvp-krylov-override-v1,ising_1d,gate_local_2tdvp,53,1.8473484758287668,56.09736262704246,2
circuit-long-trajectory-tdvp-krylov-override-v1,ising_1d,gate_local_2tdvp,54,1.8338840589858592,57.93124668602832,2
circuit-long-trajectory-tdvp-krylov-override-v1,ising_1d,gate_local_2tdvp,55,1.8602911490015686,59.791537835029885,2
circuit-long-trajectory-tdvp-krylov-override-v1,ising_1d,gate_local_2tdvp,56,1.861333732958883,61.65287156798877,2
circuit-long-trajectory-tdvp-krylov-override-v1,ising_1d,gate_local_2tdvp,57,1.8264307789504528,63.47930234693922,2
circuit-long-trajectory-tdvp-krylov-override-v1,ising_1d,gate_local_2tdvp,58,1.8467344620730728,65.3260368090123,2
circuit-long-trajectory-tdvp-krylov-override-v1,ising_1d,gate_local_2tdvp,59,1.8056521390099078,67.1316889480222,2
circuit-long-trajectory-tdvp-krylov-override-v1,ising_1d,gate_local_2tdvp,60,1.8680562891531736,68.99974523717538,2
circuit-long-trajectory-tdvp-krylov-override-v1,ising_1d,gate_local_2tdvp,61,1.828709959052503,70.82845519622788,2
circuit-long-trajectory-tdvp-krylov-override-v1,ising_1d,gate_local_2tdvp,62,2.1225362138357013,72.95099141006358,2
circuit-long-trajectory-tdvp-krylov-override-v1,heisenberg_1d,gate_local_2tdvp,0,0.0,0.0,0
circuit-long-trajectory-tdvp-krylov-override-v1,heisenberg_1d,gate_local_2tdvp,1,0.3883530080784112,0.3883530080784112,0
circuit-long-trajectory-tdvp-krylov-override-v1,heisenberg_1d,gate_local_2tdvp,2,0.42822557501494884,0.8165785830933601,0
circuit-long-trajectory-tdvp-krylov-override-v1,heisenberg_1d,gate_local_2tdvp,3,0.4829151779413223,1.2994937610346824,0
circuit-long-trajectory-tdvp-krylov-override-v1,heisenberg_1d,gate_local_2tdvp,4,0.7108047439251095,2.010298504959792,0
circuit-long-trajectory-tdvp-krylov-override-v1,heisenberg_1d,gate_local_2tdvp,5,1.5534031249117106,3.5637016298715025,0
circuit-long-trajectory-tdvp-krylov-override-v1,heisenberg_1d,gate_local_2tdvp,6,4.548739011166617,8.11244064103812,0
circuit-long-trajectory-tdvp-krylov-override-v1,heisenberg_1d,gate_local_2tdvp,7,5.154061920009553,13.266502561047673,0
circuit-long-trajectory-tdvp-krylov-override-v1,heisenberg_1d,gate_local_2tdvp,8,5.1359805897809565,18.40248315082863,0
circuit-long-trajectory-tdvp-krylov-override-v1,heisenberg_1d,gate_local_2tdvp,9,5.204356522066519,23.60683967289515,0
circuit-long-trajectory-tdvp-krylov-override-v1,heisenberg_1d,gate_local_2tdvp,10,5.086459118872881,28.69329879176803,0
circuit-long-trajectory-tdvp-krylov-override-v1,heisenberg_1d,gate_local_2tdvp,11,9.908393064048141,38.60169185581617,0
circuit-long-trajectory-tdvp-krylov-override-v1,heisenberg_1d,gate_local_2tdvp,12,5.076356603996828,43.678048459813,0
circuit-long-trajectory-tdvp-krylov-override-v1,heisenberg_1d,gate_local_2tdvp,13,5.098224834073335,48.776273293886334,0
circuit-long-trajectory-tdvp-krylov-override-v1,heisenberg_1d,gate_local_2tdvp,14,5.17995521100238,53.95622850488871,0
circuit-long-trajectory-tdvp-krylov-override-v1,heisenberg_1d,gate_local_2tdvp,15,5.076703108148649,59.03293161303736,0
circuit-long-trajectory-tdvp-krylov-override-v1,heisenberg_1d,gate_local_2tdvp,16,5.158495394978672,64.19142700801603,0
circuit-long-trajectory-tdvp-krylov-override-v1,heisenberg_1d,gate_local_2tdvp,17,5.160738888895139,69.35216589691117,0
circuit-long-trajectory-tdvp-krylov-override-v1,heisenberg_1d,gate_local_2tdvp,18,5.067848437000066,74.42001433391124,0
circuit-long-trajectory-tdvp-krylov-override-v1,heisenberg_1d,gate_local_2tdvp,19,5.047541816020384,79.46755614993162,0
circuit-long-trajectory-tdvp-krylov-override-v1,heisenberg_1d,gate_local_2tdvp,20,5.269987316103652,84.73754346603528,0
circuit-long-trajectory-tdvp-krylov-override-v1,heisenberg_1d,gate_local_2tdvp,21,5.13914405182004,89.87668751785532,0
circuit-long-trajectory-tdvp-krylov-override-v1,heisenberg_1d,gate_local_2tdvp,22,5.194605047814548,95.07129256566986,0
circuit-long-trajectory-tdvp-krylov-override-v1,heisenberg_1d,gate_local_2tdvp,23,5.063586313975975,100.13487887964584,0
circuit-long-trajectory-tdvp-krylov-override-v1,heisenberg_1d,gate_local_2tdvp,24,5.205625561997294,105.34050444164313,0
circuit-long-trajectory-tdvp-krylov-override-v1,heisenberg_1d,gate_local_2tdvp,25,5.416845615021884,110.75735005666502,0
circuit-long-trajectory-tdvp-krylov-override-v1,heisenberg_1d,gate_local_2tdvp,26,5.2055759341456,115.96292599081062,0
circuit-long-trajectory-tdvp-krylov-override-v1,heisenberg_1d,gate_local_2tdvp,27,5.0427751410752535,121.00570113188587,0
circuit-long-trajectory-tdvp-krylov-override-v1,heisenberg_1d,gate_local_2tdvp,28,5.146416750038043,126.15211788192391,0
circuit-long-trajectory-tdvp-krylov-override-v1,heisenberg_1d,gate_local_2tdvp,29,5.200304456986487,131.3524223389104,0
circuit-long-trajectory-tdvp-krylov-override-v1,heisenberg_1d,gate_local_2tdvp,30,5.000226400094107,136.3526487390045,0
circuit-long-trajectory-tdvp-krylov-override-v1,heisenberg_1d,gate_local_2tdvp,31,5.438199022086337,141.79084776109084,0
circuit-long-trajectory-tdvp-krylov-override-v1,heisenberg_1d,gate_local_2tdvp,32,5.07742626988329,146.86827403097413,0
circuit-long-trajectory-tdvp-krylov-override-v1,heisenberg_1d,gate_local_2tdvp,33,5.095031569944695,151.96330560091883,0
circuit-long-trajectory-tdvp-krylov-override-v1,heisenberg_1d,gate_local_2tdvp,34,5.021674324059859,156.9849799249787,0
circuit-long-trajectory-tdvp-krylov-override-v1,heisenberg_1d,gate_local_2tdvp,35,5.158977257786319,162.143957182765,0
circuit-long-trajectory-tdvp-krylov-override-v1,heisenberg_1d,gate_local_2tdvp,36,5.165085321990773,167.30904250475578,0
circuit-long-trajectory-tdvp-krylov-override-v1,heisenberg_1d,gate_local_2tdvp,37,5.0689160651527345,172.37795856990851,0
circuit-long-trajectory-tdvp-krylov-override-v1,heisenberg_1d,gate_local_2tdvp,0,0.0,0.0,1
circuit-long-trajectory-tdvp-krylov-override-v1,heisenberg_1d,gate_local_2tdvp,1,0.3916457751765847,0.3916457751765847,1
circuit-long-trajectory-tdvp-krylov-override-v1,heisenberg_1d,gate_local_2tdvp,2,0.4209259150084108,0.8125716901849955,1
circuit-long-trajectory-tdvp-krylov-override-v1,heisenberg_1d,gate_local_2tdvp,3,0.4944575179833919,1.3070292081683874,1
circuit-long-trajectory-tdvp-krylov-override-v1,heisenberg_1d,gate_local_2tdvp,4,0.7146926380228251,2.0217218461912125,1
circuit-long-trajectory-tdvp-krylov-override-v1,heisenberg_1d,gate_local_2tdvp,5,1.573306909063831,3.5950287552550435,1
circuit-long-trajectory-tdvp-krylov-override-v1,heisenberg_1d,gate_local_2tdvp,6,4.388701663119718,7.983730418374762,1
circuit-long-trajectory-tdvp-krylov-override-v1,heisenberg_1d,gate_local_2tdvp,7,4.99148160405457,12.975212022429332,1
circuit-long-trajectory-tdvp-krylov-override-v1,heisenberg_1d,gate_local_2tdvp,8,5.1810044050216675,18.156216427451,1
circuit-long-trajectory-tdvp-krylov-override-v1,heisenberg_1d,gate_local_2tdvp,9,5.019915967946872,23.17613239539787,1
circuit-long-trajectory-tdvp-krylov-override-v1,heisenberg_1d,gate_local_2tdvp,10,5.062596472911537,28.23872886830941,1
circuit-long-trajectory-tdvp-krylov-override-v1,heisenberg_1d,gate_local_2tdvp,11,5.194506354164332,33.43323522247374,1
circuit-long-trajectory-tdvp-krylov-override-v1,heisenberg_1d,gate_local_2tdvp,12,5.6289725517854095,39.06220777425915,1
circuit-long-trajectory-tdvp-krylov-override-v1,heisenberg_1d,gate_local_2tdvp,13,5.446607389952987,44.50881516421214,1
circuit-long-trajectory-tdvp-krylov-override-v1,heisenberg_1d,gate_local_2tdvp,14,5.208339981967583,49.71715514617972,1
circuit-long-trajectory-tdvp-krylov-override-v1,heisenberg_1d,gate_local_2tdvp,15,5.070494720945135,54.787649867124856,1
circuit-long-trajectory-tdvp-krylov-override-v1,heisenberg_1d,gate_local_2tdvp,16,5.054061394184828,59.84171126130968,1
circuit-long-trajectory-tdvp-krylov-override-v1,heisenberg_1d,gate_local_2tdvp,17,5.055687380023301,64.89739864133298,1
circuit-long-trajectory-tdvp-krylov-override-v1,heisenberg_1d,gate_local_2tdvp,18,5.1944109599571675,70.09180960129015,1
circuit-long-trajectory-tdvp-krylov-override-v1,heisenberg_1d,gate_local_2tdvp,19,5.061673477990553,75.1534830792807,1
circuit-long-trajectory-tdvp-krylov-override-v1,heisenberg_1d,gate_local_2tdvp,20,5.04790395591408,80.20138703519478,1
circuit-long-trajectory-tdvp-krylov-override-v1,heisenberg_1d,gate_local_2tdvp,21,5.104348478838801,85.30573551403359,1
circuit-long-trajectory-tdvp-krylov-override-v1,heisenberg_1d,gate_local_2tdvp,22,5.061220376985148,90.36695589101873,1
circuit-long-trajectory-tdvp-krylov-override-v1,heisenberg_1d,gate_local_2tdvp,23,5.078532946063206,95.44548883708194,1
circuit-long-trajectory-tdvp-krylov-override-v1,heisenberg_1d,gate_local_2tdvp,24,5.762126834131777,101.20761567121372,1
circuit-long-trajectory-tdvp-krylov-override-v1,heisenberg_1d,gate_local_2tdvp,25,5.159911233000457,106.36752690421417,1
circuit-long-trajectory-tdvp-krylov-override-v1,heisenberg_1d,gate_local_2tdvp,26,5.18533675186336,111.55286365607753,1
circuit-long-trajectory-tdvp-krylov-override-v1,heisenberg_1d,gate_local_2tdvp,27,5.174590817885473,116.72745447396301,1
circuit-long-trajectory-tdvp-krylov-override-v1,heisenberg_1d,gate_local_2tdvp,28,5.0054359789937735,121.73289045295678,1
circuit-long-trajectory-tdvp-krylov-override-v1,heisenberg_1d,gate_local_2tdvp,29,5.042941163992509,126.77583161694929,1
circuit-long-trajectory-tdvp-krylov-override-v1,heisenberg_1d,gate_local_2tdvp,30,5.0120033419225365,131.78783495887183,1
circuit-long-trajectory-tdvp-krylov-override-v1,heisenberg_1d,gate_local_2tdvp,31,5.069550308864564,136.8573852677364,1
circuit-long-trajectory-tdvp-krylov-override-v1,heisenberg_1d,gate_local_2tdvp,32,5.013112729880959,141.87049799761735,1
circuit-long-trajectory-tdvp-krylov-override-v1,heisenberg_1d,gate_local_2tdvp,33,5.083507779054344,146.9540057766717,1
circuit-long-trajectory-tdvp-krylov-override-v1,heisenberg_1d,gate_local_2tdvp,34,5.194642642978579,152.14864841965027,1
circuit-long-trajectory-tdvp-krylov-override-v1,heisenberg_1d,gate_local_2tdvp,35,5.089516632026061,157.23816505167633,1
circuit-long-trajectory-tdvp-krylov-override-v1,heisenberg_1d,gate_local_2tdvp,36,5.097080298932269,162.3352453506086,1
circuit-long-trajectory-tdvp-krylov-override-v1,heisenberg_1d,gate_local_2tdvp,37,5.012875389074907,167.3481207396835,1
circuit-long-trajectory-tdvp-krylov-override-v1,heisenberg_1d,gate_local_2tdvp,0,0.0,0.0,2
circuit-long-trajectory-tdvp-krylov-override-v1,heisenberg_1d,gate_local_2tdvp,1,0.38730988278985023,0.38730988278985023,2
circuit-long-trajectory-tdvp-krylov-override-v1,heisenberg_1d,gate_local_2tdvp,2,0.4120744951069355,0.7993843778967857,2
circuit-long-trajectory-tdvp-krylov-override-v1,heisenberg_1d,gate_local_2tdvp,3,0.4822023478336632,1.281586725730449,2
circuit-long-trajectory-tdvp-krylov-override-v1,heisenberg_1d,gate_local_2tdvp,4,0.6967696279753,1.978356353705749,2
circuit-long-trajectory-tdvp-krylov-override-v1,heisenberg_1d,gate_local_2tdvp,5,1.573714761994779,3.552071115700528,2
circuit-long-trajectory-tdvp-krylov-override-v1,heisenberg_1d,gate_local_2tdvp,6,4.353462632978335,7.905533748678863,2
circuit-long-trajectory-tdvp-krylov-override-v1,heisenberg_1d,gate_local_2tdvp,7,4.992505365051329,12.898039113730192,2
circuit-long-trajectory-tdvp-krylov-override-v1,heisenberg_1d,gate_local_2tdvp,8,5.026702658040449,17.92474177177064,2
circuit-long-trajectory-tdvp-krylov-override-v1,heisenberg_1d,gate_local_2tdvp,9,5.062245266046375,22.986987037817016,2
circuit-long-trajectory-tdvp-krylov-override-v1,heisenberg_1d,gate_local_2tdvp,10,4.9564251489937305,27.943412186810747,2
circuit-long-trajectory-tdvp-krylov-override-v1,heisenberg_1d,gate_local_2tdvp,11,5.088057745946571,33.03146993275732,2
circuit-long-trajectory-tdvp-krylov-override-v1,heisenberg_1d,gate_local_2tdvp,12,5.06018941081129,38.09165934356861,2
circuit-long-trajectory-tdvp-krylov-override-v1,heisenberg_1d,gate_local_2tdvp,13,5.063520532101393,43.15517987567,2
circuit-long-trajectory-tdvp-krylov-override-v1,heisenberg_1d,gate_local_2tdvp,14,5.028049047105014,48.183228922775015,2
circuit-long-trajectory-tdvp-krylov-override-v1,heisenberg_1d,gate_local_2tdvp,15,5.0695516869891435,53.25278060976416,2
circuit-long-trajectory-tdvp-krylov-override-v1,heisenberg_1d,gate_local_2tdvp,16,5.201804293086752,58.45458490285091,2
circuit-long-trajectory-tdvp-krylov-override-v1,heisenberg_1d,gate_local_2tdvp,17,5.023020157124847,63.47760505997576,2
circuit-long-trajectory-tdvp-krylov-override-v1,heisenberg_1d,gate_local_2tdvp,18,5.03599531785585,68.51360037783161,2
circuit-long-trajectory-tdvp-krylov-override-v1,heisenberg_1d,gate_local_2tdvp,19,5.156516310060397,73.670116687892,2
circuit-long-trajectory-tdvp-krylov-override-v1,heisenberg_1d,gate_local_2tdvp,20,4.980646895011887,78.65076358290389,2
circuit-long-trajectory-tdvp-krylov-override-v1,heisenberg_1d,gate_local_2tdvp,21,5.007599518168718,83.65836310107261,2
circuit-long-trajectory-tdvp-krylov-override-v1,heisenberg_1d,gate_local_2tdvp,22,5.071006783051416,88.72936988412403,2
circuit-long-trajectory-tdvp-krylov-override-v1,heisenberg_1d,gate_local_2tdvp,23,5.25470811012201,93.98407799424604,2
circuit-long-trajectory-tdvp-krylov-override-v1,heisenberg_1d,gate_local_2tdvp,24,5.082506703911349,99.06658469815738,2
circuit-long-trajectory-tdvp-krylov-override-v1,heisenberg_1d,gate_local_2tdvp,25,5.006573986960575,104.07315868511796,2
circuit-long-trajectory-tdvp-krylov-override-v1,heisenberg_1d,gate_local_2tdvp,26,5.077784202992916,109.15094288811088,2
circuit-long-trajectory-tdvp-krylov-override-v1,heisenberg_1d,gate_local_2tdvp,27,5.039610238978639,114.19055312708952,2
circuit-long-trajectory-tdvp-krylov-override-v1,heisenberg_1d,gate_local_2tdvp,28,5.103900982066989,119.2944541091565,2
circuit-long-trajectory-tdvp-krylov-override-v1,heisenberg_1d,gate_local_2tdvp,29,5.1046194029040635,124.39907351206057,2
circuit-long-trajectory-tdvp-krylov-override-v1,heisenberg_1d,gate_local_2tdvp,30,5.12392152287066,129.52299503493123,2
circuit-long-trajectory-tdvp-krylov-override-v1,heisenberg_1d,gate_local_2tdvp,31,5.159015443874523,134.68201047880575,2
circuit-long-trajectory-tdvp-krylov-override-v1,heisenberg_1d,gate_local_2tdvp,32,5.021160610020161,139.7031710888259,2
circuit-long-trajectory-tdvp-krylov-override-v1,heisenberg_1d,gate_local_2tdvp,33,5.064018163830042,144.76718925265595,2
circuit-long-trajectory-tdvp-krylov-override-v1,heisenberg_1d,gate_local_2tdvp,34,5.179754524957389,149.94694377761334,2
circuit-long-trajectory-tdvp-krylov-override-v1,heisenberg_1d,gate_local_2tdvp,35,5.053249940974638,155.00019371858798,2
circuit-long-trajectory-tdvp-krylov-override-v1,heisenberg_1d,gate_local_2tdvp,36,5.006371511844918,160.0065652304329,2
circuit-long-trajectory-tdvp-krylov-override-v1,heisenberg_1d,gate_local_2tdvp,37,5.09910434205085,165.10566957248375,2
circuit-long-trajectory-tdvp-krylov-override-v1,ising_2d,gate_local_2tdvp,0,0.0,0.0,0
circuit-long-trajectory-tdvp-krylov-override-v1,ising_2d,gate_local_2tdvp,1,0.2767517459578812,0.2767517459578812,0
circuit-long-trajectory-tdvp-krylov-override-v1,ising_2d,gate_local_2tdvp,2,0.320485444040969,0.5972371899988502,0
circuit-long-trajectory-tdvp-krylov-override-v1,ising_2d,gate_local_2tdvp,3,0.39806768181733787,0.9953048718161881,0
circuit-long-trajectory-tdvp-krylov-override-v1,ising_2d,gate_local_2tdvp,4,0.8614280140027404,1.8567328858189285,0
circuit-long-trajectory-tdvp-krylov-override-v1,ising_2d,gate_local_2tdvp,5,2.0599480310920626,3.916680916910991,0
circuit-long-trajectory-tdvp-krylov-override-v1,ising_2d,gate_local_2tdvp,6,3.0158622269518673,6.932543143862858,0
circuit-long-trajectory-tdvp-krylov-override-v1,ising_2d,gate_local_2tdvp,7,3.09085925295949,10.023402396822348,0
circuit-long-trajectory-tdvp-krylov-override-v1,ising_2d,gate_local_2tdvp,8,3.153071786975488,13.176474183797836,0
circuit-long-trajectory-tdvp-krylov-override-v1,ising_2d,gate_local_2tdvp,9,3.1237861879635602,16.300260371761397,0
circuit-long-trajectory-tdvp-krylov-override-v1,ising_2d,gate_local_2tdvp,10,3.2141271780710667,19.514387549832463,0
circuit-long-trajectory-tdvp-krylov-override-v1,ising_2d,gate_local_2tdvp,11,3.1830867929384112,22.697474342770875,0
circuit-long-trajectory-tdvp-krylov-override-v1,ising_2d,gate_local_2tdvp,12,3.1476803249679506,25.845154667738825,0
circuit-long-trajectory-tdvp-krylov-override-v1,ising_2d,gate_local_2tdvp,13,3.2697349961381406,29.114889663876966,0
circuit-long-trajectory-tdvp-krylov-override-v1,ising_2d,gate_local_2tdvp,14,3.2425931389443576,32.35748280282132,0
circuit-long-trajectory-tdvp-krylov-override-v1,ising_2d,gate_local_2tdvp,15,3.1705228718928993,35.52800567471422,0
circuit-long-trajectory-tdvp-krylov-override-v1,ising_2d,gate_local_2tdvp,16,3.2563099400140345,38.78431561472826,0
circuit-long-trajectory-tdvp-krylov-override-v1,ising_2d,gate_local_2tdvp,17,3.1683031409047544,41.95261875563301,0
circuit-long-trajectory-tdvp-krylov-override-v1,ising_2d,gate_local_2tdvp,18,3.1888042038772255,45.14142295951024,0
circuit-long-trajectory-tdvp-krylov-override-v1,ising_2d,gate_local_2tdvp,19,3.2136270850896835,48.35505004459992,0
circuit-long-trajectory-tdvp-krylov-override-v1,ising_2d,gate_local_2tdvp,20,3.2475583269260824,51.602608371526,0
circuit-long-trajectory-tdvp-krylov-override-v1,ising_2d,gate_local_2tdvp,21,3.2464047798421234,54.849013151368126,0
circuit-long-trajectory-tdvp-krylov-override-v1,ising_2d,gate_local_2tdvp,22,3.3110188799910247,58.16003203135915,0
circuit-long-trajectory-tdvp-krylov-override-v1,ising_2d,gate_local_2tdvp,23,3.1859544350299984,61.34598646638915,0
circuit-long-trajectory-tdvp-krylov-override-v1,ising_2d,gate_local_2tdvp,24,3.2132944560144097,64.55928092240356,0
circuit-long-trajectory-tdvp-krylov-override-v1,ising_2d,gate_local_2tdvp,25,3.2109921760857105,67.77027309848927,0
circuit-long-trajectory-tdvp-krylov-override-v1,ising_2d,gate_local_2tdvp,26,3.1514026618096977,70.92167576029897,0
circuit-long-trajectory-tdvp-krylov-override-v1,ising_2d,gate_local_2tdvp,27,3.166401013964787,74.08807677426375,0
circuit-long-trajectory-tdvp-krylov-override-v1,ising_2d,gate_local_2tdvp,28,3.2308386410586536,77.31891541532241,0
circuit-long-trajectory-tdvp-krylov-override-v1,ising_2d,gate_local_2tdvp,29,3.150799887953326,80.46971530327573,0
circuit-long-trajectory-tdvp-krylov-override-v1,ising_2d,gate_local_2tdvp,30,3.1625475871842355,83.63226289045997,0
circuit-long-trajectory-tdvp-krylov-override-v1,ising_2d,gate_local_2tdvp,31,3.2678778250701725,86.90014071553014,0
circuit-long-trajectory-tdvp-krylov-override-v1,ising_2d,gate_local_2tdvp,32,3.2629139369819313,90.16305465251207,0
circuit-long-trajectory-tdvp-krylov-override-v1,ising_2d,gate_local_2tdvp,33,3.21700023394078,93.38005488645285,0
circuit-long-trajectory-tdvp-krylov-override-v1,ising_2d,gate_local_2tdvp,34,3.2730887460056692,96.65314363245852,0
circuit-long-trajectory-tdvp-krylov-override-v1,ising_2d,gate_local_2tdvp,35,3.235188621096313,99.88833225355484,0
circuit-long-trajectory-tdvp-krylov-override-v1,ising_2d,gate_local_2tdvp,36,3.1489771511405706,103.0373094046954,0
circuit-long-trajectory-tdvp-krylov-override-v1,ising_2d,gate_local_2tdvp,37,3.161382421152666,106.19869182584807,0
circuit-long-trajectory-tdvp-krylov-override-v1,ising_2d,gate_local_2tdvp,38,3.1993053092155606,109.39799713506363,0
circuit-long-trajectory-tdvp-krylov-override-v1,ising_2d,gate_local_2tdvp,39,3.1893539170268923,112.58735105209053,0
circuit-long-trajectory-tdvp-krylov-override-v1,ising_2d,gate_local_2tdvp,40,3.1987689959350973,115.78612004802562,0
circuit-long-trajectory-tdvp-krylov-override-v1,ising_2d,gate_local_2tdvp,41,3.2081805139314383,118.99430056195706,0
circuit-long-trajectory-tdvp-krylov-override-v1,ising_2d,gate_local_2tdvp,42,3.281985126901418,122.27628568885848,0
circuit-long-trajectory-tdvp-krylov-override-v1,ising_2d,gate_local_2tdvp,43,3.1707191108725965,125.44700479973108,0
circuit-long-trajectory-tdvp-krylov-override-v1,ising_2d,gate_local_2tdvp,44,3.227333875838667,128.67433867556974,0
circuit-long-trajectory-tdvp-krylov-override-v1,ising_2d,gate_local_2tdvp,45,3.160334973130375,131.83467364870012,0
circuit-long-trajectory-tdvp-krylov-override-v1,ising_2d,gate_local_2tdvp,46,3.1872366738971323,135.02191032259725,0
circuit-long-trajectory-tdvp-krylov-override-v1,ising_2d,gate_local_2tdvp,47,3.158969687996432,138.18088001059368,0
circuit-long-trajectory-tdvp-krylov-override-v1,ising_2d,gate_local_2tdvp,48,3.175449806964025,141.3563298175577,0
circuit-long-trajectory-tdvp-krylov-override-v1,ising_2d,gate_local_2tdvp,49,3.15752541879192,144.51385523634963,0
circuit-long-trajectory-tdvp-krylov-override-v1,ising_2d,gate_local_2tdvp,50,3.221983265131712,147.73583850148134,0
circuit-long-trajectory-tdvp-krylov-override-v1,ising_2d,gate_local_2tdvp,51,3.221562379039824,150.95740088052116,0
circuit-long-trajectory-tdvp-krylov-override-v1,ising_2d,gate_local_2tdvp,52,3.353275961941108,154.31067684246227,0
circuit-long-trajectory-tdvp-krylov-override-v1,ising_2d,gate_local_2tdvp,53,3.1675908640027046,157.47826770646498,0
circuit-long-trajectory-tdvp-krylov-override-v1,ising_2d,gate_local_2tdvp,54,3.1670726099982858,160.64534031646326,0
circuit-long-trajectory-tdvp-krylov-override-v1,ising_2d,gate_local_2tdvp,55,3.232437128899619,163.87777744536288,0
circuit-long-trajectory-tdvp-krylov-override-v1,ising_2d,gate_local_2tdvp,56,3.184181186836213,167.0619586321991,0
circuit-long-trajectory-tdvp-krylov-override-v1,ising_2d,gate_local_2tdvp,57,3.1597412889823318,170.22169992118143,0
circuit-long-trajectory-tdvp-krylov-override-v1,ising_2d,gate_local_2tdvp,58,3.1793124228715897,173.40101234405302,0
circuit-long-trajectory-tdvp-krylov-override-v1,ising_2d,gate_local_2tdvp,59,3.181608775863424,176.58262111991644,0
circuit-long-trajectory-tdvp-krylov-override-v1,ising_2d,gate_local_2tdvp,60,3.1720899948850274,179.75471111480147,0
circuit-long-trajectory-tdvp-krylov-override-v1,ising_2d,gate_local_2tdvp,61,3.3263136551249772,183.08102476992644,0
circuit-long-trajectory-tdvp-krylov-override-v1,ising_2d,gate_local_2tdvp,62,3.22106357710436,186.3020883470308,0
circuit-long-trajectory-tdvp-krylov-override-v1,ising_2d,gate_local_2tdvp,63,3.3275287540163845,189.6296171010472,0
circuit-long-trajectory-tdvp-krylov-override-v1,ising_2d,gate_local_2tdvp,64,3.2088443459942937,192.83846144704148,0
circuit-long-trajectory-tdvp-krylov-override-v1,ising_2d,gate_local_2tdvp,65,3.200946536147967,196.03940798318945,0
circuit-long-trajectory-tdvp-krylov-override-v1,ising_2d,gate_local_2tdvp,66,3.213793453061953,199.2532014362514,0
circuit-long-trajectory-tdvp-krylov-override-v1,ising_2d,gate_local_2tdvp,67,3.2084869749378413,202.46168841118924,0
circuit-long-trajectory-tdvp-krylov-override-v1,ising_2d,gate_local_2tdvp,68,3.189273572061211,205.65096198325045,0
circuit-long-trajectory-tdvp-krylov-override-v1,ising_2d,gate_local_2tdvp,69,3.1659347489476204,208.81689673219807,0
circuit-long-trajectory-tdvp-krylov-override-v1,ising_2d,gate_local_2tdvp,70,3.179212619084865,211.99610935128294,0
circuit-long-trajectory-tdvp-krylov-override-v1,ising_2d,gate_local_2tdvp,71,3.2286971749272197,215.22480652621016,0
circuit-long-trajectory-tdvp-krylov-override-v1,ising_2d,gate_local_2tdvp,72,3.166876238072291,218.39168276428245,0
circuit-long-trajectory-tdvp-krylov-override-v1,ising_2d,gate_local_2tdvp,73,3.203037251951173,221.59472001623362,0
circuit-long-trajectory-tdvp-krylov-override-v1,ising_2d,gate_local_2tdvp,74,3.3139339690096676,224.9086539852433,0
circuit-long-trajectory-tdvp-krylov-override-v1,ising_2d,gate_local_2tdvp,0,0.0,0.0,1
circuit-long-trajectory-tdvp-krylov-override-v1,ising_2d,gate_local_2tdvp,1,0.274739237036556,0.274739237036556,1
circuit-long-trajectory-tdvp-krylov-override-v1,ising_2d,gate_local_2tdvp,2,0.32073221495375037,0.5954714519903064,1
circuit-long-trajectory-tdvp-krylov-override-v1,ising_2d,gate_local_2tdvp,3,0.3880979248788208,0.9835693768691272,1
circuit-long-trajectory-tdvp-krylov-override-v1,ising_2d,gate_local_2tdvp,4,0.8281752369366586,1.8117446138057858,1
circuit-long-trajectory-tdvp-krylov-override-v1,ising_2d,gate_local_2tdvp,5,2.0587389799766243,3.87048359378241,1
circuit-long-trajectory-tdvp-krylov-override-v1,ising_2d,gate_local_2tdvp,6,2.979231045115739,6.849714638898149,1
circuit-long-trajectory-tdvp-krylov-override-v1,ising_2d,gate_local_2tdvp,7,3.1036361628212035,9.953350801719353,1
circuit-long-trajectory-tdvp-krylov-override-v1,ising_2d,gate_local_2tdvp,8,3.147231283830479,13.100582085549831,1
circuit-long-trajectory-tdvp-krylov-override-v1,ising_2d,gate_local_2tdvp,9,3.1255679230671376,16.22615000861697,1
circuit-long-trajectory-tdvp-krylov-override-v1,ising_2d,gate_local_2tdvp,10,3.1483650689478964,19.374515077564865,1
circuit-long-trajectory-tdvp-krylov-override-v1,ising_2d,gate_local_2tdvp,11,3.190852054161951,22.565367131726816,1
circuit-long-trajectory-tdvp-krylov-override-v1,ising_2d,gate_local_2tdvp,12,3.158184540923685,25.7235516726505,1
circuit-long-trajectory-tdvp-krylov-override-v1,ising_2d,gate_local_2tdvp,13,3.153285645879805,28.876837318530306,1
circuit-long-trajectory-tdvp-krylov-override-v1,ising_2d,gate_local_2tdvp,14,3.244047516025603,32.12088483455591,1
circuit-long-trajectory-tdvp-krylov-override-v1,ising_2d,gate_local_2tdvp,15,3.2205196858849376,35.34140452044085,1
circuit-long-trajectory-tdvp-krylov-override-v1,ising_2d,gate_local_2tdvp,16,3.280844944063574,38.62224946450442,1
circuit-long-trajectory-tdvp-krylov-override-v1,ising_2d,gate_local_2tdvp,17,3.200102452887222,41.82235191739164,1
circuit-long-trajectory-tdvp-krylov-override-v1,ising_2d,gate_local_2tdvp,18,3.190893900813535,45.01324581820518,1
circuit-long-trajectory-tdvp-krylov-override-v1,ising_2d,gate_local_2tdvp,19,3.223693306092173,48.23693912429735,1
circuit-long-trajectory-tdvp-krylov-override-v1,ising_2d,gate_local_2tdvp,20,3.2238056589849293,51.46074478328228,1
circuit-long-trajectory-tdvp-krylov-override-v1,ising_2d,gate_local_2tdvp,21,3.2218264790717512,54.68257126235403,1
circuit-long-trajectory-tdvp-krylov-override-v1,ising_2d,gate_local_2tdvp,22,3.2203099720645696,57.9028812344186,1
circuit-long-trajectory-tdvp-krylov-override-v1,ising_2d,gate_local_2tdvp,23,3.161028604954481,61.06390983937308,1
circuit-long-trajectory-tdvp-krylov-override-v1,ising_2d,gate_local_2tdvp,24,3.1587375120725483,64.22264735144563,1
circuit-long-trajectory-tdvp-krylov-override-v1,ising_2d,gate_local_2tdvp,25,3.1648567349184304,67.38750408636406,1
circuit-long-trajectory-tdvp-krylov-override-v1,ising_2d,gate_local_2tdvp,26,3.258623522007838,70.6461276083719,1
circuit-long-trajectory-tdvp-krylov-override-v1,ising_2d,gate_local_2tdvp,27,3.2351507788989693,73.88127838727087,1
circuit-long-trajectory-tdvp-krylov-override-v1,ising_2d,gate_local_2tdvp,28,3.2841062389779836,77.16538462624885,1
circuit-long-trajectory-tdvp-krylov-override-v1,ising_2d,gate_local_2tdvp,29,3.2497456131968647,80.41513023944572,1
circuit-long-trajectory-tdvp-krylov-override-v1,ising_2d,gate_local_2tdvp,30,3.2323307290207595,83.64746096846648,1
circuit-long-trajectory-tdvp-krylov-override-v1,ising_2d,gate_local_2tdvp,31,3.2639802279882133,86.91144119645469,1
circuit-long-trajectory-tdvp-krylov-override-v1,ising_2d,gate_local_2tdvp,32,3.2129487018100917,90.12438989826478,1
circuit-long-trajectory-tdvp-krylov-override-v1,ising_2d,gate_local_2tdvp,33,3.221370696090162,93.34576059435494,1
circuit-long-trajectory-tdvp-krylov-override-v1,ising_2d,gate_local_2tdvp,34,3.2308552470058203,96.57661584136076,1
circuit-long-trajectory-tdvp-krylov-override-v1,ising_2d,gate_local_2tdvp,35,3.1981653100810945,99.77478115144186,1
circuit-long-trajectory-tdvp-krylov-override-v1,ising_2d,gate_local_2tdvp,36,3.341136312810704,103.11591746425256,1
circuit-long-trajectory-tdvp-krylov-override-v1,ising_2d,gate_local_2tdvp,37,3.262017465895042,106.3779349301476,1
circuit-long-trajectory-tdvp-krylov-override-v1,ising_2d,gate_local_2tdvp,38,3.217373766005039,109.59530869615264,1
circuit-long-trajectory-tdvp-krylov-override-v1,ising_2d,gate_local_2tdvp,39,3.325979777146131,112.92128847329877,1
circuit-long-trajectory-tdvp-krylov-override-v1,ising_2d,gate_local_2tdvp,40,3.1587876609992236,116.080076134298,1
circuit-long-trajectory-tdvp-krylov-override-v1,ising_2d,gate_local_2tdvp,41,3.2150561881717294,119.29513232246973,1
circuit-long-trajectory-tdvp-krylov-override-v1,ising_2d,gate_local_2tdvp,42,3.2187211201526225,122.51385344262235,1
circuit-long-trajectory-tdvp-krylov-override-v1,ising_2d,gate_local_2tdvp,43,3.2316152350977063,125.74546867772005,1
circuit-long-trajectory-tdvp-krylov-override-v1,ising_2d,gate_local_2tdvp,44,3.208890737965703,128.95435941568576,1
circuit-long-trajectory-tdvp-krylov-override-v1,ising_2d,gate_local_2tdvp,45,3.295791930053383,132.25015134573914,1
circuit-long-trajectory-tdvp-krylov-override-v1,ising_2d,gate_local_2tdvp,46,3.175925862044096,135.42607720778324,1
circuit-long-trajectory-tdvp-krylov-override-v1,ising_2d,gate_local_2tdvp,47,3.182863956084475,138.6089411638677,1
circuit-long-trajectory-tdvp-krylov-override-v1,ising_2d,gate_local_2tdvp,48,3.2132526689674705,141.82219383283518,1
circuit-long-trajectory-tdvp-krylov-override-v1,ising_2d,gate_local_2tdvp,49,3.2005601299460977,145.02275396278128,1
circuit-long-trajectory-tdvp-krylov-override-v1,ising_2d,gate_local_2tdvp,50,3.236705983057618,148.2594599458389,1
circuit-long-trajectory-tdvp-krylov-override-v1,ising_2d,gate_local_2tdvp,51,3.278252813965082,151.53771275980398,1
circuit-long-trajectory-tdvp-krylov-override-v1,ising_2d,gate_local_2tdvp,52,3.1923753151204437,154.73008807492442,1
circuit-long-trajectory-tdvp-krylov-override-v1,ising_2d,gate_local_2tdvp,53,3.2420609779655933,157.97214905289002,1
circuit-long-trajectory-tdvp-krylov-override-v1,ising_2d,gate_local_2tdvp,54,3.254458954092115,161.22660800698213,1
circuit-long-trajectory-tdvp-krylov-override-v1,ising_2d,gate_local_2tdvp,55,3.1724821960087866,164.39909020299092,1
circuit-long-trajectory-tdvp-krylov-override-v1,ising_2d,gate_local_2tdvp,56,3.163585697999224,167.56267590099014,1
circuit-long-trajectory-tdvp-krylov-override-v1,ising_2d,gate_local_2tdvp,57,3.3091281440574676,170.8718040450476,1
circuit-long-trajectory-tdvp-krylov-override-v1,ising_2d,gate_local_2tdvp,58,3.3226718690712005,174.1944759141188,1
circuit-long-trajectory-tdvp-krylov-override-v1,ising_2d,gate_local_2tdvp,59,3.2216653821524233,177.41614129627123,1
circuit-long-trajectory-tdvp-krylov-override-v1,ising_2d,gate_local_2tdvp,60,3.32138610817492,180.73752740444615,1
circuit-long-trajectory-tdvp-krylov-override-v1,ising_2d,gate_local_2tdvp,61,3.206961265997961,183.94448867044412,1
circuit-long-trajectory-tdvp-krylov-override-v1,ising_2d,gate_local_2tdvp,62,3.575366790872067,187.51985546131618,1
circuit-long-trajectory-tdvp-krylov-override-v1,ising_2d,gate_local_2tdvp,63,3.582097589969635,191.10195305128582,1
circuit-long-trajectory-tdvp-krylov-override-v1,ising_2d,gate_local_2tdvp,64,3.19498699484393,194.29694004612975,1
circuit-long-trajectory-tdvp-krylov-override-v1,ising_2d,gate_local_2tdvp,65,3.279477314092219,197.57641736022197,1
circuit-long-trajectory-tdvp-krylov-override-v1,ising_2d,gate_local_2tdvp,66,3.2752332338131964,200.85165059403516,1
circuit-long-trajectory-tdvp-krylov-override-v1,ising_2d,gate_local_2tdvp,67,3.1866302019916475,204.0382807960268,1
circuit-long-trajectory-tdvp-krylov-override-v1,ising_2d,gate_local_2tdvp,68,3.2917712801136076,207.33005207614042,1
circuit-long-trajectory-tdvp-krylov-override-v1,ising_2d,gate_local_2tdvp,69,3.2304112480487674,210.5604633241892,1
circuit-long-trajectory-tdvp-krylov-override-v1,ising_2d,gate_local_2tdvp,70,3.2069173539057374,213.76738067809492,1
circuit-long-trajectory-tdvp-krylov-override-v1,ising_2d,gate_local_2tdvp,71,3.237669602036476,217.0050502801314,1
circuit-long-trajectory-tdvp-krylov-override-v1,ising_2d,gate_local_2tdvp,72,3.242557867895812,220.2476081480272,1
circuit-long-trajectory-tdvp-krylov-override-v1,ising_2d,gate_local_2tdvp,73,3.2842384420800954,223.5318465901073,1
circuit-long-trajectory-tdvp-krylov-override-v1,ising_2d,gate_local_2tdvp,74,3.3326002440880984,226.8644468341954,1
circuit-long-trajectory-tdvp-krylov-override-v1,ising_2d,gate_local_2tdvp,0,0.0,0.0,2
circuit-long-trajectory-tdvp-krylov-override-v1,ising_2d,gate_local_2tdvp,1,0.2811661909800023,0.2811661909800023,2
circuit-long-trajectory-tdvp-krylov-override-v1,ising_2d,gate_local_2tdvp,2,0.32309821294620633,0.6042644039262086,2
circuit-long-trajectory-tdvp-krylov-override-v1,ising_2d,gate_local_2tdvp,3,0.3918166800867766,0.9960810840129852,2
circuit-long-trajectory-tdvp-krylov-override-v1,ising_2d,gate_local_2tdvp,4,0.8338585239835083,1.8299396079964936,2
circuit-long-trajectory-tdvp-krylov-override-v1,ising_2d,gate_local_2tdvp,5,2.083497949875891,3.913437557872385,2
circuit-long-trajectory-tdvp-krylov-override-v1,ising_2d,gate_local_2tdvp,6,2.98303737398237,6.896474931854755,2
circuit-long-trajectory-tdvp-krylov-override-v1,ising_2d,gate_local_2tdvp,7,3.1302706501446664,10.026745581999421,2
circuit-long-trajectory-tdvp-krylov-override-v1,ising_2d,gate_local_2tdvp,8,3.1109987529926,13.137744334992021,2
circuit-long-trajectory-tdvp-krylov-override-v1,ising_2d,gate_local_2tdvp,9,3.14009024691768,16.2778345819097,2
circuit-long-trajectory-tdvp-krylov-override-v1,ising_2d,gate_local_2tdvp,10,3.128685218980536,19.406519800890237,2
circuit-long-trajectory-tdvp-krylov-override-v1,ising_2d,gate_local_2tdvp,11,3.177830044180155,22.584349845070392,2
circuit-long-trajectory-tdvp-krylov-override-v1,ising_2d,gate_local_2tdvp,12,3.2317229111213237,25.816072756191716,2
circuit-long-trajectory-tdvp-krylov-override-v1,ising_2d,gate_local_2tdvp,13,3.2092927440535277,29.025365500245243,2
circuit-long-trajectory-tdvp-krylov-override-v1,ising_2d,gate_local_2tdvp,14,3.2358754749875516,32.261240975232795,2
circuit-long-trajectory-tdvp-krylov-override-v1,ising_2d,gate_local_2tdvp,15,3.2851210499648005,35.546362025197595,2
circuit-long-trajectory-tdvp-krylov-override-v1,ising_2d,gate_local_2tdvp,16,3.198845319915563,38.74520734511316,2
circuit-long-trajectory-tdvp-krylov-override-v1,ising_2d,gate_local_2tdvp,17,3.1674077480565757,41.912615093169734,2
circuit-long-trajectory-tdvp-krylov-override-v1,ising_2d,gate_local_2tdvp,18,3.167753358138725,45.08036845130846,2
circuit-long-trajectory-tdvp-krylov-override-v1,ising_2d,gate_local_2tdvp,19,3.203110240865499,48.28347869217396,2
circuit-long-trajectory-tdvp-krylov-override-v1,ising_2d,gate_local_2tdvp,20,3.189985390054062,51.47346408222802,2
circuit-long-trajectory-tdvp-krylov-override-v1,ising_2d,gate_local_2tdvp,21,3.2089725770056248,54.682436659233645,2
circuit-long-trajectory-tdvp-krylov-override-v1,ising_2d,gate_local_2tdvp,22,3.1429054841864854,57.82534214342013,2
circuit-long-trajectory-tdvp-krylov-override-v1,ising_2d,gate_local_2tdvp,23,3.18256384995766,61.00790599337779,2
circuit-long-trajectory-tdvp-krylov-override-v1,ising_2d,gate_local_2tdvp,24,3.1947854361496866,64.20269142952748,2
circuit-long-trajectory-tdvp-krylov-override-v1,ising_2d,gate_local_2tdvp,25,3.2083669200073928,67.41105834953487,2
circuit-long-trajectory-tdvp-krylov-override-v1,ising_2d,gate_local_2tdvp,26,3.150385842192918,70.56144419172779,2
circuit-long-trajectory-tdvp-krylov-override-v1,ising_2d,gate_local_2tdvp,27,3.3214912170078605,73.88293540873565,2
circuit-long-trajectory-tdvp-krylov-override-v1,ising_2d,gate_local_2tdvp,28,3.152985043125227,77.03592045186087,2
circuit-long-trajectory-tdvp-krylov-override-v1,ising_2d,gate_local_2tdvp,29,3.1586265529040247,80.1945470047649,2
circuit-long-trajectory-tdvp-krylov-override-v1,ising_2d,gate_local_2tdvp,30,3.1861269930377603,83.38067399780266,2
circuit-long-trajectory-tdvp-krylov-override-v1,ising_2d,gate_local_2tdvp,31,3.181280320044607,86.56195431784727,2
circuit-long-trajectory-tdvp-krylov-override-v1,ising_2d,gate_local_2tdvp,32,3.166934506036341,89.72888882388361,2
circuit-long-trajectory-tdvp-krylov-override-v1,ising_2d,gate_local_2tdvp,33,3.153477350017056,92.88236617390066,2
circuit-long-trajectory-tdvp-krylov-override-v1,ising_2d,gate_local_2tdvp,34,3.1866830098442733,96.06904918374494,2
circuit-long-trajectory-tdvp-krylov-override-v1,ising_2d,gate_local_2tdvp,35,3.15161468507722,99.22066386882216,2
circuit-long-trajectory-tdvp-krylov-override-v1,ising_2d,gate_local_2tdvp,36,3.2138279019854963,102.43449177080765,2
circuit-long-trajectory-tdvp-krylov-override-v1,ising_2d,gate_local_2tdvp,37,3.213006596080959,105.64749836688861,2
circuit-long-trajectory-tdvp-krylov-override-v1,ising_2d,gate_local_2tdvp,38,3.1562185930088162,108.80371695989743,2
circuit-long-trajectory-tdvp-krylov-override-v1,ising_2d,gate_local_2tdvp,39,3.3045288170687854,112.10824577696621,2
circuit-long-trajectory-tdvp-krylov-override-v1,ising_2d,gate_local_2tdvp,40,3.1750159789808095,115.28326175594702,2
circuit-long-trajectory-tdvp-krylov-override-v1,ising_2d,gate_local_2tdvp,41,3.2075718080159277,118.49083356396295,2
circuit-long-trajectory-tdvp-krylov-override-v1,ising_2d,gate_local_2tdvp,42,3.152766451938078,121.64360001590103,2
circuit-long-trajectory-tdvp-krylov-override-v1,ising_2d,gate_local_2tdvp,43,3.2154575688764453,124.85905758477747,2
circuit-long-trajectory-tdvp-krylov-override-v1,ising_2d,gate_local_2tdvp,44,3.2328796461224556,128.09193723089993,2
circuit-long-trajectory-tdvp-krylov-override-v1,ising_2d,gate_local_2tdvp,45,3.3302672589197755,131.4222044898197,2
circuit-long-trajectory-tdvp-krylov-override-v1,ising_2d,gate_local_2tdvp,46,3.1735175710637122,134.59572206088342,2
circuit-long-trajectory-tdvp-krylov-override-v1,ising_2d,gate_local_2tdvp,47,3.1720029211137444,137.76772498199716,2
circuit-long-trajectory-tdvp-krylov-override-v1,ising_2d,gate_local_2tdvp,48,3.1543712040875107,140.92209618608467,2
circuit-long-trajectory-tdvp-krylov-override-v1,ising_2d,gate_local_2tdvp,49,3.21270963200368,144.13480581808835,2
circuit-long-trajectory-tdvp-krylov-override-v1,ising_2d,gate_local_2tdvp,50,3.2915724529884756,147.42637827107683,2
circuit-long-trajectory-tdvp-krylov-override-v1,ising_2d,gate_local_2tdvp,51,3.2019319040700793,150.6283101751469,2
circuit-long-trajectory-tdvp-krylov-override-v1,ising_2d,gate_local_2tdvp,52,3.2074985650833696,153.83580874023028,2
circuit-long-trajectory-tdvp-krylov-override-v1,ising_2d,gate_local_2tdvp,53,3.1722048739902675,157.00801361422054,2
circuit-long-trajectory-tdvp-krylov-override-v1,ising_2d,gate_local_2tdvp,54,3.209949844982475,160.21796345920302,2
circuit-long-trajectory-tdvp-krylov-override-v1,ising_2d,gate_local_2tdvp,55,3.165907414164394,163.3838708733674,2
circuit-long-trajectory-tdvp-krylov-override-v1,ising_2d,gate_local_2tdvp,56,3.1622619461268187,166.54613281949423,2
circuit-long-trajectory-tdvp-krylov-override-v1,ising_2d,gate_local_2tdvp,57,3.1718871369957924,169.71801995649002,2
circuit-long-trajectory-tdvp-krylov-override-v1,ising_2d,gate_local_2tdvp,58,3.178427624050528,172.89644758054055,2
circuit-long-trajectory-tdvp-krylov-override-v1,ising_2d,gate_local_2tdvp,59,3.250475269043818,176.14692284958437,2
circuit-long-trajectory-tdvp-krylov-override-v1,ising_2d,gate_local_2tdvp,60,3.4095634259283543,179.55648627551273,2
circuit-long-trajectory-tdvp-krylov-override-v1,ising_2d,gate_local_2tdvp,61,3.2186247610952705,182.775111036608,2
circuit-long-trajectory-tdvp-krylov-override-v1,ising_2d,gate_local_2tdvp,62,3.281948566902429,186.05705960351042,2
circuit-long-trajectory-tdvp-krylov-override-v1,ising_2d,gate_local_2tdvp,63,3.1813615821301937,189.23842118564062,2
circuit-long-trajectory-tdvp-krylov-override-v1,ising_2d,gate_local_2tdvp,64,3.1572929949034005,192.39571418054402,2
circuit-long-trajectory-tdvp-krylov-override-v1,ising_2d,gate_local_2tdvp,65,3.1851289230398834,195.5808431035839,2
circuit-long-trajectory-tdvp-krylov-override-v1,ising_2d,gate_local_2tdvp,66,3.211546493927017,198.79238959751092,2
circuit-long-trajectory-tdvp-krylov-override-v1,ising_2d,gate_local_2tdvp,67,3.1800028008874506,201.97239239839837,2
circuit-long-trajectory-tdvp-krylov-override-v1,ising_2d,gate_local_2tdvp,68,3.324779588961974,205.29717198736034,2
circuit-long-trajectory-tdvp-krylov-override-v1,ising_2d,gate_local_2tdvp,69,3.1493015489540994,208.44647353631444,2
circuit-long-trajectory-tdvp-krylov-override-v1,ising_2d,gate_local_2tdvp,70,3.1645121099427342,211.61098564625718,2
circuit-long-trajectory-tdvp-krylov-override-v1,ising_2d,gate_local_2tdvp,71,3.3039221360813826,214.91490778233856,2
circuit-long-trajectory-tdvp-krylov-override-v1,ising_2d,gate_local_2tdvp,72,3.2285800508689135,218.14348783320747,2
circuit-long-trajectory-tdvp-krylov-override-v1,ising_2d,gate_local_2tdvp,73,3.167913140030578,221.31140097323805,2
circuit-long-trajectory-tdvp-krylov-override-v1,ising_2d,gate_local_2tdvp,74,3.22960614413023,224.54100711736828,2
circuit-long-trajectory-tdvp-krylov-override-v1,heisenberg_2d,gate_local_2tdvp,0,0.0,0.0,0
circuit-long-trajectory-tdvp-krylov-override-v1,heisenberg_2d,gate_local_2tdvp,1,3.9697578959167004,3.9697578959167004,0
circuit-long-trajectory-tdvp-krylov-override-v1,heisenberg_2d,gate_local_2tdvp,2,9.514569903956726,13.484327799873427,0
circuit-long-trajectory-tdvp-krylov-override-v1,heisenberg_2d,gate_local_2tdvp,3,9.42366203898564,22.907989838859066,0
circuit-long-trajectory-tdvp-krylov-override-v1,heisenberg_2d,gate_local_2tdvp,4,9.30751941492781,32.21550925378688,0
circuit-long-trajectory-tdvp-krylov-override-v1,heisenberg_2d,gate_local_2tdvp,5,9.289148235926405,41.50465748971328,0
circuit-long-trajectory-tdvp-krylov-override-v1,heisenberg_2d,gate_local_2tdvp,6,9.355285942088813,50.859943431802094,0
circuit-long-trajectory-tdvp-krylov-override-v1,heisenberg_2d,gate_local_2tdvp,7,9.326969695044681,60.186913126846775,0
circuit-long-trajectory-tdvp-krylov-override-v1,heisenberg_2d,gate_local_2tdvp,8,9.264017818961293,69.45093094580807,0
circuit-long-trajectory-tdvp-krylov-override-v1,heisenberg_2d,gate_local_2tdvp,9,9.346278103999794,78.79720904980786,0
circuit-long-trajectory-tdvp-krylov-override-v1,heisenberg_2d,gate_local_2tdvp,10,9.282817764906213,88.08002681471407,0
circuit-long-trajectory-tdvp-krylov-override-v1,heisenberg_2d,gate_local_2tdvp,11,9.248209998011589,97.32823681272566,0
circuit-long-trajectory-tdvp-krylov-override-v1,heisenberg_2d,gate_local_2tdvp,12,9.2940295021981,106.62226631492376,0
circuit-long-trajectory-tdvp-krylov-override-v1,heisenberg_2d,gate_local_2tdvp,13,9.37217287812382,115.99443919304758,0
circuit-long-trajectory-tdvp-krylov-override-v1,heisenberg_2d,gate_local_2tdvp,14,9.284697246970609,125.27913644001819,0
circuit-long-trajectory-tdvp-krylov-override-v1,heisenberg_2d,gate_local_2tdvp,15,9.214297269005328,134.49343370902352,0
circuit-long-trajectory-tdvp-krylov-override-v1,heisenberg_2d,gate_local_2tdvp,16,9.326946685090661,143.82038039411418,0
circuit-long-trajectory-tdvp-krylov-override-v1,heisenberg_2d,gate_local_2tdvp,17,9.31264265300706,153.13302304712124,0
circuit-long-trajectory-tdvp-krylov-override-v1,heisenberg_2d,gate_local_2tdvp,18,9.260488989995793,162.39351203711703,0
circuit-long-trajectory-tdvp-krylov-override-v1,heisenberg_2d,gate_local_2tdvp,19,9.230136113008484,171.62364815012552,0
circuit-long-trajectory-tdvp-krylov-override-v1,heisenberg_2d,gate_local_2tdvp,20,9.416318607982248,181.03996675810777,0
circuit-long-trajectory-tdvp-krylov-override-v1,heisenberg_2d,gate_local_2tdvp,21,9.244697685120627,190.2846644432284,0
circuit-long-trajectory-tdvp-krylov-override-v1,heisenberg_2d,gate_local_2tdvp,22,9.343720896868035,199.62838534009643,0
circuit-long-trajectory-tdvp-krylov-override-v1,heisenberg_2d,gate_local_2tdvp,23,9.31099567282945,208.93938101292588,0
circuit-long-trajectory-tdvp-krylov-override-v1,heisenberg_2d,gate_local_2tdvp,24,9.341415819013491,218.28079683193937,0
circuit-long-trajectory-tdvp-krylov-override-v1,heisenberg_2d,gate_local_2tdvp,25,9.304731584852561,227.58552841679193,0
circuit-long-trajectory-tdvp-krylov-override-v1,heisenberg_2d,gate_local_2tdvp,26,9.276927043916658,236.8624554607086,0
circuit-long-trajectory-tdvp-krylov-override-v1,heisenberg_2d,gate_local_2tdvp,27,9.272198884980753,246.13465434568934,0
circuit-long-trajectory-tdvp-krylov-override-v1,heisenberg_2d,gate_local_2tdvp,28,9.616135078016669,255.750789423706,0
circuit-long-trajectory-tdvp-krylov-override-v1,heisenberg_2d,gate_local_2tdvp,29,9.262425313005224,265.01321473671123,0
circuit-long-trajectory-tdvp-krylov-override-v1,heisenberg_2d,gate_local_2tdvp,30,9.312857162905857,274.3260718996171,0
circuit-long-trajectory-tdvp-krylov-override-v1,heisenberg_2d,gate_local_2tdvp,31,9.398147120838985,283.7242190204561,0
circuit-long-trajectory-tdvp-krylov-override-v1,heisenberg_2d,gate_local_2tdvp,32,9.426597674144432,293.1508166946005,0
circuit-long-trajectory-tdvp-krylov-override-v1,heisenberg_2d,gate_local_2tdvp,33,9.30683788890019,302.4576545835007,0
circuit-long-trajectory-tdvp-krylov-override-v1,heisenberg_2d,gate_local_2tdvp,0,0.0,0.0,1
circuit-long-trajectory-tdvp-krylov-override-v1,heisenberg_2d,gate_local_2tdvp,1,3.885506334947422,3.885506334947422,1
circuit-long-trajectory-tdvp-krylov-override-v1,heisenberg_2d,gate_local_2tdvp,2,9.21528565697372,13.100791991921142,1
circuit-long-trajectory-tdvp-krylov-override-v1,heisenberg_2d,gate_local_2tdvp,3,9.38770106388256,22.4884930558037,1
circuit-long-trajectory-tdvp-krylov-override-v1,heisenberg_2d,gate_local_2tdvp,4,9.40294305398129,31.89143610978499,1
circuit-long-trajectory-tdvp-krylov-override-v1,heisenberg_2d,gate_local_2tdvp,5,9.252036559861153,41.143472669646144,1
circuit-long-trajectory-tdvp-krylov-override-v1,heisenberg_2d,gate_local_2tdvp,6,9.231050681089982,50.374523350736126,1
circuit-long-trajectory-tdvp-krylov-override-v1,heisenberg_2d,gate_local_2tdvp,7,9.378314955160022,59.75283830589615,1
circuit-long-trajectory-tdvp-krylov-override-v1,heisenberg_2d,gate_local_2tdvp,8,9.316412487067282,69.06925079296343,1
circuit-long-trajectory-tdvp-krylov-override-v1,heisenberg_2d,gate_local_2tdvp,9,9.309755109017715,78.37900590198115,1
circuit-long-trajectory-tdvp-krylov-override-v1,heisenberg_2d,gate_local_2tdvp,10,9.174949757987633,87.55395565996878,1
circuit-long-trajectory-tdvp-krylov-override-v1,heisenberg_2d,gate_local_2tdvp,11,9.334775476017967,96.88873113598675,1
circuit-long-trajectory-tdvp-krylov-override-v1,heisenberg_2d,gate_local_2tdvp,12,9.35827518091537,106.24700631690212,1
circuit-long-trajectory-tdvp-krylov-override-v1,heisenberg_2d,gate_local_2tdvp,13,9.31354796490632,115.56055428180844,1
circuit-long-trajectory-tdvp-krylov-override-v1,heisenberg_2d,gate_local_2tdvp,14,9.19207465602085,124.75262893782929,1
circuit-long-trajectory-tdvp-krylov-override-v1,heisenberg_2d,gate_local_2tdvp,15,9.339227910153568,134.09185684798285,1
circuit-long-trajectory-tdvp-krylov-override-v1,heisenberg_2d,gate_local_2tdvp,16,9.32081273989752,143.41266958788037,1
circuit-long-trajectory-tdvp-krylov-override-v1,heisenberg_2d,gate_local_2tdvp,17,9.225766034098342,152.63843562197872,1
circuit-long-trajectory-tdvp-krylov-override-v1,heisenberg_2d,gate_local_2tdvp,18,9.276810549898073,161.9152461718768,1
circuit-long-trajectory-tdvp-krylov-override-v1,heisenberg_2d,gate_local_2tdvp,19,9.237692147959024,171.1529383198358,1
circuit-long-trajectory-tdvp-krylov-override-v1,heisenberg_2d,gate_local_2tdvp,20,9.29751364607364,180.45045196590945,1
circuit-long-trajectory-tdvp-krylov-override-v1,heisenberg_2d,gate_local_2tdvp,21,9.387181938858703,189.83763390476815,1
circuit-long-trajectory-tdvp-krylov-override-v1,heisenberg_2d,gate_local_2tdvp,22,9.354411971988156,199.1920458767563,1
circuit-long-trajectory-tdvp-krylov-override-v1,heisenberg_2d,gate_local_2tdvp,23,9.285511987050995,208.4775578638073,1
circuit-long-trajectory-tdvp-krylov-override-v1,heisenberg_2d,gate_local_2tdvp,24,9.2271654359065,217.7047232997138,1
circuit-long-trajectory-tdvp-krylov-override-v1,heisenberg_2d,gate_local_2tdvp,25,9.417707355925813,227.12243065563962,1
circuit-long-trajectory-tdvp-krylov-override-v1,heisenberg_2d,gate_local_2tdvp,26,9.389243059093133,236.51167371473275,1
circuit-long-trajectory-tdvp-krylov-override-v1,heisenberg_2d,gate_local_2tdvp,27,9.346726841991767,245.85840055672452,1
circuit-long-trajectory-tdvp-krylov-override-v1,heisenberg_2d,gate_local_2tdvp,28,9.337893213145435,255.19629376986995,1
circuit-long-trajectory-tdvp-krylov-override-v1,heisenberg_2d,gate_local_2tdvp,29,9.372793554095551,264.5690873239655,1
circuit-long-trajectory-tdvp-krylov-override-v1,heisenberg_2d,gate_local_2tdvp,30,9.355128011200577,273.9242153351661,1
circuit-long-trajectory-tdvp-krylov-override-v1,heisenberg_2d,gate_local_2tdvp,31,9.214147101156414,283.1383624363225,1
circuit-long-trajectory-tdvp-krylov-override-v1,heisenberg_2d,gate_local_2tdvp,32,9.234857039060444,292.37321947538294,1
circuit-long-trajectory-tdvp-krylov-override-v1,heisenberg_2d,gate_local_2tdvp,33,9.318780689034611,301.69200016441755,1
circuit-long-trajectory-tdvp-krylov-override-v1,heisenberg_2d,gate_local_2tdvp,0,0.0,0.0,2
circuit-long-trajectory-tdvp-krylov-override-v1,heisenberg_2d,gate_local_2tdvp,1,3.9522879431024194,3.9522879431024194,2
circuit-long-trajectory-tdvp-krylov-override-v1,heisenberg_2d,gate_local_2tdvp,2,9.333728011930361,13.28601595503278,2
circuit-long-trajectory-tdvp-krylov-override-v1,heisenberg_2d,gate_local_2tdvp,3,9.345553784864023,22.631569739896804,2
circuit-long-trajectory-tdvp-krylov-override-v1,heisenberg_2d,gate_local_2tdvp,4,10.013396485010162,32.644966224906966,2
circuit-long-trajectory-tdvp-krylov-override-v1,heisenberg_2d,gate_local_2tdvp,5,9.366697869030759,42.011664093937725,2
circuit-long-trajectory-tdvp-krylov-override-v1,heisenberg_2d,gate_local_2tdvp,6,9.325559502001852,51.33722359593958,2
circuit-long-trajectory-tdvp-krylov-override-v1,heisenberg_2d,gate_local_2tdvp,7,9.348352623870596,60.68557621981017,2
circuit-long-trajectory-tdvp-krylov-override-v1,heisenberg_2d,gate_local_2tdvp,8,9.372423437889665,70.05799965769984,2
circuit-long-trajectory-tdvp-krylov-override-v1,heisenberg_2d,gate_local_2tdvp,9,9.191067344974726,79.24906700267456,2
circuit-long-trajectory-tdvp-krylov-override-v1,heisenberg_2d,gate_local_2tdvp,10,9.29021577583626,88.53928277851082,2
circuit-long-trajectory-tdvp-krylov-override-v1,heisenberg_2d,gate_local_2tdvp,11,9.22471455601044,97.76399733452126,2
circuit-long-trajectory-tdvp-krylov-override-v1,heisenberg_2d,gate_local_2tdvp,12,9.354900627862662,107.11889796238393,2
circuit-long-trajectory-tdvp-krylov-override-v1,heisenberg_2d,gate_local_2tdvp,13,9.407268446171656,116.52616640855558,2
circuit-long-trajectory-tdvp-krylov-override-v1,heisenberg_2d,gate_local_2tdvp,14,9.26469456590712,125.7908609744627,2
circuit-long-trajectory-tdvp-krylov-override-v1,heisenberg_2d,gate_local_2tdvp,15,9.256014029029757,135.04687500349246,2
circuit-long-trajectory-tdvp-krylov-override-v1,heisenberg_2d,gate_local_2tdvp,16,9.36977457208559,144.41664957557805,2
circuit-long-trajectory-tdvp-krylov-override-v1,heisenberg_2d,gate_local_2tdvp,17,9.15056638699025,153.5672159625683,2
circuit-long-trajectory-tdvp-krylov-override-v1,heisenberg_2d,gate_local_2tdvp,18,9.311207577819005,162.8784235403873,2
circuit-long-trajectory-tdvp-krylov-override-v1,heisenberg_2d,gate_local_2tdvp,19,9.243181534809992,172.1216050751973,2
circuit-long-trajectory-tdvp-krylov-override-v1,heisenberg_2d,gate_local_2tdvp,20,9.305384086910635,181.42698916210793,2
circuit-long-trajectory-tdvp-krylov-override-v1,heisenberg_2d,gate_local_2tdvp,21,9.4217346732039,190.84872383531183,2
circuit-long-trajectory-tdvp-krylov-override-v1,heisenberg_2d,gate_local_2tdvp,22,9.432164688128978,200.2808885234408,2
circuit-long-trajectory-tdvp-krylov-override-v1,heisenberg_2d,gate_local_2tdvp,23,9.254485572921112,209.53537409636192,2
circuit-long-trajectory-tdvp-krylov-override-v1,heisenberg_2d,gate_local_2tdvp,24,9.264136102050543,218.79951019841246,2
circuit-long-trajectory-tdvp-krylov-override-v1,heisenberg_2d,gate_local_2tdvp,25,9.415231853956357,228.21474205236882,2
circuit-long-trajectory-tdvp-krylov-override-v1,heisenberg_2d,gate_local_2tdvp,26,9.298778269905597,237.51352032227442,2
circuit-long-trajectory-tdvp-krylov-override-v1,heisenberg_2d,gate_local_2tdvp,27,9.519579065032303,247.03309938730672,2
circuit-long-trajectory-tdvp-krylov-override-v1,heisenberg_2d,gate_local_2tdvp,28,9.307130923029035,256.34023031033576,2
circuit-long-trajectory-tdvp-krylov-override-v1,heisenberg_2d,gate_local_2tdvp,29,9.442624695133418,265.7828550054692,2
circuit-long-trajectory-tdvp-krylov-override-v1,heisenberg_2d,gate_local_2tdvp,30,9.442143615102395,275.22499862057157,2
circuit-long-trajectory-tdvp-krylov-override-v1,heisenberg_2d,gate_local_2tdvp,31,9.359973035054281,284.58497165562585,2
circuit-long-trajectory-tdvp-krylov-override-v1,heisenberg_2d,gate_local_2tdvp,32,9.262968288967386,293.84793994459324,2
circuit-long-trajectory-tdvp-krylov-override-v1,heisenberg_2d,gate_local_2tdvp,33,9.216141050914302,303.06408099550754,2
