campaign_id,case,method,step,median_cumulative_runtime_s,min_cumulative_runtime_s,max_cumulative_runtime_s,repeats
circuit-fixed-endpoint-timing-v1,ising_1d,gate_local_2tdvp,0,0.0,0.0,0.0,3
circuit-fixed-endpoint-timing-v1,ising_1d,gate_local_2tdvp,1,0.1323801300022751,0.1270767659880221,0.13280722708441317,3
circuit-fixed-endpoint-timing-v1,ising_1d,gate_local_2tdvp,2,0.27979411906562746,0.27157643996179104,0.28827165998518467,3
circuit-fixed-endpoint-timing-v1,ising_1d,gate_local_2tdvp,3,0.43988737813197076,0.42954332008957863,0.4634788050316274,3
circuit-fixed-endpoint-timing-v1,ising_1d,gate_local_2tdvp,4,0.6015384970232844,0.5903728641569614,0.6257264639716595,3
circuit-fixed-endpoint-timing-v1,ising_1d,gate_local_2tdvp,5,0.7615679861046374,0.7505637593567371,0.7845539569389075,3
circuit-fixed-endpoint-timing-v1,ising_1d,gate_local_2tdvp,6,0.9226769602391869,0.9117754774633795,0.9461462539620697,3
circuit-fixed-endpoint-timing-v1,ising_1d,gate_local_2tdvp,7,1.0858121642377228,1.0759621364995837,1.1119315130636096,3
circuit-fixed-endpoint-timing-v1,ising_1d,gate_local_2tdvp,8,1.2579482302535325,1.24841401563026,1.2878894829191267,3
circuit-fixed-endpoint-timing-v1,ising_1d,gate_local_2tdvp,9,1.426362919388339,1.4180599946994334,1.458055229857564,3
circuit-fixed-endpoint-timing-v1,ising_1d,gate_local_2tdvp,10,1.597199208335951,1.5916507015936077,1.6309755719266832,3
circuit-fixed-endpoint-timing-v1,ising_1d,gate_local_2tdvp,11,1.7709081014618278,1.7697573776822537,1.8065375939477235,3
circuit-fixed-endpoint-timing-v1,ising_1d,gate_local_2tdvp,12,1.9460274525918067,1.9457094634417444,1.9818367569241673,3
circuit-fixed-endpoint-timing-v1,ising_1d,gate_local_2tdvp,13,2.1165176576469094,2.1158076394349337,2.1607346748933196,3
circuit-fixed-endpoint-timing-v1,ising_1d,gate_local_2tdvp,14,2.2929269047454,2.2898909533396363,2.3590408880263567,3
circuit-fixed-endpoint-timing-v1,ising_1d,gate_local_2tdvp,15,2.4723143738228828,2.470651251496747,2.5399919040501118,3
circuit-fixed-endpoint-timing-v1,ising_1d,gate_local_2tdvp,16,2.657059508841485,2.6550315776839852,2.7249285320285708,3
circuit-fixed-endpoint-timing-v1,ising_1d,gate_local_2tdvp,17,2.847510165767744,2.8439726976212114,2.9132915870286524,3
circuit-fixed-endpoint-timing-v1,ising_1d,gate_local_2tdvp,18,3.055888299830258,3.050723973661661,3.118884928058833,3
circuit-fixed-endpoint-timing-v1,ising_1d,gate_local_2tdvp,19,3.290655540768057,3.2799730056431144,3.363722441252321,3
circuit-fixed-endpoint-timing-v1,ising_1d,gate_local_2tdvp,20,3.560568447690457,3.545707539655268,3.6347932862117887,3
circuit-fixed-endpoint-timing-v1,ising_1d,gate_local_2tdvp,21,3.8996075144968927,3.8562135477550328,3.956105152145028,3
circuit-fixed-endpoint-timing-v1,ising_1d,gate_local_2tdvp,22,4.275730184512213,4.184701057849452,4.318971931235865,3
circuit-fixed-endpoint-timing-v1,ising_1d,gate_local_2tdvp,23,4.703262134455144,4.609491578768939,4.7985458902549,3
circuit-fixed-endpoint-timing-v1,ising_1d,gate_local_2tdvp,24,5.202001399360597,5.112653257790953,5.340116567211226,3
circuit-fixed-endpoint-timing-v1,ising_1d,gate_local_2tdvp,25,5.895081943366677,5.825019972864538,6.047260999213904,3
circuit-fixed-endpoint-timing-v1,ising_1d,gate_local_2tdvp,26,7.334733146941289,7.2202389892190695,7.4525256210472435,3
circuit-fixed-endpoint-timing-v1,ising_1d,gate_local_2tdvp,27,9.345035680104047,9.160077575128525,9.551655316958204,3
circuit-fixed-endpoint-timing-v1,ising_1d,gate_local_2tdvp,28,11.558227560250089,11.224565372103825,11.616334299789742,3
circuit-fixed-endpoint-timing-v1,ising_1d,gate_local_2tdvp,29,13.535230921581388,13.339304488152266,13.557790599064901,3
circuit-fixed-endpoint-timing-v1,ising_1d,gate_local_2tdvp,30,15.457684246590361,15.362758277216926,15.732089594937861,3
circuit-fixed-endpoint-timing-v1,ising_1d,gate_local_2tdvp,31,17.452666126657277,17.402418012265116,17.974295259919018,3
circuit-fixed-endpoint-timing-v1,ising_1d,gate_local_2tdvp,32,19.395382858114317,19.374998421641067,20.58225973090157,3
circuit-fixed-endpoint-timing-v1,ising_1d,gate_local_2tdvp,33,21.597100376151502,21.359315344598144,23.25690320879221,3
circuit-fixed-endpoint-timing-v1,ising_1d,gate_local_2tdvp,34,23.762377294246107,23.32783447462134,25.534581895917654,3
circuit-fixed-endpoint-timing-v1,ising_1d,gate_local_2tdvp,35,25.84632399538532,25.256591643672436,27.73186794691719,3
circuit-fixed-endpoint-timing-v1,ising_1d,gate_local_2tdvp,36,27.930558663560078,27.156339954584837,29.919401136925444,3
circuit-fixed-endpoint-timing-v1,ising_1d,gate_local_2tdvp,37,29.975999326445162,29.09591260063462,32.26562506891787,3
circuit-fixed-endpoint-timing-v1,ising_1d,gate_local_2tdvp,38,31.99743061652407,31.002199712675065,34.379489147802815,3
circuit-fixed-endpoint-timing-v1,ising_1d,gate_local_2tdvp,39,34.221734075574204,32.947639224585146,36.78579235798679,3
circuit-fixed-endpoint-timing-v1,ising_1d,gate_local_2tdvp,40,36.40722049237229,34.87146003055386,39.06985483993776,3
circuit-fixed-endpoint-timing-v1,ising_1d,gate_local_2tdvp,41,38.55883786547929,36.8322403926868,41.569304496981204,3
circuit-fixed-endpoint-timing-v1,ising_1d,gate_local_2tdvp,42,40.73434046958573,38.77039474574849,43.643224934116006,3
circuit-fixed-endpoint-timing-v1,ising_1d,gate_local_2tdvp,43,42.985333285527304,40.77883281791583,45.74210646515712,3
circuit-fixed-endpoint-timing-v1,ising_1d,gate_local_2tdvp,44,45.044850872596726,42.726710447110236,47.89699744130485,3
circuit-fixed-endpoint-timing-v1,ising_1d,gate_local_2tdvp,45,47.25179942371324,44.66936584212817,50.29966795933433,3
circuit-fixed-endpoint-timing-v1,ising_1d,gate_local_2tdvp,46,49.387688846793026,46.62993885902688,52.43495275755413,3
circuit-fixed-endpoint-timing-v1,ising_1d,gate_local_2tdvp,47,51.54092709068209,48.65799314202741,54.411960490746424,3
circuit-fixed-endpoint-timing-v1,ising_1d,gate_local_2tdvp,48,53.74909804970957,50.59692470403388,56.43153004767373,3
circuit-fixed-endpoint-timing-v1,ising_1d,gate_local_2tdvp,49,55.835698291659355,52.95078523806296,58.75455960375257,3
circuit-fixed-endpoint-timing-v1,ising_1d,gate_local_2tdvp,50,57.995019380701706,55.24634375306778,60.86763375089504,3
circuit-fixed-endpoint-timing-v1,ising_1d,gate_local_2tdvp,51,62.447111886693165,57.24657421815209,62.817971660988405,3
circuit-fixed-endpoint-timing-v1,ising_1d,gate_local_2tdvp,52,64.7020879520569,59.21949630812742,68.68202695879154,3
circuit-fixed-endpoint-timing-v1,ising_1d,gate_local_2tdvp,53,66.7642019172199,61.46659305412322,71.04550729878247,3
circuit-fixed-endpoint-timing-v1,ising_1d,gate_local_2tdvp,54,68.79748433222994,63.53879303811118,73.01851952960715,3
circuit-fixed-endpoint-timing-v1,ising_1d,gate_local_2tdvp,55,70.74482123320922,65.97393618128262,75.03722729766741,3
circuit-fixed-endpoint-timing-v1,ising_1d,gate_local_2tdvp,56,72.80140214436688,68.13109067617916,77.11568036465906,3
circuit-fixed-endpoint-timing-v1,ising_1d,gate_local_2tdvp,57,74.790464628255,70.2871967961546,79.37496080063283,3
circuit-fixed-endpoint-timing-v1,ising_1d,gate_local_2tdvp,58,76.85863142204471,72.35084252012894,81.85774524067529,3
circuit-fixed-endpoint-timing-v1,ising_1d,gate_local_2tdvp,59,79.00404055812396,74.37603999814019,84.4692097636871,3
circuit-fixed-endpoint-timing-v1,ising_1d,gate_local_2tdvp,60,81.06104184011929,76.31829643202946,86.96067796973512,3
circuit-fixed-endpoint-timing-v1,ising_1d,gate_local_2tdvp,61,83.08206516411155,78.36113696289249,89.20464907377027,3
circuit-fixed-endpoint-timing-v1,ising_1d,gate_local_2tdvp,62,84.95569623005576,80.4212031988427,91.34906467585824,3
circuit-fixed-endpoint-timing-v1,ising_1d,mpo_contract_compress,0,0.0,0.0,0.0,3
circuit-fixed-endpoint-timing-v1,ising_1d,mpo_contract_compress,1,0.029744778061285615,0.029241355136036873,0.0299564809538424,3
circuit-fixed-endpoint-timing-v1,ising_1d,mpo_contract_compress,2,0.0603428240865469,0.05920980917289853,0.06036486802622676,3
circuit-fixed-endpoint-timing-v1,ising_1d,mpo_contract_compress,3,0.0913518148008734,0.08991764928214252,0.09159604110755026,3
circuit-fixed-endpoint-timing-v1,ising_1d,mpo_contract_compress,4,0.12222956283949316,0.12088518938980997,0.12265854724682868,3
circuit-fixed-endpoint-timing-v1,ising_1d,mpo_contract_compress,5,0.15316497371532023,0.15165038453415036,0.1538574651349336,3
circuit-fixed-endpoint-timing-v1,ising_1d,mpo_contract_compress,6,0.18424678361043334,0.18284334451891482,0.18550512311048806,3
circuit-fixed-endpoint-timing-v1,ising_1d,mpo_contract_compress,7,0.21602128050290048,0.21461593662388623,0.21874522301368415,3
circuit-fixed-endpoint-timing-v1,ising_1d,mpo_contract_compress,8,0.2493231394328177,0.2468435897026211,0.2513202768750489,3
circuit-fixed-endpoint-timing-v1,ising_1d,mpo_contract_compress,9,0.28188138641417027,0.2790393875911832,0.2842703249771148,3
circuit-fixed-endpoint-timing-v1,ising_1d,mpo_contract_compress,10,0.31508739525452256,0.3118184646591544,0.3175657750107348,3
circuit-fixed-endpoint-timing-v1,ising_1d,mpo_contract_compress,11,0.3485049302689731,0.34520824858918786,0.35133393900468946,3
circuit-fixed-endpoint-timing-v1,ising_1d,mpo_contract_compress,12,0.3822318383026868,0.3789631954859942,0.3854286118876189,3
circuit-fixed-endpoint-timing-v1,ising_1d,mpo_contract_compress,13,0.4167381052393466,0.41292794863693416,0.4199270319659263,3
circuit-fixed-endpoint-timing-v1,ising_1d,mpo_contract_compress,14,0.4513449822552502,0.44738961663097143,0.45589734707027674,3
circuit-fixed-endpoint-timing-v1,ising_1d,mpo_contract_compress,15,0.4868534472770989,0.48293012264184654,0.4925276960711926,3
circuit-fixed-endpoint-timing-v1,ising_1d,mpo_contract_compress,16,0.5223831762559712,0.5188900376670063,0.5303411411587149,3
circuit-fixed-endpoint-timing-v1,ising_1d,mpo_contract_compress,17,0.5593093354254961,0.5562212385702878,0.567594095133245,3
circuit-fixed-endpoint-timing-v1,ising_1d,mpo_contract_compress,18,0.6068142391741276,0.5958448725286871,0.6079847232904285,3
circuit-fixed-endpoint-timing-v1,ising_1d,mpo_contract_compress,19,0.6474727732129395,0.636311930604279,0.663404097314924,3
circuit-fixed-endpoint-timing-v1,ising_1d,mpo_contract_compress,20,0.688964183209464,0.6780434136744589,0.707694138167426,3
circuit-fixed-endpoint-timing-v1,ising_1d,mpo_contract_compress,21,0.7505916950758547,0.7396388286724687,0.7687862790189683,3
circuit-fixed-endpoint-timing-v1,ising_1d,mpo_contract_compress,22,0.794646873138845,0.7836879657115787,0.8140706578269601,3
circuit-fixed-endpoint-timing-v1,ising_1d,mpo_contract_compress,23,0.8391144152265042,0.8283792797010392,0.8596739019267261,3
circuit-fixed-endpoint-timing-v1,ising_1d,mpo_contract_compress,24,0.8858317621052265,0.8756100216414779,0.9076464800164104,3
circuit-fixed-endpoint-timing-v1,ising_1d,mpo_contract_compress,25,0.9384759832173586,0.9294807156547904,0.9607570290099829,3
circuit-fixed-endpoint-timing-v1,ising_1d,mpo_contract_compress,26,0.9935363112017512,0.9850088944658637,1.0182737419381738,3
circuit-fixed-endpoint-timing-v1,ising_1d,mpo_contract_compress,27,1.0483900201506913,1.0399591703899205,1.0750415979418904,3
circuit-fixed-endpoint-timing-v1,ising_1d,mpo_contract_compress,28,1.103612035047263,1.1010701404884458,1.1324088999535888,3
circuit-fixed-endpoint-timing-v1,ising_1d,mpo_contract_compress,29,1.158859393093735,1.156386203598231,1.190115647856146,3
circuit-fixed-endpoint-timing-v1,ising_1d,mpo_contract_compress,30,1.213292839936912,1.21197692444548,1.2475454278755933,3
circuit-fixed-endpoint-timing-v1,ising_1d,mpo_contract_compress,31,1.267923211446032,1.2677809419110417,1.3035906217992306,3
circuit-fixed-endpoint-timing-v1,ising_1d,mpo_contract_compress,32,1.3224011594429612,1.3220220799557865,1.3602108398918062,3
circuit-fixed-endpoint-timing-v1,ising_1d,mpo_contract_compress,33,1.3766776954289526,1.3761447358410805,1.4160768047440797,3
circuit-fixed-endpoint-timing-v1,ising_1d,mpo_contract_compress,34,1.4320289492607117,1.4311208659783006,1.4720111857168376,3
circuit-fixed-endpoint-timing-v1,ising_1d,mpo_contract_compress,35,1.4876657673157752,1.485847061034292,1.5292113746982068,3
circuit-fixed-endpoint-timing-v1,ising_1d,mpo_contract_compress,36,1.543448488228023,1.5407766031567007,1.588941180612892,3
circuit-fixed-endpoint-timing-v1,ising_1d,mpo_contract_compress,37,1.5993860373273492,1.5958162350580096,1.6450014975853264,3
circuit-fixed-endpoint-timing-v1,ising_1d,mpo_contract_compress,38,1.6542941313236952,1.6522101999726146,1.7005278076976538,3
circuit-fixed-endpoint-timing-v1,ising_1d,mpo_contract_compress,39,1.712467272998765,1.7100728701334447,1.7578217887785286,3
circuit-fixed-endpoint-timing-v1,ising_1d,mpo_contract_compress,40,1.7683634320273995,1.7649864822160453,1.8139683527406305,3
circuit-fixed-endpoint-timing-v1,ising_1d,mpo_contract_compress,41,1.8264667009934783,1.8198468813207,1.869747573742643,3
circuit-fixed-endpoint-timing-v1,ising_1d,mpo_contract_compress,42,1.8814165510702878,1.874440872343257,1.9246420736890286,3
circuit-fixed-endpoint-timing-v1,ising_1d,mpo_contract_compress,43,1.9364406540989876,1.9293740515131503,1.9797130536753684,3
circuit-fixed-endpoint-timing-v1,ising_1d,mpo_contract_compress,44,1.9915497112087905,1.9847543314099312,2.035157604608685,3
circuit-fixed-endpoint-timing-v1,ising_1d,mpo_contract_compress,45,2.04748461721465,2.039299823343754,2.0903868614695966,3
circuit-fixed-endpoint-timing-v1,ising_1d,mpo_contract_compress,46,2.1027993832249194,2.099557428387925,2.147834477480501,3
circuit-fixed-endpoint-timing-v1,ising_1d,mpo_contract_compress,47,2.157667739316821,2.15607760543935,2.2031398536637425,3
circuit-fixed-endpoint-timing-v1,ising_1d,mpo_contract_compress,48,2.212587603367865,2.2121634245850146,2.2590723177418113,3
circuit-fixed-endpoint-timing-v1,ising_1d,mpo_contract_compress,49,2.270270807435736,2.2702381236013025,2.315945258596912,3
circuit-fixed-endpoint-timing-v1,ising_1d,mpo_contract_compress,50,2.3369467053562403,2.3266684864647686,2.3725651826243848,3
circuit-fixed-endpoint-timing-v1,ising_1d,mpo_contract_compress,51,2.3988349593710154,2.382295998511836,2.4286491787061095,3
circuit-fixed-endpoint-timing-v1,ising_1d,mpo_contract_compress,52,2.4556604975368828,2.4372137496247888,2.483855008613318,3
circuit-fixed-endpoint-timing-v1,ising_1d,mpo_contract_compress,53,2.510405530454591,2.491847646655515,2.538881925633177,3
circuit-fixed-endpoint-timing-v1,ising_1d,mpo_contract_compress,54,2.5662232893519104,2.5469304765574634,2.5942630795761943,3
circuit-fixed-endpoint-timing-v1,ising_1d,mpo_contract_compress,55,2.6209676573053002,2.6027085636742413,2.6500951347406954,3
circuit-fixed-endpoint-timing-v1,ising_1d,mpo_contract_compress,56,2.676848409231752,2.6585970346350223,2.7068938098382205,3
circuit-fixed-endpoint-timing-v1,ising_1d,mpo_contract_compress,57,2.733982426347211,2.7139702106360346,2.7635486249346286,3
circuit-fixed-endpoint-timing-v1,ising_1d,mpo_contract_compress,58,2.7902861803304404,2.7689171987585723,2.8202892830595374,3
circuit-fixed-endpoint-timing-v1,ising_1d,mpo_contract_compress,59,2.846396737266332,2.8246787616517395,2.878329813014716,3
circuit-fixed-endpoint-timing-v1,ising_1d,mpo_contract_compress,60,2.9025641104672104,2.880560320802033,2.9343860789667815,3
circuit-fixed-endpoint-timing-v1,ising_1d,mpo_contract_compress,61,2.958667726488784,2.9362824347335845,2.9906977319624275,3
circuit-fixed-endpoint-timing-v1,ising_1d,mpo_contract_compress,62,3.014166429406032,2.991098831873387,3.047722751973197,3
circuit-fixed-endpoint-timing-v1,ising_1d,tebd_swap,0,0.0,0.0,0.0,3
circuit-fixed-endpoint-timing-v1,ising_1d,tebd_swap,1,0.02910440298728645,0.02873804303817451,0.029257360147312284,3
circuit-fixed-endpoint-timing-v1,ising_1d,tebd_swap,2,0.058697212021797895,0.05800765985623002,0.05964405299164355,3
circuit-fixed-endpoint-timing-v1,ising_1d,tebd_swap,3,0.08920413604937494,0.08800032502040267,0.09005525591783226,3
circuit-fixed-endpoint-timing-v1,ising_1d,tebd_swap,4,0.11998730921186507,0.11818615603260696,0.12069359072484076,3
circuit-fixed-endpoint-timing-v1,ising_1d,tebd_swap,5,0.15054510510526597,0.14858165592886508,0.1514569146092981,3
circuit-fixed-endpoint-timing-v1,ising_1d,tebd_swap,6,0.18158879922702909,0.17925382894463837,0.18236916256137192,3
circuit-fixed-endpoint-timing-v1,ising_1d,tebd_swap,7,0.21308660530485213,0.2104519607964903,0.21399522968567908,3
circuit-fixed-endpoint-timing-v1,ising_1d,tebd_swap,8,0.24526757025159895,0.2421782228630036,0.2561725506093353,3
circuit-fixed-endpoint-timing-v1,ising_1d,tebd_swap,9,0.27797335223294795,0.27669458487071097,0.2890662986319512,3
circuit-fixed-endpoint-timing-v1,ising_1d,tebd_swap,10,0.31262104166671634,0.31072370731271803,0.3218574277125299,3
circuit-fixed-endpoint-timing-v1,ising_1d,tebd_swap,11,0.34697939665056765,0.3435399173758924,0.3547428287565708,3
circuit-fixed-endpoint-timing-v1,ising_1d,tebd_swap,12,0.38270301767624915,0.37719937856309116,0.38809655560180545,3
circuit-fixed-endpoint-timing-v1,ising_1d,tebd_swap,13,0.41646371176466346,0.41113726957701147,0.4223592896014452,3
circuit-fixed-endpoint-timing-v1,ising_1d,tebd_swap,14,0.45063632167875767,0.44533855840563774,0.45670509757474065,3
circuit-fixed-endpoint-timing-v1,ising_1d,tebd_swap,15,0.485552012687549,0.480260573560372,0.4921560275834054,3
circuit-fixed-endpoint-timing-v1,ising_1d,tebd_swap,16,0.5208273206371814,0.5156641167122871,0.5278279394842684,3
circuit-fixed-endpoint-timing-v1,ising_1d,tebd_swap,17,0.5572839875239879,0.5525321788154542,0.5648132185451686,3
circuit-fixed-endpoint-timing-v1,ising_1d,tebd_swap,18,0.5952734244056046,0.5909234988503158,0.603345618583262,3
circuit-fixed-endpoint-timing-v1,ising_1d,tebd_swap,19,0.6346202832646668,0.630929343868047,0.6430412796325982,3
circuit-fixed-endpoint-timing-v1,ising_1d,tebd_swap,20,0.6747001763433218,0.6718259339686483,0.6832574845757335,3
circuit-fixed-endpoint-timing-v1,ising_1d,tebd_swap,21,0.7349678922910243,0.7302897658664733,0.7433337816037238,3
circuit-fixed-endpoint-timing-v1,ising_1d,tebd_swap,22,0.7786377763841301,0.7738332629669458,0.7870736196637154,3
circuit-fixed-endpoint-timing-v1,ising_1d,tebd_swap,23,0.8229718103539199,0.8182416970375925,0.831738363718614,3
circuit-fixed-endpoint-timing-v1,ising_1d,tebd_swap,24,0.8694630933459848,0.8650575052015483,0.8783686065580696,3
circuit-fixed-endpoint-timing-v1,ising_1d,tebd_swap,25,0.9217264093458652,0.9169265422970057,0.9309690224472433,3
circuit-fixed-endpoint-timing-v1,ising_1d,tebd_swap,26,0.976081914268434,0.9714348253328353,0.9861690094694495,3
circuit-fixed-endpoint-timing-v1,ising_1d,tebd_swap,27,1.0313376523554325,1.0258374293334782,1.0408772516530007,3
circuit-fixed-endpoint-timing-v1,ising_1d,tebd_swap,28,1.0868442342616618,1.0803102883510292,1.09547606180422,3
circuit-fixed-endpoint-timing-v1,ising_1d,tebd_swap,29,1.1452980171889067,1.135130544193089,1.1498044086620212,3
circuit-fixed-endpoint-timing-v1,ising_1d,tebd_swap,30,1.2004939801990986,1.1908317813649774,1.2058557937853038,3
circuit-fixed-endpoint-timing-v1,ising_1d,tebd_swap,31,1.254635307006538,1.2457003833260387,1.2602991845924407,3
circuit-fixed-endpoint-timing-v1,ising_1d,tebd_swap,32,1.3088095248676836,1.3002911533694714,1.3148388226982206,3
circuit-fixed-endpoint-timing-v1,ising_1d,tebd_swap,33,1.362968489062041,1.3547819594386965,1.3693641708232462,3
circuit-fixed-endpoint-timing-v1,ising_1d,tebd_swap,34,1.4175158098805696,1.4090924283955246,1.4247141077648848,3
circuit-fixed-endpoint-timing-v1,ising_1d,tebd_swap,35,1.4720299236942083,1.4631310105323792,1.4789666866417974,3
circuit-fixed-endpoint-timing-v1,ising_1d,tebd_swap,36,1.5262379187624902,1.5171916026156396,1.533398179570213,3
circuit-fixed-endpoint-timing-v1,ising_1d,tebd_swap,37,1.5838001419324428,1.5713837936054915,1.588080900721252,3
circuit-fixed-endpoint-timing-v1,ising_1d,tebd_swap,38,1.640181944007054,1.6260872734710574,1.642407742794603,3
circuit-fixed-endpoint-timing-v1,ising_1d,tebd_swap,39,1.695444901008159,1.6802182656247169,1.696864480851218,3
circuit-fixed-endpoint-timing-v1,ising_1d,tebd_swap,40,1.750159596092999,1.7343586958013475,1.7511182727757841,3
circuit-fixed-endpoint-timing-v1,ising_1d,tebd_swap,41,1.8046888001263142,1.7887048427946866,1.8056631456129253,3
circuit-fixed-endpoint-timing-v1,ising_1d,tebd_swap,42,1.8593361000530422,1.8428016498219222,1.8634283444844186,3
circuit-fixed-endpoint-timing-v1,ising_1d,tebd_swap,43,1.9136925970669836,1.8968149519059807,1.9180686965119094,3
circuit-fixed-endpoint-timing-v1,ising_1d,tebd_swap,44,1.9679255071096122,1.951093829004094,1.9736808065790683,3
circuit-fixed-endpoint-timing-v1,ising_1d,tebd_swap,45,2.0220935002435,2.0055807339958847,2.030132625484839,3
circuit-fixed-endpoint-timing-v1,ising_1d,tebd_swap,46,2.0766767251770943,2.0597177969757468,2.08595810434781,3
circuit-fixed-endpoint-timing-v1,ising_1d,tebd_swap,47,2.1310664331540465,2.1141260620206594,2.141730148345232,3
circuit-fixed-endpoint-timing-v1,ising_1d,tebd_swap,48,2.189062116201967,2.1682663599494845,2.1979086413048208,3
circuit-fixed-endpoint-timing-v1,ising_1d,tebd_swap,49,2.244827353162691,2.226716395933181,2.255794075317681,3
circuit-fixed-endpoint-timing-v1,ising_1d,tebd_swap,50,2.3008381712716073,2.2818653229624033,2.3130916722584516,3
circuit-fixed-endpoint-timing-v1,ising_1d,tebd_swap,51,2.360060868319124,2.3365931818261743,2.3691223540809005,3
circuit-fixed-endpoint-timing-v1,ising_1d,tebd_swap,52,2.4153785763774067,2.391037147725001,2.42533520096913,3
circuit-fixed-endpoint-timing-v1,ising_1d,tebd_swap,53,2.470403772313148,2.445739665767178,2.482175480108708,3
circuit-fixed-endpoint-timing-v1,ising_1d,tebd_swap,54,2.5253394453320652,2.501270785694942,2.5371312270872295,3
circuit-fixed-endpoint-timing-v1,ising_1d,tebd_swap,55,2.580376922385767,2.5560477976687253,2.5923545020632446,3
circuit-fixed-endpoint-timing-v1,ising_1d,tebd_swap,56,2.63548740837723,2.6145192347466946,2.647452041041106,3
circuit-fixed-endpoint-timing-v1,ising_1d,tebd_swap,57,2.6904603333678097,2.6719514208380133,2.7031200830824673,3
circuit-fixed-endpoint-timing-v1,ising_1d,tebd_swap,58,2.745463364291936,2.727036587893963,2.7586766281165183,3
circuit-fixed-endpoint-timing-v1,ising_1d,tebd_swap,59,2.808448917232454,2.7823971600737423,2.8137936322018504,3
circuit-fixed-endpoint-timing-v1,ising_1d,tebd_swap,60,2.863178244093433,2.8364378202240914,2.872718509286642,3
circuit-fixed-endpoint-timing-v1,ising_1d,tebd_swap,61,2.9174335431307554,2.890698250150308,2.929622011259198,3
circuit-fixed-endpoint-timing-v1,ising_1d,tebd_swap,62,2.971426062984392,2.944943616166711,2.986486957175657,3
circuit-fixed-endpoint-timing-v1,heisenberg_1d,gate_local_2tdvp,0,0.0,0.0,0.0,3
circuit-fixed-endpoint-timing-v1,heisenberg_1d,gate_local_2tdvp,1,0.40333720087073743,0.3963747478555888,0.4081064579077065,3
circuit-fixed-endpoint-timing-v1,heisenberg_1d,gate_local_2tdvp,2,0.8867367259226739,0.867786024697125,0.8969129158649594,3
circuit-fixed-endpoint-timing-v1,heisenberg_1d,gate_local_2tdvp,3,1.453987430781126,1.4318335086572915,1.475858025951311,3
circuit-fixed-endpoint-timing-v1,heisenberg_1d,gate_local_2tdvp,4,2.2491925158537924,2.248716260539368,2.2792664980515838,3
circuit-fixed-endpoint-timing-v1,heisenberg_1d,gate_local_2tdvp,5,3.9757329130079597,3.9289675843901932,4.006178998155519,3
circuit-fixed-endpoint-timing-v1,heisenberg_1d,gate_local_2tdvp,6,8.672699511284009,8.523497393587604,8.833091316977516,3
circuit-fixed-endpoint-timing-v1,heisenberg_1d,gate_local_2tdvp,7,14.03906227927655,13.823857462732121,14.327678899979219,3
circuit-fixed-endpoint-timing-v1,heisenberg_1d,gate_local_2tdvp,8,19.635649552335963,19.26218068576418,19.690703162923455,3
circuit-fixed-endpoint-timing-v1,heisenberg_1d,gate_local_2tdvp,9,25.03712475998327,24.487909842748195,25.397503031184897,3
circuit-fixed-endpoint-timing-v1,heisenberg_1d,gate_local_2tdvp,10,30.474128153873608,29.673597387736663,30.68719041417353,3
circuit-fixed-endpoint-timing-v1,heisenberg_1d,gate_local_2tdvp,11,36.001766182947904,34.917539255693555,36.04673324828036,3
circuit-fixed-endpoint-timing-v1,heisenberg_1d,gate_local_2tdvp,12,41.38762471731752,40.35915145557374,44.79370032600127,3
circuit-fixed-endpoint-timing-v1,heisenberg_1d,gate_local_2tdvp,13,46.72689031646587,45.77145867748186,52.49281766382046,3
circuit-fixed-endpoint-timing-v1,heisenberg_1d,gate_local_2tdvp,14,52.1341492603533,51.122499412391335,57.965450420742854,3
circuit-fixed-endpoint-timing-v1,heisenberg_1d,gate_local_2tdvp,15,57.49342665239237,56.73514001443982,63.290016094688326,3
circuit-fixed-endpoint-timing-v1,heisenberg_1d,gate_local_2tdvp,16,62.85666487249546,62.63150162738748,68.79563547763973,3
circuit-fixed-endpoint-timing-v1,heisenberg_1d,gate_local_2tdvp,17,68.41530718537979,68.31736833555624,74.28481747582555,3
circuit-fixed-endpoint-timing-v1,heisenberg_1d,gate_local_2tdvp,18,74.08252553665079,73.86248431936838,80.0266465076711,3
circuit-fixed-endpoint-timing-v1,heisenberg_1d,gate_local_2tdvp,19,79.59674881352112,79.40189781435765,85.52277408679947,3
circuit-fixed-endpoint-timing-v1,heisenberg_1d,gate_local_2tdvp,20,85.4557005923707,84.98011178663,91.26337467180565,3
circuit-fixed-endpoint-timing-v1,heisenberg_1d,gate_local_2tdvp,21,91.69580690632574,90.63683544378728,97.41898713586852,3
circuit-fixed-endpoint-timing-v1,heisenberg_1d,gate_local_2tdvp,22,97.17638529930264,96.75399868073873,102.76391965476796,3
circuit-fixed-endpoint-timing-v1,heisenberg_1d,gate_local_2tdvp,23,103.33808161970228,102.58417368424125,108.28471644967794,3
circuit-fixed-endpoint-timing-v1,heisenberg_1d,gate_local_2tdvp,24,109.46423571766354,107.85611527319998,113.72093654656783,3
circuit-fixed-endpoint-timing-v1,heisenberg_1d,gate_local_2tdvp,25,115.24368525855243,113.29317260929383,119.24438051576726,3
circuit-fixed-endpoint-timing-v1,heisenberg_1d,gate_local_2tdvp,26,120.94222723157145,118.87044836417772,124.67529048374854,3
circuit-fixed-endpoint-timing-v1,heisenberg_1d,gate_local_2tdvp,27,126.51999502046965,125.04353607213125,130.0630515976809,3
circuit-fixed-endpoint-timing-v1,heisenberg_1d,gate_local_2tdvp,28,132.33929702243768,130.77916611498222,135.46675415872596,3
circuit-fixed-endpoint-timing-v1,heisenberg_1d,gate_local_2tdvp,29,138.05375945637934,136.71657792618498,141.3747785515152,3
circuit-fixed-endpoint-timing-v1,heisenberg_1d,gate_local_2tdvp,30,143.87396176951006,142.83360609435476,147.41737454966642,3
circuit-fixed-endpoint-timing-v1,heisenberg_1d,gate_local_2tdvp,31,150.3798351145815,148.21716460143216,153.53267626464367,3
circuit-fixed-endpoint-timing-v1,heisenberg_1d,gate_local_2tdvp,32,156.03166349348612,153.88632707158104,159.08181007858366,3
circuit-fixed-endpoint-timing-v1,heisenberg_1d,gate_local_2tdvp,33,161.60705628362484,159.59824194665998,164.52677999343723,3
circuit-fixed-endpoint-timing-v1,heisenberg_1d,gate_local_2tdvp,34,167.18166864663363,164.93259877548553,169.93714798241854,3
circuit-fixed-endpoint-timing-v1,heisenberg_1d,gate_local_2tdvp,35,172.749824043829,170.24190102843568,175.2403604972642,3
circuit-fixed-endpoint-timing-v1,heisenberg_1d,gate_local_2tdvp,36,178.00880555273034,175.6214497704059,180.65964833716862,3
circuit-fixed-endpoint-timing-v1,heisenberg_1d,gate_local_2tdvp,37,183.27969621866941,181.03615460847504,186.00590408523567,3
circuit-fixed-endpoint-timing-v1,heisenberg_1d,mpo_contract_compress,0,0.0,0.0,0.0,3
circuit-fixed-endpoint-timing-v1,heisenberg_1d,mpo_contract_compress,1,0.08085116418078542,0.08078036992810667,0.08272136421874166,3
circuit-fixed-endpoint-timing-v1,heisenberg_1d,mpo_contract_compress,2,0.17051831725984812,0.16991371591575444,0.17248829128220677,3
circuit-fixed-endpoint-timing-v1,heisenberg_1d,mpo_contract_compress,3,0.2704708173405379,0.26924769300967455,0.271682252176106,3
circuit-fixed-endpoint-timing-v1,heisenberg_1d,mpo_contract_compress,4,0.38266193913295865,0.38010382396169007,0.3828217952977866,3
circuit-fixed-endpoint-timing-v1,heisenberg_1d,mpo_contract_compress,5,0.5148360792081803,0.5116566547658294,0.5148857701569796,3
circuit-fixed-endpoint-timing-v1,heisenberg_1d,mpo_contract_compress,6,0.6627182331867516,0.6599665619432926,0.6650529012549669,3
circuit-fixed-endpoint-timing-v1,heisenberg_1d,mpo_contract_compress,7,0.8100687132682651,0.8077976140193641,0.814781109103933,3
circuit-fixed-endpoint-timing-v1,heisenberg_1d,mpo_contract_compress,8,0.9586087241768837,0.9550518379546702,0.96335130603984,3
circuit-fixed-endpoint-timing-v1,heisenberg_1d,mpo_contract_compress,9,1.108014619210735,1.105904052965343,1.1130293121095747,3
circuit-fixed-endpoint-timing-v1,heisenberg_1d,mpo_contract_compress,10,1.2588785460684448,1.2574866143986583,1.2628039258997887,3
circuit-fixed-endpoint-timing-v1,heisenberg_1d,mpo_contract_compress,11,1.4091983381658792,1.405369746265933,1.411192981991917,3
circuit-fixed-endpoint-timing-v1,heisenberg_1d,mpo_contract_compress,12,1.5782744311727583,1.572331749368459,1.581812916090712,3
circuit-fixed-endpoint-timing-v1,heisenberg_1d,mpo_contract_compress,13,1.7280691911000758,1.7216651572380215,1.7396071748808026,3
circuit-fixed-endpoint-timing-v1,heisenberg_1d,mpo_contract_compress,14,1.8790323159191757,1.870919177075848,1.890026383800432,3
circuit-fixed-endpoint-timing-v1,heisenberg_1d,mpo_contract_compress,15,2.029439900768921,2.0204715852160007,2.0392562567722052,3
circuit-fixed-endpoint-timing-v1,heisenberg_1d,mpo_contract_compress,16,2.1799865076318383,2.169534502318129,2.1907307466026396,3
circuit-fixed-endpoint-timing-v1,heisenberg_1d,mpo_contract_compress,17,2.331041398458183,2.3188270332757384,2.3411083156242967,3
circuit-fixed-endpoint-timing-v1,heisenberg_1d,mpo_contract_compress,18,2.48198068048805,2.467996629420668,2.4919259266462177,3
circuit-fixed-endpoint-timing-v1,heisenberg_1d,mpo_contract_compress,19,2.633188666542992,2.618165369378403,2.641645011724904,3
circuit-fixed-endpoint-timing-v1,heisenberg_1d,mpo_contract_compress,20,2.7839189367368817,2.7680412833578885,2.792407859582454,3
circuit-fixed-endpoint-timing-v1,heisenberg_1d,mpo_contract_compress,21,2.932520437752828,2.916218563215807,2.9427441495936364,3
circuit-fixed-endpoint-timing-v1,heisenberg_1d,mpo_contract_compress,22,3.0806510236579925,3.0651314691640437,3.0924690584652126,3
circuit-fixed-endpoint-timing-v1,heisenberg_1d,mpo_contract_compress,23,3.230540815507993,3.215193984331563,3.2433527754619718,3
circuit-fixed-endpoint-timing-v1,heisenberg_1d,mpo_contract_compress,24,3.3802642836235464,3.363608943298459,3.3941402754280716,3
circuit-fixed-endpoint-timing-v1,heisenberg_1d,mpo_contract_compress,25,3.5314875775948167,3.513541185297072,3.544798046350479,3
circuit-fixed-endpoint-timing-v1,heisenberg_1d,mpo_contract_compress,26,3.6805633066687733,3.663234050385654,3.6944103392306715,3
circuit-fixed-endpoint-timing-v1,heisenberg_1d,mpo_contract_compress,27,3.830680868588388,3.8130569253116846,3.8458265534136444,3
circuit-fixed-endpoint-timing-v1,heisenberg_1d,mpo_contract_compress,28,3.980136336525902,3.9635420094709843,3.9970277885440737,3
circuit-fixed-endpoint-timing-v1,heisenberg_1d,mpo_contract_compress,29,4.1305001836735755,4.1135703783947974,4.148189388681203,3
circuit-fixed-endpoint-timing-v1,heisenberg_1d,mpo_contract_compress,30,4.280158542562276,4.2640063154976815,4.298821403644979,3
circuit-fixed-endpoint-timing-v1,heisenberg_1d,mpo_contract_compress,31,4.428908230504021,4.412501732585952,4.448206068715081,3
circuit-fixed-endpoint-timing-v1,heisenberg_1d,mpo_contract_compress,32,4.5817851126194,4.561656152596697,4.597821991657838,3
circuit-fixed-endpoint-timing-v1,heisenberg_1d,mpo_contract_compress,33,4.735677184537053,4.711084308568388,4.748949389671907,3
circuit-fixed-endpoint-timing-v1,heisenberg_1d,mpo_contract_compress,34,4.8853193775285035,4.86123899766244,4.939510821597651,3
circuit-fixed-endpoint-timing-v1,heisenberg_1d,mpo_contract_compress,35,5.0345715545117855,5.010585254523903,5.0900165166240185,3
circuit-fixed-endpoint-timing-v1,heisenberg_1d,mpo_contract_compress,36,5.184623760636896,5.1600575156044215,5.240912361769006,3
circuit-fixed-endpoint-timing-v1,heisenberg_1d,mpo_contract_compress,37,5.334019486559555,5.30911730369553,5.390518254600465,3
circuit-fixed-endpoint-timing-v1,heisenberg_1d,tebd_swap,0,0.0,0.0,0.0,3
circuit-fixed-endpoint-timing-v1,heisenberg_1d,tebd_swap,1,0.08147260500118136,0.08141486998647451,0.08182740700431168,3
circuit-fixed-endpoint-timing-v1,heisenberg_1d,tebd_swap,2,0.17194175999611616,0.17188282683491707,0.17236595507711172,3
circuit-fixed-endpoint-timing-v1,heisenberg_1d,tebd_swap,3,0.2722448988351971,0.27173752896487713,0.27296850900165737,3
circuit-fixed-endpoint-timing-v1,heisenberg_1d,tebd_swap,4,0.38495939085260034,0.38428542600013316,0.38551654084585607,3
circuit-fixed-endpoint-timing-v1,heisenberg_1d,tebd_swap,5,0.5177708028350025,0.517190421000123,0.5185298149008304,3
circuit-fixed-endpoint-timing-v1,heisenberg_1d,tebd_swap,6,0.6671325049828738,0.6663804338313639,0.6680359288584441,3
circuit-fixed-endpoint-timing-v1,heisenberg_1d,tebd_swap,7,0.8171485539060086,0.8151564507279545,0.8180484799668193,3
circuit-fixed-endpoint-timing-v1,heisenberg_1d,tebd_swap,8,0.9663245386909693,0.9630384966731071,0.9675059858709574,3
circuit-fixed-endpoint-timing-v1,heisenberg_1d,tebd_swap,9,1.1173246067482978,1.111852929694578,1.1226447888184339,3
circuit-fixed-endpoint-timing-v1,heisenberg_1d,tebd_swap,10,1.2679249898064882,1.2606555856764317,1.2732000357937068,3
circuit-fixed-endpoint-timing-v1,heisenberg_1d,tebd_swap,11,1.4187713887076825,1.4092057598754764,1.4223758487496525,3
circuit-fixed-endpoint-timing-v1,heisenberg_1d,tebd_swap,12,1.5926507227122784,1.5876335639040917,1.5931459995917976,3
circuit-fixed-endpoint-timing-v1,heisenberg_1d,tebd_swap,13,1.7430231624748558,1.7385868928395212,1.7434190816711634,3
circuit-fixed-endpoint-timing-v1,heisenberg_1d,tebd_swap,14,1.8927525533363223,1.8911085147410631,1.8950586586724967,3
circuit-fixed-endpoint-timing-v1,heisenberg_1d,tebd_swap,15,2.04418957978487,2.042122103506699,2.0460348806809634,3
circuit-fixed-endpoint-timing-v1,heisenberg_1d,tebd_swap,16,2.193191433791071,2.19222932937555,2.197071440750733,3
circuit-fixed-endpoint-timing-v1,heisenberg_1d,tebd_swap,17,2.341923942323774,2.341886325739324,2.3480651958379894,3
circuit-fixed-endpoint-timing-v1,heisenberg_1d,tebd_swap,18,2.492568577406928,2.4906631766352803,2.5000654868781567,3
circuit-fixed-endpoint-timing-v1,heisenberg_1d,tebd_swap,19,2.6420436974149197,2.6394066577777267,2.6509494909550995,3
circuit-fixed-endpoint-timing-v1,heisenberg_1d,tebd_swap,20,2.792288546450436,2.7898449797648937,2.8017778748180717,3
circuit-fixed-endpoint-timing-v1,heisenberg_1d,tebd_swap,21,2.9407660346478224,2.9388053917791694,2.951310696778819,3
circuit-fixed-endpoint-timing-v1,heisenberg_1d,tebd_swap,22,3.090044538723305,3.0873779677785933,3.101598161738366,3
circuit-fixed-endpoint-timing-v1,heisenberg_1d,tebd_swap,23,3.244606238557026,3.2357098618522286,3.252398897660896,3
circuit-fixed-endpoint-timing-v1,heisenberg_1d,tebd_swap,24,3.397218960337341,3.3859627686906606,3.403942987555638,3
circuit-fixed-endpoint-timing-v1,heisenberg_1d,tebd_swap,25,3.55116425617598,3.5349364306312054,3.5555488825775683,3
circuit-fixed-endpoint-timing-v1,heisenberg_1d,tebd_swap,26,3.701526036253199,3.6834214106202126,3.705909475684166,3
circuit-fixed-endpoint-timing-v1,heisenberg_1d,tebd_swap,27,3.8519011281896383,3.833282401552424,3.8572817917447537,3
circuit-fixed-endpoint-timing-v1,heisenberg_1d,tebd_swap,28,4.001670497236773,3.9850590964779258,4.008732781745493,3
circuit-fixed-endpoint-timing-v1,heisenberg_1d,tebd_swap,29,4.152540052076802,4.135902809444815,4.1608440657146275,3
circuit-fixed-endpoint-timing-v1,heisenberg_1d,tebd_swap,30,4.302426680224016,4.284383398480713,4.311026836745441,3
circuit-fixed-endpoint-timing-v1,heisenberg_1d,tebd_swap,31,4.451596568338573,4.434044169494882,4.460696944734082,3
circuit-fixed-endpoint-timing-v1,heisenberg_1d,tebd_swap,32,4.600964289391413,4.59324964042753,4.610940415645018,3
circuit-fixed-endpoint-timing-v1,heisenberg_1d,tebd_swap,33,4.752115733223036,4.744313111295924,4.762663593748584,3
circuit-fixed-endpoint-timing-v1,heisenberg_1d,tebd_swap,34,4.901864531217143,4.895266925450414,4.912838679738343,3
circuit-fixed-endpoint-timing-v1,heisenberg_1d,tebd_swap,35,5.052433314034715,5.0463074434082955,5.064615442650393,3
circuit-fixed-endpoint-timing-v1,heisenberg_1d,tebd_swap,36,5.201474639121443,5.197051027324051,5.2160282207187265,3
circuit-fixed-endpoint-timing-v1,heisenberg_1d,tebd_swap,37,5.3505031750537455,5.3473901883699,5.366607999661937,3
circuit-fixed-endpoint-timing-v1,ising_2d,gate_local_2tdvp,0,0.0,0.0,0.0,3
circuit-fixed-endpoint-timing-v1,ising_2d,gate_local_2tdvp,1,0.2779407319612801,0.2741874570492655,0.2814899680670351,3
circuit-fixed-endpoint-timing-v1,ising_2d,gate_local_2tdvp,2,0.6321798050776124,0.6292418739758432,0.6461298880167305,3
circuit-fixed-endpoint-timing-v1,ising_2d,gate_local_2tdvp,3,1.1269294321537018,1.121623340062797,1.1486920912284404,3
circuit-fixed-endpoint-timing-v1,ising_2d,gate_local_2tdvp,4,2.137276742141694,2.115018849959597,2.1801078780554235,3
circuit-fixed-endpoint-timing-v1,ising_2d,gate_local_2tdvp,5,4.568745870841667,4.505346819292754,4.68715537711978,3
circuit-fixed-endpoint-timing-v1,ising_2d,gate_local_2tdvp,6,8.028994648717344,7.888722798321396,8.169462821213529,3
circuit-fixed-endpoint-timing-v1,ising_2d,gate_local_2tdvp,7,11.522015305701643,11.39008222729899,12.00705465930514,3
circuit-fixed-endpoint-timing-v1,ising_2d,gate_local_2tdvp,8,14.966617956757545,14.953514633467421,16.065084655303508,3
circuit-fixed-endpoint-timing-v1,ising_2d,gate_local_2tdvp,9,18.459238655865192,18.42628063331358,20.04608544637449,3
circuit-fixed-endpoint-timing-v1,ising_2d,gate_local_2tdvp,10,22.220636107958853,21.92303964914754,23.731055370299146,3
circuit-fixed-endpoint-timing-v1,ising_2d,gate_local_2tdvp,11,25.675847317790613,25.404741208301857,27.180831930367276,3
circuit-fixed-endpoint-timing-v1,ising_2d,gate_local_2tdvp,12,29.22882356471382,29.002955545205623,30.800240020267665,3
circuit-fixed-endpoint-timing-v1,ising_2d,gate_local_2tdvp,13,32.66006926074624,32.54445656435564,34.53347599925473,3
circuit-fixed-endpoint-timing-v1,ising_2d,gate_local_2tdvp,14,36.31249617715366,36.09094887971878,38.39578579622321,3
circuit-fixed-endpoint-timing-v1,ising_2d,gate_local_2tdvp,15,40.068029212299734,39.62106367875822,41.84259247616865,3
circuit-fixed-endpoint-timing-v1,ising_2d,gate_local_2tdvp,16,43.60966134443879,43.221136467764154,45.37373064807616,3
circuit-fixed-endpoint-timing-v1,ising_2d,gate_local_2tdvp,17,47.15697514428757,46.87060986482538,49.01177086005919,3
circuit-fixed-endpoint-timing-v1,ising_2d,gate_local_2tdvp,18,50.851751724490896,50.47691711783409,52.88619409897365,3
circuit-fixed-endpoint-timing-v1,ising_2d,gate_local_2tdvp,19,54.4885252926033,53.99835882894695,56.71936714486219,3
circuit-fixed-endpoint-timing-v1,ising_2d,gate_local_2tdvp,20,57.97667707968503,57.462381878867745,60.36232791375369,3
circuit-fixed-endpoint-timing-v1,ising_2d,gate_local_2tdvp,21,61.525912375655025,60.92814067401923,64.46409647492692,3
circuit-fixed-endpoint-timing-v1,ising_2d,gate_local_2tdvp,22,65.28226976073347,64.53859430900775,68.55364911374636,3
circuit-fixed-endpoint-timing-v1,ising_2d,gate_local_2tdvp,23,68.8097453317605,68.11130659887567,72.80310011189431,3
circuit-fixed-endpoint-timing-v1,ising_2d,gate_local_2tdvp,24,72.31529757077806,71.91029812092893,76.63032502774149,3
circuit-fixed-endpoint-timing-v1,ising_2d,gate_local_2tdvp,25,75.99256537365727,75.86849175603129,81.48209563782439,3
circuit-fixed-endpoint-timing-v1,ising_2d,gate_local_2tdvp,26,80.50909059890546,79.62829696945846,86.05019436194561,3
circuit-fixed-endpoint-timing-v1,ising_2d,gate_local_2tdvp,27,84.69976938376203,83.20141138555482,90.85356234014034,3
circuit-fixed-endpoint-timing-v1,ising_2d,gate_local_2tdvp,28,88.55126342480071,86.79822234646417,95.30705255712382,3
circuit-fixed-endpoint-timing-v1,ising_2d,gate_local_2tdvp,29,91.99839971284382,90.79367477446795,100.09427312528715,3
circuit-fixed-endpoint-timing-v1,ising_2d,gate_local_2tdvp,30,95.89835840486921,94.39937834441662,104.7665351992473,3
circuit-fixed-endpoint-timing-v1,ising_2d,gate_local_2tdvp,31,99.35909462277777,98.19037517346442,109.44159834412858,3
circuit-fixed-endpoint-timing-v1,ising_2d,gate_local_2tdvp,32,103.6545507828705,101.96260535437614,114.69705241406336,3
circuit-fixed-endpoint-timing-v1,ising_2d,gate_local_2tdvp,33,107.68445751001127,105.60097177745774,119.39620558405295,3
circuit-fixed-endpoint-timing-v1,ising_2d,gate_local_2tdvp,34,111.54242392303422,109.18728393036872,124.19485678104684,3
circuit-fixed-endpoint-timing-v1,ising_2d,gate_local_2tdvp,35,115.55312757799402,113.12398359342478,128.56122167920694,3
circuit-fixed-endpoint-timing-v1,ising_2d,gate_local_2tdvp,36,119.5724606658332,116.71831760555506,133.31305864918977,3
circuit-fixed-endpoint-timing-v1,ising_2d,gate_local_2tdvp,37,123.17085773288272,120.28471060446464,137.73223199415952,3
circuit-fixed-endpoint-timing-v1,ising_2d,gate_local_2tdvp,38,126.77705367375165,123.88250056561083,142.10426640929654,3
circuit-fixed-endpoint-timing-v1,ising_2d,gate_local_2tdvp,39,130.32703401590697,127.44139853445813,146.44671029224992,3
circuit-fixed-endpoint-timing-v1,ising_2d,gate_local_2tdvp,40,134.3002501130104,130.9489007985685,150.79245501826517,3
circuit-fixed-endpoint-timing-v1,ising_2d,gate_local_2tdvp,41,137.9122369431425,134.4795435415581,155.33329618140124,3
circuit-fixed-endpoint-timing-v1,ising_2d,gate_local_2tdvp,42,141.94795522629283,138.02901167748496,160.67916691233404,3
circuit-fixed-endpoint-timing-v1,ising_2d,gate_local_2tdvp,43,146.25222937832586,141.52100619440898,165.698805751279,3
circuit-fixed-endpoint-timing-v1,ising_2d,gate_local_2tdvp,44,150.6145364032127,145.14556228043512,169.44387755030766,3
circuit-fixed-endpoint-timing-v1,ising_2d,gate_local_2tdvp,45,154.77580070029944,148.62835765560158,173.16312034917064,3
circuit-fixed-endpoint-timing-v1,ising_2d,gate_local_2tdvp,46,158.79445254034363,152.12399895559065,176.80976699618623,3
circuit-fixed-endpoint-timing-v1,ising_2d,gate_local_2tdvp,47,162.6359790454153,155.69383538351394,180.342034004163,3
circuit-fixed-endpoint-timing-v1,ising_2d,gate_local_2tdvp,48,166.15958699933253,159.38448927458376,183.7915260931477,3
circuit-fixed-endpoint-timing-v1,ising_2d,gate_local_2tdvp,49,170.18643413414247,163.24070835555904,187.2680104211904,3
circuit-fixed-endpoint-timing-v1,ising_2d,gate_local_2tdvp,50,174.1028610970825,166.99452722468413,190.81597330910154,3
circuit-fixed-endpoint-timing-v1,ising_2d,gate_local_2tdvp,51,178.45988569012843,171.09134246478789,194.4068052850198,3
circuit-fixed-endpoint-timing-v1,ising_2d,gate_local_2tdvp,52,183.00834143720567,175.4883969416842,197.94129142095335,3
circuit-fixed-endpoint-timing-v1,ising_2d,gate_local_2tdvp,53,187.08286739815958,179.22562637878582,201.39779230812564,3
circuit-fixed-endpoint-timing-v1,ising_2d,gate_local_2tdvp,54,191.13740789424628,182.9804454529658,204.88310811505653,3
circuit-fixed-endpoint-timing-v1,ising_2d,gate_local_2tdvp,55,194.6884952641558,187.0492179230787,208.35757491597906,3
circuit-fixed-endpoint-timing-v1,ising_2d,gate_local_2tdvp,56,198.28192588314414,190.62500907317735,211.80039082211442,3
circuit-fixed-endpoint-timing-v1,ising_2d,gate_local_2tdvp,57,202.51399673428386,194.23891765112057,215.25118865608238,3
circuit-fixed-endpoint-timing-v1,ising_2d,gate_local_2tdvp,58,206.6609090291895,198.07271295506507,218.72117590229027,3
circuit-fixed-endpoint-timing-v1,ising_2d,gate_local_2tdvp,59,210.77052286616527,202.9151485899929,222.2068284584675,3
circuit-fixed-endpoint-timing-v1,ising_2d,gate_local_2tdvp,60,214.7417648602277,207.50318768108264,225.69547638949007,3
circuit-fixed-endpoint-timing-v1,ising_2d,gate_local_2tdvp,61,219.0659387661144,211.8951091291383,229.18889559153467,3
circuit-fixed-endpoint-timing-v1,ising_2d,gate_local_2tdvp,62,223.6249410288874,216.02753213210963,232.80982624553144,3
circuit-fixed-endpoint-timing-v1,ising_2d,gate_local_2tdvp,63,227.1928912338335,220.25784673332237,236.3621328214649,3
circuit-fixed-endpoint-timing-v1,ising_2d,gate_local_2tdvp,64,230.94748425576836,224.3961375374347,239.82587727555074,3
circuit-fixed-endpoint-timing-v1,ising_2d,gate_local_2tdvp,65,234.84168881666847,228.59329257556237,243.32647570362315,3
circuit-fixed-endpoint-timing-v1,ising_2d,gate_local_2tdvp,66,238.71767510380596,232.9225906264037,246.79687182465568,3
circuit-fixed-endpoint-timing-v1,ising_2d,gate_local_2tdvp,67,242.8861360377632,237.60029701446183,250.27702590683475,3
circuit-fixed-endpoint-timing-v1,ising_2d,gate_local_2tdvp,68,247.5221868888475,241.762094597565,253.7352253838908,3
circuit-fixed-endpoint-timing-v1,ising_2d,gate_local_2tdvp,69,251.65611234097742,246.02708899159916,257.2413319898769,3
circuit-fixed-endpoint-timing-v1,ising_2d,gate_local_2tdvp,70,255.491211530054,250.9869819926098,260.71445212187245,3
circuit-fixed-endpoint-timing-v1,ising_2d,gate_local_2tdvp,71,259.17394665116444,255.03380006062798,264.35032268287614,3
circuit-fixed-endpoint-timing-v1,ising_2d,gate_local_2tdvp,72,262.6966418910306,258.86580759542994,267.878119751811,3
circuit-fixed-endpoint-timing-v1,ising_2d,gate_local_2tdvp,73,266.2844335990958,263.49830145249143,271.36660636984743,3
circuit-fixed-endpoint-timing-v1,ising_2d,gate_local_2tdvp,74,270.0534623200074,267.2253259115387,274.8868123199791,3
circuit-fixed-endpoint-timing-v1,ising_2d,mpo_contract_compress,0,0.0,0.0,0.0,3
circuit-fixed-endpoint-timing-v1,ising_2d,mpo_contract_compress,1,0.09827400580979884,0.09667189605534077,0.10473426710814238,3
circuit-fixed-endpoint-timing-v1,ising_2d,mpo_contract_compress,2,0.22299398388713598,0.2196043860167265,0.23462087917141616,3
circuit-fixed-endpoint-timing-v1,ising_2d,mpo_contract_compress,3,0.3827638530638069,0.3781349021010101,0.3991653381381184,3
circuit-fixed-endpoint-timing-v1,ising_2d,mpo_contract_compress,4,0.5872714780271053,0.5825316971167922,0.6021384880878031,3
circuit-fixed-endpoint-timing-v1,ising_2d,mpo_contract_compress,5,0.8217860269360244,0.8122132092248648,0.831479610176757,3
circuit-fixed-endpoint-timing-v1,ising_2d,mpo_contract_compress,6,1.0662327352911234,1.0473593100905418,1.0684002449270338,3
circuit-fixed-endpoint-timing-v1,ising_2d,mpo_contract_compress,7,1.3042126430664212,1.2828137439209968,1.331828701077029,3
circuit-fixed-endpoint-timing-v1,ising_2d,mpo_contract_compress,8,1.5397038462106138,1.5245415340177715,1.5740470939781517,3
circuit-fixed-endpoint-timing-v1,ising_2d,mpo_contract_compress,9,1.780947610270232,1.7645030310377479,1.8166174867656082,3
circuit-fixed-endpoint-timing-v1,ising_2d,mpo_contract_compress,10,2.018415163271129,2.007723468123004,2.0577496606856585,3
circuit-fixed-endpoint-timing-v1,ising_2d,mpo_contract_compress,11,2.25263533834368,2.2479047533124685,2.2951738957781345,3
circuit-fixed-endpoint-timing-v1,ising_2d,mpo_contract_compress,12,2.488945557270199,2.4876349214464426,2.5360697698779404,3
circuit-fixed-endpoint-timing-v1,ising_2d,mpo_contract_compress,13,2.734633330255747,2.7241945585701615,2.7735035077203065,3
circuit-fixed-endpoint-timing-v1,ising_2d,mpo_contract_compress,14,2.9714404873084277,2.9605908326338977,3.011129673803225,3
circuit-fixed-endpoint-timing-v1,ising_2d,mpo_contract_compress,15,3.225137965520844,3.2153744406532496,3.265776921994984,3
circuit-fixed-endpoint-timing-v1,ising_2d,mpo_contract_compress,16,3.463894408661872,3.4523682647850364,3.5167712131515145,3
circuit-fixed-endpoint-timing-v1,ising_2d,mpo_contract_compress,17,3.70061257481575,3.6877170256339014,3.752264596056193,3
circuit-fixed-endpoint-timing-v1,ising_2d,mpo_contract_compress,18,3.938437070697546,3.9226497607305646,3.98895078105852,3
circuit-fixed-endpoint-timing-v1,ising_2d,mpo_contract_compress,19,4.175580496666953,4.167643783614039,4.225028459914029,3
circuit-fixed-endpoint-timing-v1,ising_2d,mpo_contract_compress,20,4.413199710659683,4.404109765775502,4.461718698963523,3
circuit-fixed-endpoint-timing-v1,ising_2d,mpo_contract_compress,21,4.651674470631406,4.638483044691384,4.69702629907988,3
circuit-fixed-endpoint-timing-v1,ising_2d,mpo_contract_compress,22,4.890392292756587,4.875056728720665,4.933443823130801,3
circuit-fixed-endpoint-timing-v1,ising_2d,mpo_contract_compress,23,5.128192908596247,5.109404333634302,5.171615022001788,3
circuit-fixed-endpoint-timing-v1,ising_2d,mpo_contract_compress,24,5.366291183512658,5.342937063425779,5.410140688996762,3
circuit-fixed-endpoint-timing-v1,ising_2d,mpo_contract_compress,25,5.619321104604751,5.597481122473255,5.650419789832085,3
circuit-fixed-endpoint-timing-v1,ising_2d,mpo_contract_compress,26,5.857388828648254,5.838444174500182,5.891684792703018,3
circuit-fixed-endpoint-timing-v1,ising_2d,mpo_contract_compress,27,6.095699071651325,6.084061182336882,6.13334919186309,3
circuit-fixed-endpoint-timing-v1,ising_2d,mpo_contract_compress,28,6.333842794643715,6.319244757294655,6.38031144393608,3
circuit-fixed-endpoint-timing-v1,ising_2d,mpo_contract_compress,29,6.572040647733957,6.555714033311233,6.622191414935514,3
circuit-fixed-endpoint-timing-v1,ising_2d,mpo_contract_compress,30,6.8491865212563425,6.81038277852349,6.857844332931563,3
circuit-fixed-endpoint-timing-v1,ising_2d,mpo_contract_compress,31,7.087200841400772,7.050186910433695,7.099361519794911,3
circuit-fixed-endpoint-timing-v1,ising_2d,mpo_contract_compress,32,7.322377247270197,7.28846119530499,7.339722179807723,3
circuit-fixed-endpoint-timing-v1,ising_2d,mpo_contract_compress,33,7.557982314378023,7.52502590813674,7.581173984799534,3
circuit-fixed-endpoint-timing-v1,ising_2d,mpo_contract_compress,34,7.801567978458479,7.763421262148768,7.821259769843891,3
circuit-fixed-endpoint-timing-v1,ising_2d,mpo_contract_compress,35,8.03420008951798,7.999956519110128,8.059059456922114,3
circuit-fixed-endpoint-timing-v1,ising_2d,mpo_contract_compress,36,8.275884724454954,8.236079016234726,8.29560220381245,3
circuit-fixed-endpoint-timing-v1,ising_2d,mpo_contract_compress,37,8.513094635447487,8.473038985393941,8.531865930883214,3
circuit-fixed-endpoint-timing-v1,ising_2d,mpo_contract_compress,38,8.747649081517011,8.709331055404618,8.791346163023263,3
circuit-fixed-endpoint-timing-v1,ising_2d,mpo_contract_compress,39,8.984428052557632,8.946714480407536,9.039061407092959,3
circuit-fixed-endpoint-timing-v1,ising_2d,mpo_contract_compress,40,9.220003340393305,9.184207844315097,9.285940757254139,3
circuit-fixed-endpoint-timing-v1,ising_2d,mpo_contract_compress,41,9.45360386557877,9.420856360346079,9.531086817383766,3
circuit-fixed-endpoint-timing-v1,ising_2d,mpo_contract_compress,42,9.689487335504964,9.658359250519425,9.768050801474601,3
circuit-fixed-endpoint-timing-v1,ising_2d,mpo_contract_compress,43,9.925072990590706,9.894633828429505,10.005009051412344,3
circuit-fixed-endpoint-timing-v1,ising_2d,mpo_contract_compress,44,10.161725912708789,10.13304675836116,10.240658840630203,3
circuit-fixed-endpoint-timing-v1,ising_2d,mpo_contract_compress,45,10.39766479562968,10.369824848370627,10.478264456614852,3
circuit-fixed-endpoint-timing-v1,ising_2d,mpo_contract_compress,46,10.633569712517783,10.607428777264431,10.715411134529859,3
circuit-fixed-endpoint-timing-v1,ising_2d,mpo_contract_compress,47,10.869696045527235,10.845199638279155,10.952419633744285,3
circuit-fixed-endpoint-timing-v1,ising_2d,mpo_contract_compress,48,11.105214682407677,11.082374337129295,11.189202405745164,3
circuit-fixed-endpoint-timing-v1,ising_2d,mpo_contract_compress,49,11.340707597322762,11.319829098181799,11.426924374653026,3
circuit-fixed-endpoint-timing-v1,ising_2d,mpo_contract_compress,50,11.576482297154143,11.557039830368012,11.664282587589696,3
circuit-fixed-endpoint-timing-v1,ising_2d,mpo_contract_compress,51,11.811890717130154,11.793290843488649,11.901838685618713,3
circuit-fixed-endpoint-timing-v1,ising_2d,mpo_contract_compress,52,12.047661054180935,12.029718195553869,12.139050110476092,3
circuit-fixed-endpoint-timing-v1,ising_2d,mpo_contract_compress,53,12.283872683066875,12.266864822478965,12.376395815517753,3
circuit-fixed-endpoint-timing-v1,ising_2d,mpo_contract_compress,54,12.523653893964365,12.503058241680264,12.613509091548622,3
circuit-fixed-endpoint-timing-v1,ising_2d,mpo_contract_compress,55,12.766158832935616,12.740994209656492,12.85030916845426,3
circuit-fixed-endpoint-timing-v1,ising_2d,mpo_contract_compress,56,13.003169421106577,12.978080830536783,13.08745036041364,3
circuit-fixed-endpoint-timing-v1,ising_2d,mpo_contract_compress,57,13.239199370145798,13.2143901984673,13.324678543489426,3
circuit-fixed-endpoint-timing-v1,ising_2d,mpo_contract_compress,58,13.476122737163678,13.451405676547438,13.56608488643542,3
circuit-fixed-endpoint-timing-v1,ising_2d,mpo_contract_compress,59,13.713590734172612,13.688588492572308,13.804478603415191,3
circuit-fixed-endpoint-timing-v1,ising_2d,mpo_contract_compress,60,13.94972240109928,13.92658948758617,14.04116141749546,3
circuit-fixed-endpoint-timing-v1,ising_2d,mpo_contract_compress,61,14.184734876267612,14.162652099737898,14.277533199405298,3
circuit-fixed-endpoint-timing-v1,ising_2d,mpo_contract_compress,62,14.420627269195393,14.399768118746579,14.514356017345563,3
circuit-fixed-endpoint-timing-v1,ising_2d,mpo_contract_compress,63,14.658694381359965,14.63618058571592,14.751499673351645,3
circuit-fixed-endpoint-timing-v1,ising_2d,mpo_contract_compress,64,14.894901779247448,14.873382237739861,14.9884015803691,3
circuit-fixed-endpoint-timing-v1,ising_2d,mpo_contract_compress,65,15.132548213237897,15.110376036725938,15.224912214325741,3
circuit-fixed-endpoint-timing-v1,ising_2d,mpo_contract_compress,66,15.368851654231548,15.34749255492352,15.46312019135803,3
circuit-fixed-endpoint-timing-v1,ising_2d,mpo_contract_compress,67,15.605232990346849,15.585424320073798,15.701357512269169,3
circuit-fixed-endpoint-timing-v1,ising_2d,mpo_contract_compress,68,15.843028866453096,15.822677607182413,15.938392990268767,3
circuit-fixed-endpoint-timing-v1,ising_2d,mpo_contract_compress,69,16.08020127657801,16.061231261119246,16.17522918828763,3
circuit-fixed-endpoint-timing-v1,ising_2d,mpo_contract_compress,70,16.317502041580155,16.298967458307743,16.41567090828903,3
circuit-fixed-endpoint-timing-v1,ising_2d,mpo_contract_compress,71,16.55319658643566,16.547722360352054,16.658681756118312,3
circuit-fixed-endpoint-timing-v1,ising_2d,mpo_contract_compress,72,16.796396020567045,16.790783151518553,16.901854050112888,3
circuit-fixed-endpoint-timing-v1,ising_2d,mpo_contract_compress,73,17.035644043702632,17.029789047315717,17.147295066155493,3
circuit-fixed-endpoint-timing-v1,ising_2d,mpo_contract_compress,74,17.277522928547114,17.26888187136501,17.392661022255197,3
circuit-fixed-endpoint-timing-v1,ising_2d,tebd_swap,0,0.0,0.0,0.0,3
circuit-fixed-endpoint-timing-v1,ising_2d,tebd_swap,1,0.07513125683180988,0.07494388404302299,0.07609504088759422,3
circuit-fixed-endpoint-timing-v1,ising_2d,tebd_swap,2,0.16969643672928214,0.16938174492679536,0.1710213830228895,3
circuit-fixed-endpoint-timing-v1,ising_2d,tebd_swap,3,0.2874204379040748,0.28715409664437175,0.2900325721129775,3
circuit-fixed-endpoint-timing-v1,ising_2d,tebd_swap,4,0.43659337097778916,0.43500115163624287,0.439960417104885,3
circuit-fixed-endpoint-timing-v1,ising_2d,tebd_swap,5,0.5985975419171154,0.5951258754357696,0.6012680102139711,3
circuit-fixed-endpoint-timing-v1,ising_2d,tebd_swap,6,0.7624527644366026,0.7608184658456594,0.7638658261857927,3
circuit-fixed-endpoint-timing-v1,ising_2d,tebd_swap,7,0.9255445485468954,0.9244795949198306,0.9278871901333332,3
circuit-fixed-endpoint-timing-v1,ising_2d,tebd_swap,8,1.091985308099538,1.0883940060157329,1.0954097877256572,3
circuit-fixed-endpoint-timing-v1,ising_2d,tebd_swap,9,1.2548944801092148,1.2503197519108653,1.2592792827636003,3
circuit-fixed-endpoint-timing-v1,ising_2d,tebd_swap,10,1.418250584276393,1.4121480188332498,1.422623457852751,3
circuit-fixed-endpoint-timing-v1,ising_2d,tebd_swap,11,1.5806037818547338,1.5802866602316499,1.583621476078406,3
circuit-fixed-endpoint-timing-v1,ising_2d,tebd_swap,12,1.7467196700163186,1.7438195822760463,1.7517363359220326,3
circuit-fixed-endpoint-timing-v1,ising_2d,tebd_swap,13,1.9102719880174845,1.9075274362694472,1.914429779862985,3
circuit-fixed-endpoint-timing-v1,ising_2d,tebd_swap,14,2.073597715003416,2.071939730318263,2.078364538727328,3
circuit-fixed-endpoint-timing-v1,ising_2d,tebd_swap,15,2.2567328249569982,2.2529129644390196,2.258693343726918,3
circuit-fixed-endpoint-timing-v1,ising_2d,tebd_swap,16,2.4204013501293957,2.416386638302356,2.4210963677614927,3
circuit-fixed-endpoint-timing-v1,ising_2d,tebd_swap,17,2.58426794456318,2.580636572325602,2.5844923730473965,3
circuit-fixed-endpoint-timing-v1,ising_2d,tebd_swap,18,2.7475356454961,2.7450568021740764,2.747929090168327,3
circuit-fixed-endpoint-timing-v1,ising_2d,tebd_swap,19,2.9095973123330623,2.9083670121617615,2.9120442413259298,3
circuit-fixed-endpoint-timing-v1,ising_2d,tebd_swap,20,3.0729815212544054,3.0727545691188425,3.073275138391182,3
circuit-fixed-endpoint-timing-v1,ising_2d,tebd_swap,21,3.234763423912227,3.2343300580978394,3.2373463783878833,3
circuit-fixed-endpoint-timing-v1,ising_2d,tebd_swap,22,3.4000832815654576,3.3967464570887387,3.4056337638758123,3
circuit-fixed-endpoint-timing-v1,ising_2d,tebd_swap,23,3.562223701737821,3.5594844319857657,3.569724513683468,3
circuit-fixed-endpoint-timing-v1,ising_2d,tebd_swap,24,3.724807469639927,3.722681765910238,3.7344310516491532,3
circuit-fixed-endpoint-timing-v1,ising_2d,tebd_swap,25,3.888316782657057,3.886120618088171,3.899549412773922,3
circuit-fixed-endpoint-timing-v1,ising_2d,tebd_swap,26,4.051592198666185,4.048626653151587,4.0629964508116245,3
circuit-fixed-endpoint-timing-v1,ising_2d,tebd_swap,27,4.214648320805281,4.211884554242715,4.228244974743575,3
circuit-fixed-endpoint-timing-v1,ising_2d,tebd_swap,28,4.378631796920672,4.3747949013486505,4.393804857740179,3
circuit-fixed-endpoint-timing-v1,ising_2d,tebd_swap,29,4.54243595385924,4.538796356413513,4.556960245827213,3
circuit-fixed-endpoint-timing-v1,ising_2d,tebd_swap,30,4.703982914797962,4.700738867511973,4.7223579527344555,3
circuit-fixed-endpoint-timing-v1,ising_2d,tebd_swap,31,4.8651657269801944,4.862037974409759,4.885150011628866,3
circuit-fixed-endpoint-timing-v1,ising_2d,tebd_swap,32,5.028127717087045,5.0247393334284425,5.047925166785717,3
circuit-fixed-endpoint-timing-v1,ising_2d,tebd_swap,33,5.192656962200999,5.187263795407489,5.2118182957638055,3
circuit-fixed-endpoint-timing-v1,ising_2d,tebd_swap,34,5.355339503148571,5.35053759929724,5.376373195787892,3
circuit-fixed-endpoint-timing-v1,ising_2d,tebd_swap,35,5.518183767097071,5.513794673141092,5.540723480749875,3
circuit-fixed-endpoint-timing-v1,ising_2d,tebd_swap,36,5.68106807814911,5.676356903044507,5.704223008593544,3
circuit-fixed-endpoint-timing-v1,ising_2d,tebd_swap,37,5.843743714038283,5.839053116971627,5.867349104722962,3
circuit-fixed-endpoint-timing-v1,ising_2d,tebd_swap,38,6.006528774974868,6.001725160051137,6.031996155856177,3
circuit-fixed-endpoint-timing-v1,ising_2d,tebd_swap,39,6.170164820970967,6.163670982932672,6.195562909822911,3
circuit-fixed-endpoint-timing-v1,ising_2d,tebd_swap,40,6.339352478040382,6.332779571879655,6.3595297678839415,3
circuit-fixed-endpoint-timing-v1,ising_2d,tebd_swap,41,6.500925964908674,6.4936713529750705,6.521626475965604,3
circuit-fixed-endpoint-timing-v1,ising_2d,tebd_swap,42,6.663284728769213,6.656342253088951,6.685656929155812,3
circuit-fixed-endpoint-timing-v1,ising_2d,tebd_swap,43,6.825174583820626,6.819164368091151,6.848771569086239,3
circuit-fixed-endpoint-timing-v1,ising_2d,tebd_swap,44,6.988112440798432,6.981350074056536,7.013157136039808,3
circuit-fixed-endpoint-timing-v1,ising_2d,tebd_swap,45,7.1511425618082285,7.144054054981098,7.176686202874407,3
circuit-fixed-endpoint-timing-v1,ising_2d,tebd_swap,46,7.313027048949152,7.30757096898742,7.339532016776502,3
circuit-fixed-endpoint-timing-v1,ising_2d,tebd_swap,47,7.475515692029148,7.469565172912553,7.50293173477985,3
circuit-fixed-endpoint-timing-v1,ising_2d,tebd_swap,48,7.638614812167361,7.633201816817746,7.6665603627916425,3
circuit-fixed-endpoint-timing-v1,ising_2d,tebd_swap,49,7.801741884090006,7.796188599895686,7.829133354825899,3
circuit-fixed-endpoint-timing-v1,ising_2d,tebd_swap,50,7.963416974060237,7.958502202993259,7.990058553870767,3
circuit-fixed-endpoint-timing-v1,ising_2d,tebd_swap,51,8.123718068934977,8.11945531796664,8.151470015989617,3
circuit-fixed-endpoint-timing-v1,ising_2d,tebd_swap,52,8.294688460882753,8.282286701025441,8.31291241478175,3
circuit-fixed-endpoint-timing-v1,ising_2d,tebd_swap,53,8.45818083290942,8.446067307144403,8.47460329788737,3
circuit-fixed-endpoint-timing-v1,ising_2d,tebd_swap,54,8.62314530974254,8.608630508184433,8.639014808926731,3
circuit-fixed-endpoint-timing-v1,ising_2d,tebd_swap,55,8.787802434759215,8.77193227619864,8.80343643995002,3
circuit-fixed-endpoint-timing-v1,ising_2d,tebd_swap,56,8.95290361577645,8.935354264220223,8.966765649151057,3
circuit-fixed-endpoint-timing-v1,ising_2d,tebd_swap,57,9.117778771789744,9.096814757212996,9.131057392107323,3
circuit-fixed-endpoint-timing-v1,ising_2d,tebd_swap,58,9.282431479776278,9.259817938320339,9.294867940014228,3
circuit-fixed-endpoint-timing-v1,ising_2d,tebd_swap,59,9.446482098661363,9.423384630354121,9.45859998720698,3
circuit-fixed-endpoint-timing-v1,ising_2d,tebd_swap,60,9.609613528475165,9.585832193493843,9.622334750369191,3
circuit-fixed-endpoint-timing-v1,ising_2d,tebd_swap,61,9.77160575054586,9.74588323244825,9.78435059147887,3
circuit-fixed-endpoint-timing-v1,ising_2d,tebd_swap,62,9.932950020534918,9.909096177434549,9.947349263355136,3
circuit-fixed-endpoint-timing-v1,ising_2d,tebd_swap,63,10.094300486380234,10.072547583607957,10.110485187266022,3
circuit-fixed-endpoint-timing-v1,ising_2d,tebd_swap,64,10.257378878304735,10.23497513961047,10.275055129313841,3
circuit-fixed-endpoint-timing-v1,ising_2d,tebd_swap,65,10.421160313300788,10.398603413719684,10.440002067247406,3
circuit-fixed-endpoint-timing-v1,ising_2d,tebd_swap,66,10.585026725195348,10.56153542874381,10.603379294276237,3
circuit-fixed-endpoint-timing-v1,ising_2d,tebd_swap,67,10.747459221165627,10.724433387629688,10.766887746285647,3
circuit-fixed-endpoint-timing-v1,ising_2d,tebd_swap,68,10.911421528086066,10.887759665492922,10.93052806938067,3
circuit-fixed-endpoint-timing-v1,ising_2d,tebd_swap,69,11.07485888316296,11.051049475325271,11.094406702555716,3
circuit-fixed-endpoint-timing-v1,ising_2d,tebd_swap,70,11.236762908287346,11.21475274534896,11.25699996156618,3
circuit-fixed-endpoint-timing-v1,ising_2d,tebd_swap,71,11.398386132437736,11.375210231402889,11.418385710567236,3
circuit-fixed-endpoint-timing-v1,ising_2d,tebd_swap,72,11.561430481495336,11.537903342628852,11.581216628663242,3
circuit-fixed-endpoint-timing-v1,ising_2d,tebd_swap,73,11.723477106308565,11.701823982642964,11.744155420688912,3
circuit-fixed-endpoint-timing-v1,ising_2d,tebd_swap,74,11.88655697228387,11.863636164693162,11.908908665645868,3
circuit-fixed-endpoint-timing-v1,heisenberg_2d,gate_local_2tdvp,0,0.0,0.0,0.0,3
circuit-fixed-endpoint-timing-v1,heisenberg_2d,gate_local_2tdvp,1,4.337801384972408,4.294127458939329,4.569386793999001,3
circuit-fixed-endpoint-timing-v1,heisenberg_2d,gate_local_2tdvp,2,14.392664055107161,14.30821286002174,14.51332399295643,3
circuit-fixed-endpoint-timing-v1,heisenberg_2d,gate_local_2tdvp,3,24.624000596813858,24.31357535510324,24.64616235392168,3
circuit-fixed-endpoint-timing-v1,heisenberg_2d,gate_local_2tdvp,4,34.892077434109524,34.70008959667757,34.920333408983424,3
circuit-fixed-endpoint-timing-v1,heisenberg_2d,gate_local_2tdvp,5,44.95139180216938,44.666255784686655,45.049684474943206,3
circuit-fixed-endpoint-timing-v1,heisenberg_2d,gate_local_2tdvp,6,55.05271087982692,54.993805159116164,55.56389982160181,3
circuit-fixed-endpoint-timing-v1,heisenberg_2d,gate_local_2tdvp,7,65.21364284190349,65.06992243719287,66.00662488956004,3
circuit-fixed-endpoint-timing-v1,heisenberg_2d,gate_local_2tdvp,8,75.32870676089078,75.1029408192262,76.03259987663478,3
circuit-fixed-endpoint-timing-v1,heisenberg_2d,gate_local_2tdvp,9,85.43534886278212,85.26657100417651,86.03030771552585,3
circuit-fixed-endpoint-timing-v1,heisenberg_2d,gate_local_2tdvp,10,95.44741439074278,95.334293872118,96.17801790055819,3
circuit-fixed-endpoint-timing-v1,heisenberg_2d,gate_local_2tdvp,11,105.89740357268602,105.83133639395237,106.25804804661311,3
circuit-fixed-endpoint-timing-v1,heisenberg_2d,gate_local_2tdvp,12,116.20953777176328,116.14080297807232,116.28652328858152,3
circuit-fixed-endpoint-timing-v1,heisenberg_2d,gate_local_2tdvp,13,126.29527117311954,126.29334860062227,126.35381929855794,3
circuit-fixed-endpoint-timing-v1,heisenberg_2d,gate_local_2tdvp,14,136.42478485126048,136.33503646659665,136.64653893443756,3
circuit-fixed-endpoint-timing-v1,heisenberg_2d,gate_local_2tdvp,15,146.44547475827858,146.30476012267172,146.6439231724944,3
circuit-fixed-endpoint-timing-v1,heisenberg_2d,gate_local_2tdvp,16,156.5825307914056,156.47335104364902,156.71313364454545,3
circuit-fixed-endpoint-timing-v1,heisenberg_2d,gate_local_2tdvp,17,166.57813928136602,166.5556839047931,166.90794437960722,3
circuit-fixed-endpoint-timing-v1,heisenberg_2d,gate_local_2tdvp,18,176.97446167329326,176.67975926562212,176.9866413816344,3
circuit-fixed-endpoint-timing-v1,heisenberg_2d,gate_local_2tdvp,19,187.16808421653695,186.83671513642184,187.2017235904932,3
circuit-fixed-endpoint-timing-v1,heisenberg_2d,gate_local_2tdvp,20,197.19227435952052,196.90782428649254,197.3237925125286,3
circuit-fixed-endpoint-timing-v1,heisenberg_2d,gate_local_2tdvp,21,207.3651947034523,207.15187854040414,207.8437539616134,3
circuit-fixed-endpoint-timing-v1,heisenberg_2d,gate_local_2tdvp,22,217.39691343251616,217.25234874826856,217.99582942947745,3
circuit-fixed-endpoint-timing-v1,heisenberg_2d,gate_local_2tdvp,23,228.057941964129,227.68876321753487,228.11013880954124,3
circuit-fixed-endpoint-timing-v1,heisenberg_2d,gate_local_2tdvp,24,238.25799001404084,237.84983897651546,238.37642223760486,3
circuit-fixed-endpoint-timing-v1,heisenberg_2d,gate_local_2tdvp,25,248.31549481139518,248.31484010699205,248.55525975767523,3
circuit-fixed-endpoint-timing-v1,heisenberg_2d,gate_local_2tdvp,26,258.6489349680487,258.38509582239203,258.71597662963904,3
circuit-fixed-endpoint-timing-v1,heisenberg_2d,gate_local_2tdvp,27,268.66860691900365,268.41244976222515,269.08853630768135,3
circuit-fixed-endpoint-timing-v1,heisenberg_2d,gate_local_2tdvp,28,278.8162570751738,278.67395368614234,279.5826609788928,3
circuit-fixed-endpoint-timing-v1,heisenberg_2d,gate_local_2tdvp,29,288.99911989527754,288.8986480962485,289.7290085479617,3
circuit-fixed-endpoint-timing-v1,heisenberg_2d,gate_local_2tdvp,30,299.2965245973319,299.16914802533574,299.73094573500566,3
circuit-fixed-endpoint-timing-v1,heisenberg_2d,gate_local_2tdvp,31,309.5056109742727,309.44283671025187,309.9299266359303,3
circuit-fixed-endpoint-timing-v1,heisenberg_2d,gate_local_2tdvp,32,319.85866977646947,319.7262150312308,320.05474361684173,3
circuit-fixed-endpoint-timing-v1,heisenberg_2d,gate_local_2tdvp,33,330.5156699868385,330.02451123832725,330.5855914163403,3
circuit-fixed-endpoint-timing-v1,heisenberg_2d,mpo_contract_compress,0,0.0,0.0,0.0,3
circuit-fixed-endpoint-timing-v1,heisenberg_2d,mpo_contract_compress,1,0.49496652418747544,0.4917594559956342,0.4967783091124147,3
circuit-fixed-endpoint-timing-v1,heisenberg_2d,mpo_contract_compress,2,1.1544652462471277,1.1514186880085617,1.1686396980658174,3
circuit-fixed-endpoint-timing-v1,heisenberg_2d,mpo_contract_compress,3,1.8193749201018363,1.8151720860041678,1.8495146851055324,3
circuit-fixed-endpoint-timing-v1,heisenberg_2d,mpo_contract_compress,4,2.4873919792007655,2.480789778055623,2.5247384461108595,3
circuit-fixed-endpoint-timing-v1,heisenberg_2d,mpo_contract_compress,5,3.1589300751220435,3.1489279901143163,3.1986930889543146,3
circuit-fixed-endpoint-timing-v1,heisenberg_2d,mpo_contract_compress,6,3.8287661250215024,3.816207041265443,3.8697143129538745,3
circuit-fixed-endpoint-timing-v1,heisenberg_2d,mpo_contract_compress,7,4.554156824015081,4.504270879318938,4.559110570000485,3
circuit-fixed-endpoint-timing-v1,heisenberg_2d,mpo_contract_compress,8,5.231221097055823,5.1767023974098265,5.23433366487734,3
circuit-fixed-endpoint-timing-v1,heisenberg_2d,mpo_contract_compress,9,5.900949323084205,5.849026546347886,5.901193450205028,3
circuit-fixed-endpoint-timing-v1,heisenberg_2d,mpo_contract_compress,10,6.567671860102564,6.513396052410826,6.571566783357412,3
circuit-fixed-endpoint-timing-v1,heisenberg_2d,mpo_contract_compress,11,7.23376055015251,7.17644815845415,7.250432696426287,3
circuit-fixed-endpoint-timing-v1,heisenberg_2d,mpo_contract_compress,12,7.901671557221562,7.8473704983480275,7.93637638958171,3
circuit-fixed-endpoint-timing-v1,heisenberg_2d,mpo_contract_compress,13,8.570419306168333,8.515212301397696,8.611079205526039,3
circuit-fixed-endpoint-timing-v1,heisenberg_2d,mpo_contract_compress,14,9.239875124301761,9.178170952247456,9.283775681629777,3
circuit-fixed-endpoint-timing-v1,heisenberg_2d,mpo_contract_compress,15,9.907823006389663,9.843721538316458,9.955018067732453,3
circuit-fixed-endpoint-timing-v1,heisenberg_2d,mpo_contract_compress,16,10.572878966340795,10.513220705324784,10.625914031639695,3
circuit-fixed-endpoint-timing-v1,heisenberg_2d,mpo_contract_compress,17,11.240783855319023,11.187755820341408,11.296355483587831,3
circuit-fixed-endpoint-timing-v1,heisenberg_2d,mpo_contract_compress,18,11.907632981194183,11.875259146327153,11.96700091054663,3
circuit-fixed-endpoint-timing-v1,heisenberg_2d,mpo_contract_compress,19,12.574859200278297,12.545428945450112,12.638160854578018,3
circuit-fixed-endpoint-timing-v1,heisenberg_2d,mpo_contract_compress,20,13.241355685284361,13.214833171572536,13.307750197593123,3
circuit-fixed-endpoint-timing-v1,heisenberg_2d,mpo_contract_compress,21,13.906850720290095,13.892639968544245,13.975384075660259,3
circuit-fixed-endpoint-timing-v1,heisenberg_2d,mpo_contract_compress,22,14.573858163319528,14.559390551410615,14.646388066699728,3
circuit-fixed-endpoint-timing-v1,heisenberg_2d,mpo_contract_compress,23,15.276255190372467,15.229065827326849,15.317866700701416,3
circuit-fixed-endpoint-timing-v1,heisenberg_2d,mpo_contract_compress,24,15.966515686362982,15.901981050381437,15.988791286712512,3
circuit-fixed-endpoint-timing-v1,heisenberg_2d,mpo_contract_compress,25,16.661830090684816,16.575496673351154,16.68385595525615,3
circuit-fixed-endpoint-timing-v1,heisenberg_2d,mpo_contract_compress,26,17.33528380980715,17.248796892352402,17.356089659268036,3
circuit-fixed-endpoint-timing-v1,heisenberg_2d,mpo_contract_compress,27,18.006264408817515,17.923251101281494,18.02780887321569,3
circuit-fixed-endpoint-timing-v1,heisenberg_2d,mpo_contract_compress,28,18.69715421530418,18.600754687329754,18.72698315582238,3
circuit-fixed-endpoint-timing-v1,heisenberg_2d,mpo_contract_compress,29,19.365770374424756,19.27082635741681,19.40703191002831,3
circuit-fixed-endpoint-timing-v1,heisenberg_2d,mpo_contract_compress,30,20.059653107309714,19.939290617359802,20.079260712955147,3
circuit-fixed-endpoint-timing-v1,heisenberg_2d,mpo_contract_compress,31,20.73950391728431,20.605516233481467,20.748192789033055,3
circuit-fixed-endpoint-timing-v1,heisenberg_2d,mpo_contract_compress,32,21.407016422366723,21.27171163749881,21.417340312851593,3
circuit-fixed-endpoint-timing-v1,heisenberg_2d,mpo_contract_compress,33,22.07303373841569,21.940357954474166,22.08734067180194,3
circuit-fixed-endpoint-timing-v1,heisenberg_2d,tebd_swap,0,0.0,0.0,0.0,3
circuit-fixed-endpoint-timing-v1,heisenberg_2d,tebd_swap,1,0.35608481988310814,0.3553801258094609,0.3580370740965009,3
circuit-fixed-endpoint-timing-v1,heisenberg_2d,tebd_swap,2,0.8103116187267005,0.8101787467021495,0.8170089279301465,3
circuit-fixed-endpoint-timing-v1,heisenberg_2d,tebd_swap,3,1.2717151858378202,1.271432367619127,1.2886929467786103,3
circuit-fixed-endpoint-timing-v1,heisenberg_2d,tebd_swap,4,1.7385558874811977,1.7335206728894264,1.7677169146481901,3
circuit-fixed-endpoint-timing-v1,heisenberg_2d,tebd_swap,5,2.200259207515046,2.195759827969596,2.231368256499991,3
circuit-fixed-endpoint-timing-v1,heisenberg_2d,tebd_swap,6,2.664351454935968,2.6621448285877705,2.6968447463586926,3
circuit-fixed-endpoint-timing-v1,heisenberg_2d,tebd_swap,7,3.142258726991713,3.1407048534601927,3.178129288367927,3
circuit-fixed-endpoint-timing-v1,heisenberg_2d,tebd_swap,8,3.61627207393758,3.6018387624062598,3.6425205243285745,3
circuit-fixed-endpoint-timing-v1,heisenberg_2d,tebd_swap,9,4.081885186955333,4.0631728584412485,4.10727453418076,3
circuit-fixed-endpoint-timing-v1,heisenberg_2d,tebd_swap,10,4.550697820959613,4.523588299518451,4.572850526077673,3
circuit-fixed-endpoint-timing-v1,heisenberg_2d,tebd_swap,11,5.013499066000804,4.983024892397225,5.034593593096361,3
circuit-fixed-endpoint-timing-v1,heisenberg_2d,tebd_swap,12,5.478947354014963,5.442431468283758,5.500735730165616,3
circuit-fixed-endpoint-timing-v1,heisenberg_2d,tebd_swap,13,5.940167102962732,5.90320022823289,5.966352082323283,3
circuit-fixed-endpoint-timing-v1,heisenberg_2d,tebd_swap,14,6.418843554100022,6.36377087328583,6.431361125316471,3
circuit-fixed-endpoint-timing-v1,heisenberg_2d,tebd_swap,15,6.88398042996414,6.825767686357722,6.896620087325573,3
circuit-fixed-endpoint-timing-v1,heisenberg_2d,tebd_swap,16,7.352225607028231,7.286727014230564,7.362683531362563,3
circuit-fixed-endpoint-timing-v1,heisenberg_2d,tebd_swap,17,7.819556316128001,7.74724914226681,7.827272930415347,3
circuit-fixed-endpoint-timing-v1,heisenberg_2d,tebd_swap,18,8.282238913001493,8.20848518726416,8.290614886209369,3
circuit-fixed-endpoint-timing-v1,heisenberg_2d,tebd_swap,19,8.747260181000456,8.668759187217802,8.755278520053253,3
circuit-fixed-endpoint-timing-v1,heisenberg_2d,tebd_swap,20,9.21079093310982,9.129634240176529,9.219732634024695,3
circuit-fixed-endpoint-timing-v1,heisenberg_2d,tebd_swap,21,9.669419741025195,9.587806317256764,9.684045165078714,3
circuit-fixed-endpoint-timing-v1,heisenberg_2d,tebd_swap,22,10.142103462014347,10.048872648272663,10.148617559112608,3
circuit-fixed-endpoint-timing-v1,heisenberg_2d,tebd_swap,23,10.607609855243936,10.509319296339527,10.612799374153838,3
circuit-fixed-endpoint-timing-v1,heisenberg_2d,tebd_swap,24,11.075714107370004,10.97329595242627,11.077030059183016,3
circuit-fixed-endpoint-timing-v1,heisenberg_2d,tebd_swap,25,11.541979425121099,11.447884962428361,11.558075909502804,3
circuit-fixed-endpoint-timing-v1,heisenberg_2d,tebd_swap,26,12.012086346046999,11.915975529467687,12.02307416452095,3
circuit-fixed-endpoint-timing-v1,heisenberg_2d,tebd_swap,27,12.482090966077521,12.37779268459417,12.486636424669996,3
circuit-fixed-endpoint-timing-v1,heisenberg_2d,tebd_swap,28,12.947774331085384,12.845740334596485,12.953391503775492,3
circuit-fixed-endpoint-timing-v1,heisenberg_2d,tebd_swap,29,13.43106839619577,13.309975634561852,13.432461557677016,3
circuit-fixed-endpoint-timing-v1,heisenberg_2d,tebd_swap,30,13.902418019017205,13.78126020054333,13.916509159607813,3
circuit-fixed-endpoint-timing-v1,heisenberg_2d,tebd_swap,31,14.368100994033739,14.244861192535609,14.377500168513507,3
circuit-fixed-endpoint-timing-v1,heisenberg_2d,tebd_swap,32,14.828663073014468,14.714690929511562,14.839359796373174,3
circuit-fixed-endpoint-timing-v1,heisenberg_2d,tebd_swap,33,15.293771756114438,15.185899386648089,15.301782781258225,3
