L,env_sites,k,cut,J,g,dt,n_pasts,n_futures,n_seeds,branch_weight_beta,entropy,entropy_std,delta_norm,rank
2,1,2,1,1.0,1.0,0.1,32,32,1,1.0,1.1139477127465392e-06,0.0,0.16585441596920042,3
2,1,4,2,1.0,1.0,0.1,32,32,1,1.0,0.00039129837435795614,0.0,0.3187513982599643,4
2,1,6,3,1.0,1.0,0.1,32,32,1,1.0,0.006884541303607638,0.0,0.2348522120822362,4
2,1,8,4,1.0,1.0,0.1,32,32,1,1.0,0.029626221303707144,0.0,0.22182249760863818,4
2,1,10,5,1.0,1.0,0.1,32,32,1,1.0,0.04958315718475821,0.0,0.22800717288383116,4
2,1,12,6,1.0,1.0,0.1,32,32,1,1.0,0.0516835432485953,0.0,0.2325427594981969,4
2,1,14,7,1.0,1.0,0.1,32,32,1,1.0,0.12310887006634377,0.0,0.27768853898544443,4
2,1,16,8,1.0,1.0,0.1,32,32,1,1.0,0.13617715944828823,0.0,0.14499364019198469,4
2,1,18,9,1.0,1.0,0.1,32,32,1,1.0,0.12371368785381093,0.0,0.18746897349244313,4
2,1,20,10,1.0,1.0,0.1,32,32,1,1.0,0.14968868309870137,0.0,0.19295418863113611,4
2,1,22,11,1.0,1.0,0.1,32,32,1,1.0,0.1797311519110442,0.0,0.24017716892014412,4
2,1,24,12,1.0,1.0,0.1,32,32,1,1.0,0.2721729136635451,0.0,0.259293983744749,4
2,1,26,13,1.0,1.0,0.1,32,32,1,1.0,0.40048306124154515,0.0,0.2593041013285087,4
2,1,28,14,1.0,1.0,0.1,32,32,1,1.0,0.34335441149480533,0.0,0.17763630094088045,4
2,1,30,15,1.0,1.0,0.1,32,32,1,1.0,0.3504834950506994,0.0,0.1988367967563142,4
2,1,32,16,1.0,1.0,0.1,32,32,1,1.0,0.32452966795421867,0.0,0.24597480702474064,4
2,1,34,17,1.0,1.0,0.1,32,32,1,1.0,0.32793599173921534,0.0,0.2993946702841125,4
2,1,36,18,1.0,1.0,0.1,32,32,1,1.0,0.413905727043088,0.0,0.24863599806455688,4
2,1,38,19,1.0,1.0,0.1,32,32,1,1.0,0.3197220756071198,0.0,0.2638360369050538,4
2,1,40,20,1.0,1.0,0.1,32,32,1,1.0,0.5431997473570973,0.0,0.230511593254432,4
2,1,42,21,1.0,1.0,0.1,32,32,1,1.0,0.582227090623213,0.0,0.22541641544023,4
2,1,44,22,1.0,1.0,0.1,32,32,1,1.0,0.5619041748918926,0.0,0.21098122068769307,4
2,1,46,23,1.0,1.0,0.1,32,32,1,1.0,0.48043177545583193,0.0,0.24699287032338338,4
2,1,48,24,1.0,1.0,0.1,32,32,1,1.0,0.5065105580282023,0.0,0.2288437707729132,4
2,1,50,25,1.0,1.0,0.1,32,32,1,1.0,0.8173367677688873,0.0,0.17373885716185064,4
2,1,52,26,1.0,1.0,0.1,32,32,1,1.0,0.7733100399967919,0.0,0.22423213750622029,4
2,1,54,27,1.0,1.0,0.1,32,32,1,1.0,0.7867406972664005,0.0,0.3150576542029667,4
2,1,56,28,1.0,1.0,0.1,32,32,1,1.0,0.7008027074183645,0.0,0.2194120103856001,4
2,1,58,29,1.0,1.0,0.1,32,32,1,1.0,0.7373310706042583,0.0,0.267679417905279,4
2,1,60,30,1.0,1.0,0.1,32,32,1,1.0,0.7360147116166476,0.0,0.26297642239218827,4
2,1,62,31,1.0,1.0,0.1,32,32,1,1.0,0.9923707641684429,0.0,0.25983116821753977,4
2,1,64,32,1.0,1.0,0.1,32,32,1,1.0,0.8838638931128269,0.0,0.3933136650436846,4
2,1,66,33,1.0,1.0,0.1,32,32,1,1.0,0.7711635909039605,0.0,0.18476163674699017,4
2,1,68,34,1.0,1.0,0.1,32,32,1,1.0,0.8943019661436837,0.0,0.27367643034985345,4
2,1,70,35,1.0,1.0,0.1,32,32,1,1.0,1.0008283183152011,0.0,0.30238853541480676,4
2,1,72,36,1.0,1.0,0.1,32,32,1,1.0,0.8302852538692854,0.0,0.25044381726054943,4
2,1,74,37,1.0,1.0,0.1,32,32,1,1.0,0.9253246028615906,0.0,0.3827696671413313,4
2,1,76,38,1.0,1.0,0.1,32,32,1,1.0,1.2174984323215228,0.0,0.2701145913357298,4
2,1,78,39,1.0,1.0,0.1,32,32,1,1.0,1.076751385972429,0.0,0.2837141427687187,4
2,1,80,40,1.0,1.0,0.1,32,32,1,1.0,1.1284700393578355,0.0,0.30632188394705806,4
2,1,82,41,1.0,1.0,0.1,32,32,1,1.0,0.9142120892281429,0.0,0.2756745562271179,4
2,1,84,42,1.0,1.0,0.1,32,32,1,1.0,1.014300226086402,0.0,0.29433039770266983,4
2,1,86,43,1.0,1.0,0.1,32,32,1,1.0,1.005839390907598,0.0,0.29890415006507615,4
2,1,88,44,1.0,1.0,0.1,32,32,1,1.0,1.2440903875345133,0.0,0.367277444703865,4
2,1,90,45,1.0,1.0,0.1,32,32,1,1.0,1.0141906861950756,0.0,0.4335279269649182,4
2,1,92,46,1.0,1.0,0.1,32,32,1,1.0,0.8109319443958948,0.0,0.283394319870859,4
2,1,94,47,1.0,1.0,0.1,32,32,1,1.0,0.7926710585872901,0.0,0.34178306338722503,4
2,1,96,48,1.0,1.0,0.1,32,32,1,1.0,0.9088957094464986,0.0,0.3650071182419785,4
2,1,98,49,1.0,1.0,0.1,32,32,1,1.0,1.246022267999516,0.0,0.3325157319917166,4
2,1,100,50,1.0,1.0,0.1,32,32,1,1.0,1.1310597631612986,0.0,0.30637858168033183,4
2,1,102,51,1.0,1.0,0.1,32,32,1,1.0,1.2009765681895086,0.0,0.27001091310160774,4
2,1,104,52,1.0,1.0,0.1,32,32,1,1.0,0.9210492478443288,0.0,0.30809599578525354,4
2,1,106,53,1.0,1.0,0.1,32,32,1,1.0,1.1341331681238551,0.0,0.3611524537058869,4
2,1,108,54,1.0,1.0,0.1,32,32,1,1.0,1.1293811003789918,0.0,0.3598307397132618,4
2,1,110,55,1.0,1.0,0.1,32,32,1,1.0,0.9869220156989768,0.0,0.34727701575925474,4
2,1,112,56,1.0,1.0,0.1,32,32,1,1.0,1.2054430358088186,0.0,0.3921831502857721,4
2,1,114,57,1.0,1.0,0.1,32,32,1,1.0,1.1251246782698068,0.0,0.3995159901333872,4
2,1,116,58,1.0,1.0,0.1,32,32,1,1.0,0.9950194575764174,0.0,0.36108692246623136,4
2,1,118,59,1.0,1.0,0.1,32,32,1,1.0,1.2438520061294078,0.0,0.3524517406786723,4
2,1,120,60,1.0,1.0,0.1,32,32,1,1.0,1.21520233355579,0.0,0.39085716197459053,4
2,1,122,61,1.0,1.0,0.1,32,32,1,1.0,1.0961243482774414,0.0,0.40400874113091456,4
2,1,124,62,1.0,1.0,0.1,32,32,1,1.0,1.039935511221051,0.0,0.3891547187230781,4
2,1,126,63,1.0,1.0,0.1,32,32,1,1.0,1.2968820017929108,0.0,0.4026744662271157,4
2,1,128,64,1.0,1.0,0.1,32,32,1,1.0,1.2037947757862566,0.0,0.452569760032097,4
2,1,130,65,1.0,1.0,0.1,32,32,1,1.0,1.1439844736894336,0.0,0.3802238462266032,4
2,1,132,66,1.0,1.0,0.1,32,32,1,1.0,1.2369177048738846,0.0,0.3878392374147522,4
2,1,134,67,1.0,1.0,0.1,32,32,1,1.0,1.14538981916518,0.0,0.3693193030220522,4
2,1,136,68,1.0,1.0,0.1,32,32,1,1.0,1.0974150916198837,0.0,0.4191067196555797,4
2,1,138,69,1.0,1.0,0.1,32,32,1,1.0,1.1268716484918024,0.0,0.41806702098823945,4
2,1,140,70,1.0,1.0,0.1,32,32,1,1.0,1.233814117382366,0.0,0.3397167525843319,4
2,1,142,71,1.0,1.0,0.1,32,32,1,1.0,1.1300219415313781,0.0,0.46906796832853187,4
2,1,144,72,1.0,1.0,0.1,32,32,1,1.0,1.2078261994626738,0.0,0.39536959288577683,4
2,1,146,73,1.0,1.0,0.1,32,32,1,1.0,1.2873616171826914,0.0,0.5008043576800146,4
2,1,148,74,1.0,1.0,0.1,32,32,1,1.0,1.2384702943854335,0.0,0.4253089012430698,4
2,1,150,75,1.0,1.0,0.1,32,32,1,1.0,1.1730730779839402,0.0,0.5038578656146036,4
2,1,152,76,1.0,1.0,0.1,32,32,1,1.0,1.1278553128177362,0.0,0.4897588491046055,4
2,1,154,77,1.0,1.0,0.1,32,32,1,1.0,1.3008856475056523,0.0,0.45062452847243517,4
2,1,156,78,1.0,1.0,0.1,32,32,1,1.0,1.2282004804120887,0.0,0.46525169031753094,4
2,1,158,79,1.0,1.0,0.1,32,32,1,1.0,1.177389878368548,0.0,0.4596259320395035,4
2,1,160,80,1.0,1.0,0.1,32,32,1,1.0,1.246123779391622,0.0,0.4440143683643542,4
2,1,162,81,1.0,1.0,0.1,32,32,1,1.0,1.0322406761282816,0.0,0.36163582770302377,4
2,1,164,82,1.0,1.0,0.1,32,32,1,1.0,1.1559435635442987,0.0,0.4466822772621803,4
2,1,166,83,1.0,1.0,0.1,32,32,1,1.0,1.2226646316712177,0.0,0.4184462704998128,4
2,1,168,84,1.0,1.0,0.1,32,32,1,1.0,1.138207971554626,0.0,0.49348897751403914,4
2,1,170,85,1.0,1.0,0.1,32,32,1,1.0,1.2789762909579379,0.0,0.5340282402340657,4
2,1,172,86,1.0,1.0,0.1,32,32,1,1.0,1.2354246287084665,0.0,0.3966099332711543,4
2,1,174,87,1.0,1.0,0.1,32,32,1,1.0,1.258573245556853,0.0,0.4787891934247077,4
2,1,176,88,1.0,1.0,0.1,32,32,1,1.0,1.1651364574491065,0.0,0.45311837078296385,4
2,1,178,89,1.0,1.0,0.1,32,32,1,1.0,1.157522434590286,0.0,0.5460388181051742,4
2,1,180,90,1.0,1.0,0.1,32,32,1,1.0,1.2814431709976928,0.0,0.47950763224186854,4
2,1,182,91,1.0,1.0,0.1,32,32,1,1.0,1.2901177472862269,0.0,0.4844137988562979,4
2,1,184,92,1.0,1.0,0.1,32,32,1,1.0,1.1945941179185686,0.0,0.4734563063071939,4
2,1,186,93,1.0,1.0,0.1,32,32,1,1.0,1.2896518982280947,0.0,0.5027136565273561,4
2,1,188,94,1.0,1.0,0.1,32,32,1,1.0,1.251640700517108,0.0,0.47306860621130836,4
2,1,190,95,1.0,1.0,0.1,32,32,1,1.0,1.2245938429255245,0.0,0.4967216561395502,4
2,1,192,96,1.0,1.0,0.1,32,32,1,1.0,1.0941173450357446,0.0,0.5664483179317127,4
2,1,194,97,1.0,1.0,0.1,32,32,1,1.0,1.236008486442401,0.0,0.4659163708677776,4
2,1,196,98,1.0,1.0,0.1,32,32,1,1.0,1.1374830609441784,0.0,0.41490675582474695,4
2,1,198,99,1.0,1.0,0.1,32,32,1,1.0,1.2760178512950877,0.0,0.4447971254351597,4
2,1,200,100,1.0,1.0,0.1,32,32,1,1.0,1.2825259449773891,0.0,0.5725594958999769,4
2,1,202,101,1.0,1.0,0.1,32,32,1,1.0,1.2403960131185614,0.0,0.46961861337109695,4
2,1,204,102,1.0,1.0,0.1,32,32,1,1.0,1.2728733612575627,0.0,0.46287656869590743,4
2,1,206,103,1.0,1.0,0.1,32,32,1,1.0,1.2635775086368852,0.0,0.5185412182165512,4
2,1,208,104,1.0,1.0,0.1,32,32,1,1.0,1.2011302596333597,0.0,0.4954959463773215,4
2,1,210,105,1.0,1.0,0.1,32,32,1,1.0,1.2992249606338635,0.0,0.5194099244373442,4
2,1,212,106,1.0,1.0,0.1,32,32,1,1.0,1.2663530080266485,0.0,0.5855878247340587,4
2,1,214,107,1.0,1.0,0.1,32,32,1,1.0,1.1982014811455444,0.0,0.5366286858013878,4
2,1,216,108,1.0,1.0,0.1,32,32,1,1.0,1.240303949800017,0.0,0.4651818765588265,4
2,1,218,109,1.0,1.0,0.1,32,32,1,1.0,1.1913333694778931,0.0,0.5969652266887543,4
2,1,220,110,1.0,1.0,0.1,32,32,1,1.0,1.2655645678195273,0.0,0.5123951242668294,4
2,1,222,111,1.0,1.0,0.1,32,32,1,1.0,1.1958553246245245,0.0,0.5544320865865389,4
2,1,224,112,1.0,1.0,0.1,32,32,1,1.0,1.1958839354864448,0.0,0.4655177985388412,4
2,1,226,113,1.0,1.0,0.1,32,32,1,1.0,1.1801859382372786,0.0,0.5624156395437143,4
2,1,228,114,1.0,1.0,0.1,32,32,1,1.0,1.3221286925092761,0.0,0.46286589070357015,4
2,1,230,115,1.0,1.0,0.1,32,32,1,1.0,1.2580499482790126,0.0,0.4848813518377188,4
2,1,232,116,1.0,1.0,0.1,32,32,1,1.0,1.231562072114072,0.0,0.55762959689773,4
2,1,234,117,1.0,1.0,0.1,32,32,1,1.0,1.239358360891866,0.0,0.6241060698331183,4
2,1,236,118,1.0,1.0,0.1,32,32,1,1.0,1.1705457308104616,0.0,0.5334377749665253,4
2,1,238,119,1.0,1.0,0.1,32,32,1,1.0,1.2279150323769619,0.0,0.4057400035187836,4
2,1,240,120,1.0,1.0,0.1,32,32,1,1.0,1.3266102433539588,0.0,0.4837274109481585,4
2,1,242,121,1.0,1.0,0.1,32,32,1,1.0,1.2755936967068713,0.0,0.5136313104416222,4
2,1,244,122,1.0,1.0,0.1,32,32,1,1.0,1.2133504149063428,0.0,0.47968513344420166,4
2,1,246,123,1.0,1.0,0.1,32,32,1,1.0,1.2364272933520495,0.0,0.49219470124490095,4
2,1,248,124,1.0,1.0,0.1,32,32,1,1.0,1.3070234389028823,0.0,0.5884575991216745,4
2,1,250,125,1.0,1.0,0.1,32,32,1,1.0,1.0746505153364607,0.0,0.6324640828899009,4
2,1,252,126,1.0,1.0,0.1,32,32,1,1.0,1.190687319963286,0.0,0.5362473538804181,4
2,1,254,127,1.0,1.0,0.1,32,32,1,1.0,1.2508991645838061,0.0,0.5599300768042229,4
2,1,256,128,1.0,1.0,0.1,32,32,1,1.0,1.1412924759005263,0.0,0.5005270224811618,4
2,1,258,129,1.0,1.0,0.1,32,32,1,1.0,1.3018649142470646,0.0,0.4994815918475312,4
2,1,260,130,1.0,1.0,0.1,32,32,1,1.0,1.2453571674154342,0.0,0.5048040548684912,4
2,1,262,131,1.0,1.0,0.1,32,32,1,1.0,1.1922792887541276,0.0,0.49570126457333225,4
2,1,264,132,1.0,1.0,0.1,32,32,1,1.0,1.2671135438495293,0.0,0.4489543760452494,4
2,1,266,133,1.0,1.0,0.1,32,32,1,1.0,1.1590261445551775,0.0,0.48903195728547283,4
2,1,268,134,1.0,1.0,0.1,32,32,1,1.0,1.2711435115435739,0.0,0.4419946167344963,4
2,1,270,135,1.0,1.0,0.1,32,32,1,1.0,1.2532965275640853,0.0,0.4840689194240164,4
2,1,272,136,1.0,1.0,0.1,32,32,1,1.0,1.3053978593876927,0.0,0.5260421166876054,4
2,1,274,137,1.0,1.0,0.1,32,32,1,1.0,1.2337798062696728,0.0,0.5287865101392721,4
2,1,276,138,1.0,1.0,0.1,32,32,1,1.0,1.3201681361090258,0.0,0.4578791133672261,4
2,1,278,139,1.0,1.0,0.1,32,32,1,1.0,1.3286715118082868,0.0,0.47782140945271195,4
2,1,280,140,1.0,1.0,0.1,32,32,1,1.0,1.262955984880168,0.0,0.5133064796898523,4
2,1,282,141,1.0,1.0,0.1,32,32,1,1.0,1.2977674481649155,0.0,0.5465605604604742,4
2,1,284,142,1.0,1.0,0.1,32,32,1,1.0,1.2163847421424825,0.0,0.5199447195832586,4
2,1,286,143,1.0,1.0,0.1,32,32,1,1.0,1.2669588186200635,0.0,0.4783111598963039,4
2,1,288,144,1.0,1.0,0.1,32,32,1,1.0,1.2171341873909804,0.0,0.5650037999707017,4
2,1,290,145,1.0,1.0,0.1,32,32,1,1.0,1.2877682091046825,0.0,0.5615058679795731,4
2,1,292,146,1.0,1.0,0.1,32,32,1,1.0,1.2265921949332654,0.0,0.5524770070771998,4
2,1,294,147,1.0,1.0,0.1,32,32,1,1.0,1.2496200321772504,0.0,0.5394313459768849,4
2,1,296,148,1.0,1.0,0.1,32,32,1,1.0,1.162799859385797,0.0,0.4311422611703159,4
2,1,298,149,1.0,1.0,0.1,32,32,1,1.0,1.318798517980151,0.0,0.5660688995090916,4
2,1,300,150,1.0,1.0,0.1,32,32,1,1.0,1.2414527376571758,0.0,0.5437930867849151,4
2,1,302,151,1.0,1.0,0.1,32,32,1,1.0,1.300320441439519,0.0,0.5272295057899066,4
2,1,304,152,1.0,1.0,0.1,32,32,1,1.0,1.2930412281775976,0.0,0.553148392715928,4
2,1,306,153,1.0,1.0,0.1,32,32,1,1.0,1.2984054230332218,0.0,0.5258049947638406,4
2,1,308,154,1.0,1.0,0.1,32,32,1,1.0,1.236789936527753,0.0,0.6041564914180715,4
2,1,310,155,1.0,1.0,0.1,32,32,1,1.0,1.154333573637163,0.0,0.5140420436316195,4
2,1,312,156,1.0,1.0,0.1,32,32,1,1.0,1.2563005143764263,0.0,0.5818401590233989,4
2,1,314,157,1.0,1.0,0.1,32,32,1,1.0,1.259361209029991,0.0,0.5717288817215179,4
2,1,316,158,1.0,1.0,0.1,32,32,1,1.0,1.2689071631857947,0.0,0.43014454575214117,4
2,1,318,159,1.0,1.0,0.1,32,32,1,1.0,1.2757832145274677,0.0,0.55827942712236,4
2,1,320,160,1.0,1.0,0.1,32,32,1,1.0,1.3094512029076741,0.0,0.543038496752276,4
2,1,322,161,1.0,1.0,0.1,32,32,1,1.0,1.1564071996650134,0.0,0.5937700393191644,4
2,1,324,162,1.0,1.0,0.1,32,32,1,1.0,1.2806502963746837,0.0,0.6337478155040253,4
2,1,326,163,1.0,1.0,0.1,32,32,1,1.0,1.333014942449894,0.0,0.4838871009355724,4
2,1,328,164,1.0,1.0,0.1,32,32,1,1.0,1.2368861213105662,0.0,0.5648460309578155,4
2,1,330,165,1.0,1.0,0.1,32,32,1,1.0,1.2564499730306509,0.0,0.508675054928601,4
2,1,332,166,1.0,1.0,0.1,32,32,1,1.0,1.287165892545189,0.0,0.506685600460563,4
2,1,334,167,1.0,1.0,0.1,32,32,1,1.0,1.3059405857147028,0.0,0.5505674115951895,4
2,1,336,168,1.0,1.0,0.1,32,32,1,1.0,1.2819522273930875,0.0,0.5151755808463787,4
2,1,338,169,1.0,1.0,0.1,32,32,1,1.0,1.2673070481950288,0.0,0.586567250554349,4
2,1,340,170,1.0,1.0,0.1,32,32,1,1.0,1.2598262986397843,0.0,0.5657272962537848,4
2,1,342,171,1.0,1.0,0.1,32,32,1,1.0,1.2392065787075675,0.0,0.5429427253406871,4
2,1,344,172,1.0,1.0,0.1,32,32,1,1.0,1.2711073992143496,0.0,0.6186560905536578,4
2,1,346,173,1.0,1.0,0.1,32,32,1,1.0,1.2282380041562895,0.0,0.580479407984862,4
2,1,348,174,1.0,1.0,0.1,32,32,1,1.0,1.262591272753236,0.0,0.5964569366745929,4
2,1,350,175,1.0,1.0,0.1,32,32,1,1.0,1.3126236656948573,0.0,0.5153688855966121,4
2,1,352,176,1.0,1.0,0.1,32,32,1,1.0,1.3049385291900624,0.0,0.4075457066315765,4
2,1,354,177,1.0,1.0,0.1,32,32,1,1.0,1.2849318428118182,0.0,0.5405788217979746,4
2,1,356,178,1.0,1.0,0.1,32,32,1,1.0,1.301295570737054,0.0,0.4837964401401198,4
2,1,358,179,1.0,1.0,0.1,32,32,1,1.0,1.243475190525837,0.0,0.6226606828008776,4
2,1,360,180,1.0,1.0,0.1,32,32,1,1.0,1.2691185086994974,0.0,0.49402113809972115,4
2,1,362,181,1.0,1.0,0.1,32,32,1,1.0,1.2145212105277354,0.0,0.5038110762964949,4
2,1,364,182,1.0,1.0,0.1,32,32,1,1.0,1.2528106196142268,0.0,0.5660647631202836,4
2,1,366,183,1.0,1.0,0.1,32,32,1,1.0,1.3074017309272616,0.0,0.48512505910357934,4
2,1,368,184,1.0,1.0,0.1,32,32,1,1.0,1.3060152458230805,0.0,0.5389374254037617,4
2,1,370,185,1.0,1.0,0.1,32,32,1,1.0,1.2980937193064759,0.0,0.6279746299918418,4
2,1,372,186,1.0,1.0,0.1,32,32,1,1.0,1.3029557124263342,0.0,0.6041102957241079,4
2,1,374,187,1.0,1.0,0.1,32,32,1,1.0,1.2320560808292502,0.0,0.6601414097422951,4
2,1,376,188,1.0,1.0,0.1,32,32,1,1.0,1.3174807576567775,0.0,0.5477311273727007,4
2,1,378,189,1.0,1.0,0.1,32,32,1,1.0,1.2799843930608805,0.0,0.6100262961903651,4
2,1,380,190,1.0,1.0,0.1,32,32,1,1.0,1.3223040165177005,0.0,0.629302933414413,4
2,1,382,191,1.0,1.0,0.1,32,32,1,1.0,1.254509940773391,0.0,0.6233198597068097,4
2,1,384,192,1.0,1.0,0.1,32,32,1,1.0,1.2542959916344685,0.0,0.5148510409601152,4
2,1,386,193,1.0,1.0,0.1,32,32,1,1.0,1.3243259797621247,0.0,0.5822968410853112,4
2,1,388,194,1.0,1.0,0.1,32,32,1,1.0,1.2601999353471578,0.0,0.5773158156615069,4
2,1,390,195,1.0,1.0,0.1,32,32,1,1.0,1.321391057628869,0.0,0.5473642493638464,4
2,1,392,196,1.0,1.0,0.1,32,32,1,1.0,1.2781909320532254,0.0,0.6065904708761606,4
2,1,394,197,1.0,1.0,0.1,32,32,1,1.0,1.278128381352003,0.0,0.608020355124137,4
2,1,396,198,1.0,1.0,0.1,32,32,1,1.0,1.238714464953723,0.0,0.5582431641474372,4
2,1,398,199,1.0,1.0,0.1,32,32,1,1.0,1.2790765379021574,0.0,0.6226888335804706,4
2,1,400,200,1.0,1.0,0.1,32,32,1,1.0,1.2885363664365361,0.0,0.49395978932028983,4
2,1,402,201,1.0,1.0,0.1,32,32,1,1.0,1.318107239171495,0.0,0.602049572488896,4
2,1,404,202,1.0,1.0,0.1,32,32,1,1.0,1.274666557504333,0.0,0.5184591185434302,4
2,1,406,203,1.0,1.0,0.1,32,32,1,1.0,1.2020618498777125,0.0,0.5747178457801926,4
2,1,408,204,1.0,1.0,0.1,32,32,1,1.0,1.3456502401935013,0.0,0.43754727586998354,4
2,1,410,205,1.0,1.0,0.1,32,32,1,1.0,1.1531390472792988,0.0,0.5592924881518392,4
2,1,412,206,1.0,1.0,0.1,32,32,1,1.0,1.2594540417829276,0.0,0.5769313838195449,4
2,1,414,207,1.0,1.0,0.1,32,32,1,1.0,1.2323949672537455,0.0,0.5805806775762999,4
2,1,416,208,1.0,1.0,0.1,32,32,1,1.0,1.29301186297561,0.0,0.5791209153186077,4
2,1,418,209,1.0,1.0,0.1,32,32,1,1.0,1.2578679398283423,0.0,0.5168727994198586,4
2,1,420,210,1.0,1.0,0.1,32,32,1,1.0,1.2848233163567995,0.0,0.5909312491295504,4
2,1,422,211,1.0,1.0,0.1,32,32,1,1.0,1.3137269887877856,0.0,0.5892226866618612,4
2,1,424,212,1.0,1.0,0.1,32,32,1,1.0,1.2119641514909556,0.0,0.566664262907107,4
2,1,426,213,1.0,1.0,0.1,32,32,1,1.0,1.2013854260132484,0.0,0.49858641964172973,4
2,1,428,214,1.0,1.0,0.1,32,32,1,1.0,1.2425116655867396,0.0,0.4727374568142518,4
2,1,430,215,1.0,1.0,0.1,32,32,1,1.0,1.2209320678508762,0.0,0.6017921323813137,4
2,1,432,216,1.0,1.0,0.1,32,32,1,1.0,1.3236452691773497,0.0,0.4965767402813868,4
2,1,434,217,1.0,1.0,0.1,32,32,1,1.0,1.301876041230244,0.0,0.5123697984803264,4
2,1,436,218,1.0,1.0,0.1,32,32,1,1.0,1.2373153643710588,0.0,0.5254037201563689,4
2,1,438,219,1.0,1.0,0.1,32,32,1,1.0,1.183515578843251,0.0,0.5410002950270146,4
2,1,440,220,1.0,1.0,0.1,32,32,1,1.0,1.249579340351824,0.0,0.5674621915898115,4
2,1,442,221,1.0,1.0,0.1,32,32,1,1.0,1.2496991943334121,0.0,0.5644896046944129,4
2,1,444,222,1.0,1.0,0.1,32,32,1,1.0,1.2705110700951547,0.0,0.5567860908341128,4
2,1,446,223,1.0,1.0,0.1,32,32,1,1.0,1.3277139922157952,0.0,0.5176173052052023,4
2,1,448,224,1.0,1.0,0.1,32,32,1,1.0,1.3024880631067284,0.0,0.5843981162469387,4
2,1,450,225,1.0,1.0,0.1,32,32,1,1.0,1.3371607553372677,0.0,0.5383932944319368,4
2,1,452,226,1.0,1.0,0.1,32,32,1,1.0,1.3229756021839778,0.0,0.5382111182215771,4
2,1,454,227,1.0,1.0,0.1,32,32,1,1.0,1.323907161784621,0.0,0.4963454969368628,4
2,1,456,228,1.0,1.0,0.1,32,32,1,1.0,1.2564138191774843,0.0,0.5767187434890727,4
2,1,458,229,1.0,1.0,0.1,32,32,1,1.0,1.2476740487280695,0.0,0.5757691245086137,4
2,1,460,230,1.0,1.0,0.1,32,32,1,1.0,1.2865744431775399,0.0,0.5781409827907323,4
2,1,462,231,1.0,1.0,0.1,32,32,1,1.0,1.283960620802897,0.0,0.5979516208277793,4
2,1,464,232,1.0,1.0,0.1,32,32,1,1.0,1.245416004415821,0.0,0.5486360741819607,4
2,1,466,233,1.0,1.0,0.1,32,32,1,1.0,1.3354408282592805,0.0,0.5383589578042689,4
2,1,468,234,1.0,1.0,0.1,32,32,1,1.0,1.2630735184070412,0.0,0.6071662549758736,4
2,1,470,235,1.0,1.0,0.1,32,32,1,1.0,1.244703866357416,0.0,0.5199324889739997,4
2,1,472,236,1.0,1.0,0.1,32,32,1,1.0,1.3370211236308618,0.0,0.5364956199940174,4
2,1,474,237,1.0,1.0,0.1,32,32,1,1.0,1.317894227653437,0.0,0.6219301662707477,4
2,1,476,238,1.0,1.0,0.1,32,32,1,1.0,1.1818610297954768,0.0,0.501279189240992,4
2,1,478,239,1.0,1.0,0.1,32,32,1,1.0,1.2872160882190835,0.0,0.5760188421563034,4
2,1,480,240,1.0,1.0,0.1,32,32,1,1.0,1.2558250329204141,0.0,0.5733877625547917,4
2,1,482,241,1.0,1.0,0.1,32,32,1,1.0,1.288085807937088,0.0,0.5472864209126551,4
2,1,484,242,1.0,1.0,0.1,32,32,1,1.0,1.2061874014520493,0.0,0.6066025154111291,4
2,1,486,243,1.0,1.0,0.1,32,32,1,1.0,1.2324730437079936,0.0,0.5189864294721113,4
2,1,488,244,1.0,1.0,0.1,32,32,1,1.0,1.2827249835381624,0.0,0.6323653655586475,4
2,1,490,245,1.0,1.0,0.1,32,32,1,1.0,1.2739609664425702,0.0,0.6005447199198297,4
2,1,492,246,1.0,1.0,0.1,32,32,1,1.0,1.2409371298523901,0.0,0.5133224011004003,4
2,1,494,247,1.0,1.0,0.1,32,32,1,1.0,1.2585544841813134,0.0,0.5615804088551137,4
2,1,496,248,1.0,1.0,0.1,32,32,1,1.0,1.2782604049393436,0.0,0.5515658049671084,4
2,1,498,249,1.0,1.0,0.1,32,32,1,1.0,1.2450139923870691,0.0,0.5732414334518529,4
2,1,500,250,1.0,1.0,0.1,32,32,1,1.0,1.201274677995474,0.0,0.6104393473407602,4
3,2,2,1,1.0,1.0,0.1,32,32,1,1.0,1.0601199150367864e-06,0.0,0.16585458041398554,3
3,2,4,2,1.0,1.0,0.1,32,32,1,1.0,0.00038195284907196797,0.0,0.3187284812075577,4
3,2,6,3,1.0,1.0,0.1,32,32,1,1.0,0.007720543178456875,0.0,0.235001457911267,6
3,2,8,4,1.0,1.0,0.1,32,32,1,1.0,0.029690525541927977,0.0,0.2217462681526574,7
3,2,10,5,1.0,1.0,0.1,32,32,1,1.0,0.03932873050119961,0.0,0.22709794854520526,7
3,2,12,6,1.0,1.0,0.1,32,32,1,1.0,0.03337666682998141,0.0,0.23261157616451744,8
3,2,14,7,1.0,1.0,0.1,32,32,1,1.0,0.09446402517255655,0.0,0.274472415360479,9
3,2,16,8,1.0,1.0,0.1,32,32,1,1.0,0.09565426037933582,0.0,0.1424471224083906,10
3,2,18,9,1.0,1.0,0.1,32,32,1,1.0,0.11833655488913476,0.0,0.1767368062238048,11
3,2,20,10,1.0,1.0,0.1,32,32,1,1.0,0.2053150832065766,0.0,0.19563637728613484,11
3,2,22,11,1.0,1.0,0.1,32,32,1,1.0,0.2502426064720783,0.0,0.22169110253198962,11
3,2,24,12,1.0,1.0,0.1,32,32,1,1.0,0.22589936274490743,0.0,0.251759718583619,11
3,2,26,13,1.0,1.0,0.1,32,32,1,1.0,0.33977529283248636,0.0,0.2396172930214328,11
3,2,28,14,1.0,1.0,0.1,32,32,1,1.0,0.37213134940297987,0.0,0.17132947229892564,11
3,2,30,15,1.0,1.0,0.1,32,32,1,1.0,0.2509640146382041,0.0,0.20552256526132331,11
3,2,32,16,1.0,1.0,0.1,32,32,1,1.0,0.3233389202380404,0.0,0.23511715382953602,11
3,2,34,17,1.0,1.0,0.1,32,32,1,1.0,0.39243985944803517,0.0,0.2540064144129244,11
3,2,36,18,1.0,1.0,0.1,32,32,1,1.0,0.43964156587844616,0.0,0.24500067384235463,11
3,2,38,19,1.0,1.0,0.1,32,32,1,1.0,0.47092867240374736,0.0,0.22968272856672017,11
3,2,40,20,1.0,1.0,0.1,32,32,1,1.0,0.6299273882764873,0.0,0.23170042891305168,11
3,2,42,21,1.0,1.0,0.1,32,32,1,1.0,0.7170262791513408,0.0,0.21759964862071007,11
3,2,44,22,1.0,1.0,0.1,32,32,1,1.0,0.7756602441102638,0.0,0.20300755234253406,11
3,2,46,23,1.0,1.0,0.1,32,32,1,1.0,0.7789641394473162,0.0,0.21115884054265896,11
3,2,48,24,1.0,1.0,0.1,32,32,1,1.0,0.7810554849611104,0.0,0.21725659507723385,11
3,2,50,25,1.0,1.0,0.1,32,32,1,1.0,1.1717922272432209,0.0,0.164715723113403,11
3,2,52,26,1.0,1.0,0.1,32,32,1,1.0,1.0404336404486432,0.0,0.21531795708530876,11
3,2,54,27,1.0,1.0,0.1,32,32,1,1.0,0.7850601167487969,0.0,0.2972803872577389,11
3,2,56,28,1.0,1.0,0.1,32,32,1,1.0,1.035870746903952,0.0,0.2244265119939458,11
3,2,58,29,1.0,1.0,0.1,32,32,1,1.0,0.9470435962925235,0.0,0.2751294937517131,11
3,2,60,30,1.0,1.0,0.1,32,32,1,1.0,1.0018816419588614,0.0,0.2404932193578821,11
3,2,62,31,1.0,1.0,0.1,32,32,1,1.0,1.0385989881470485,0.0,0.2619254310505393,11
3,2,64,32,1.0,1.0,0.1,32,32,1,1.0,1.1029391257005643,0.0,0.35160831881011456,11
3,2,66,33,1.0,1.0,0.1,32,32,1,1.0,0.9859010361203543,0.0,0.28186269599623565,11
3,2,68,34,1.0,1.0,0.1,32,32,1,1.0,0.9524909509202056,0.0,0.2359248905508377,11
3,2,70,35,1.0,1.0,0.1,32,32,1,1.0,1.193808583725281,0.0,0.2577745494193635,11
3,2,72,36,1.0,1.0,0.1,32,32,1,1.0,1.156446868141666,0.0,0.27497678639790496,11
3,2,74,37,1.0,1.0,0.1,32,32,1,1.0,1.10251164093233,0.0,0.3135264081746552,11
3,2,76,38,1.0,1.0,0.1,32,32,1,1.0,1.3091849636489075,0.0,0.2528649272038677,11
3,2,78,39,1.0,1.0,0.1,32,32,1,1.0,1.2785052773880734,0.0,0.31497524570860663,11
3,2,80,40,1.0,1.0,0.1,32,32,1,1.0,1.165336939901377,0.0,0.3132491903752848,11
3,2,82,41,1.0,1.0,0.1,32,32,1,1.0,1.3295096505822508,0.0,0.26506394850057485,11
3,2,84,42,1.0,1.0,0.1,32,32,1,1.0,1.5176257354674312,0.0,0.2819427277121396,11
3,2,86,43,1.0,1.0,0.1,32,32,1,1.0,1.3687169661141279,0.0,0.2643007011107478,11
3,2,88,44,1.0,1.0,0.1,32,32,1,1.0,1.3009650092720102,0.0,0.3739030226658812,11
3,2,90,45,1.0,1.0,0.1,32,32,1,1.0,1.2409308783476587,0.0,0.24728718538690392,11
3,2,92,46,1.0,1.0,0.1,32,32,1,1.0,1.474237334830907,0.0,0.252589608369938,11
3,2,94,47,1.0,1.0,0.1,32,32,1,1.0,1.3370805352233184,0.0,0.31865021313207614,11
3,2,96,48,1.0,1.0,0.1,32,32,1,1.0,1.1947974749957584,0.0,0.3479028796254373,11
3,2,98,49,1.0,1.0,0.1,32,32,1,1.0,1.4009589546390688,0.0,0.3542601053127161,11
3,2,100,50,1.0,1.0,0.1,32,32,1,1.0,1.631270097783324,0.0,0.3452719449680831,11
3,2,102,51,1.0,1.0,0.1,32,32,1,1.0,1.3021346873286435,0.0,0.3346899221916846,11
3,2,104,52,1.0,1.0,0.1,32,32,1,1.0,1.3500523596081007,0.0,0.3776282815361241,11
3,2,106,53,1.0,1.0,0.1,32,32,1,1.0,1.3723426310975086,0.0,0.34859218538753106,11
3,2,108,54,1.0,1.0,0.1,32,32,1,1.0,1.4195803310681259,0.0,0.40576764748684857,11
3,2,110,55,1.0,1.0,0.1,32,32,1,1.0,1.6261750108315094,0.0,0.2812621115271937,11
3,2,112,56,1.0,1.0,0.1,32,32,1,1.0,1.5352064540512935,0.0,0.37438338868518667,11
3,2,114,57,1.0,1.0,0.1,32,32,1,1.0,1.4806658605041905,0.0,0.3881237214696602,11
3,2,116,58,1.0,1.0,0.1,32,32,1,1.0,1.5023512546888236,0.0,0.3659065623485596,11
3,2,118,59,1.0,1.0,0.1,32,32,1,1.0,1.675229940799686,0.0,0.33591524337630235,11
3,2,120,60,1.0,1.0,0.1,32,32,1,1.0,1.569236265770646,0.0,0.5009747698766359,11
3,2,122,61,1.0,1.0,0.1,32,32,1,1.0,1.5906959024417149,0.0,0.3879477411099304,11
3,2,124,62,1.0,1.0,0.1,32,32,1,1.0,1.6494093023269933,0.0,0.394343396002186,11
3,2,126,63,1.0,1.0,0.1,32,32,1,1.0,1.6380365526967096,0.0,0.41063213241719393,11
3,2,128,64,1.0,1.0,0.1,32,32,1,1.0,1.598864087704264,0.0,0.45217344238635243,11
3,2,130,65,1.0,1.0,0.1,32,32,1,1.0,1.687471261884785,0.0,0.3739187507358999,11
3,2,132,66,1.0,1.0,0.1,32,32,1,1.0,1.6329187716384,0.0,0.4880841711194293,11
3,2,134,67,1.0,1.0,0.1,32,32,1,1.0,1.651458129821756,0.0,0.41971353597421707,11
3,2,136,68,1.0,1.0,0.1,32,32,1,1.0,1.5494484449477384,0.0,0.4416403343362382,11
3,2,138,69,1.0,1.0,0.1,32,32,1,1.0,1.665710396381712,0.0,0.3945322665138385,11
3,2,140,70,1.0,1.0,0.1,32,32,1,1.0,1.7250829460770754,0.0,0.3304682615290179,11
3,2,142,71,1.0,1.0,0.1,32,32,1,1.0,1.8618108919000718,0.0,0.40170591553322715,11
3,2,144,72,1.0,1.0,0.1,32,32,1,1.0,1.5479827522647913,0.0,0.42422956083396063,11
3,2,146,73,1.0,1.0,0.1,32,32,1,1.0,1.722459006662168,0.0,0.4443418603977922,11
3,2,148,74,1.0,1.0,0.1,32,32,1,1.0,1.7025188251845902,0.0,0.5507514779537371,11
3,2,150,75,1.0,1.0,0.1,32,32,1,1.0,1.7700292174921197,0.0,0.4167536055905536,11
3,2,152,76,1.0,1.0,0.1,32,32,1,1.0,1.5287334893889437,0.0,0.4446534122769527,11
3,2,154,77,1.0,1.0,0.1,32,32,1,1.0,1.734075899036557,0.0,0.5088588723627587,11
3,2,156,78,1.0,1.0,0.1,32,32,1,1.0,1.8832711525619248,0.0,0.5285192910764518,11
3,2,158,79,1.0,1.0,0.1,32,32,1,1.0,1.591928812130723,0.0,0.44006586357125027,11
3,2,160,80,1.0,1.0,0.1,32,32,1,1.0,1.7230896194152046,0.0,0.3859626769192306,11
3,2,162,81,1.0,1.0,0.1,32,32,1,1.0,1.7386631622926139,0.0,0.3511306882755769,11
3,2,164,82,1.0,1.0,0.1,32,32,1,1.0,1.6805990521823193,0.0,0.42698204122909683,11
3,2,166,83,1.0,1.0,0.1,32,32,1,1.0,1.7581403460330165,0.0,0.5012898195849523,11
3,2,168,84,1.0,1.0,0.1,32,32,1,1.0,1.6864961095961652,0.0,0.5431551335394372,11
3,2,170,85,1.0,1.0,0.1,32,32,1,1.0,1.7183205131952297,0.0,0.49425067405839385,11
3,2,172,86,1.0,1.0,0.1,32,32,1,1.0,1.759410065939283,0.0,0.4464236314408749,11
3,2,174,87,1.0,1.0,0.1,32,32,1,1.0,1.7582859650291995,0.0,0.4826052444523605,11
3,2,176,88,1.0,1.0,0.1,32,32,1,1.0,1.6914947190115064,0.0,0.503942099083507,11
3,2,178,89,1.0,1.0,0.1,32,32,1,1.0,1.6859033279509215,0.0,0.5426684678321094,11
3,2,180,90,1.0,1.0,0.1,32,32,1,1.0,1.8475371134194474,0.0,0.47736829646425993,11
3,2,182,91,1.0,1.0,0.1,32,32,1,1.0,1.7906578414150123,0.0,0.5462228471904728,11
3,2,184,92,1.0,1.0,0.1,32,32,1,1.0,1.7950732825801672,0.0,0.5393870420846212,11
3,2,186,93,1.0,1.0,0.1,32,32,1,1.0,1.7981484804029955,0.0,0.46566933791961856,11
3,2,188,94,1.0,1.0,0.1,32,32,1,1.0,1.8394511838719354,0.0,0.4906363587440675,11
3,2,190,95,1.0,1.0,0.1,32,32,1,1.0,1.6334769901510862,0.0,0.6120805317910777,11
3,2,192,96,1.0,1.0,0.1,32,32,1,1.0,1.733631137722688,0.0,0.5803843360044765,11
3,2,194,97,1.0,1.0,0.1,32,32,1,1.0,1.8279629106972144,0.0,0.5637075534156719,11
3,2,196,98,1.0,1.0,0.1,32,32,1,1.0,1.7386407582392154,0.0,0.5615848961931117,11
3,2,198,99,1.0,1.0,0.1,32,32,1,1.0,1.7910665248731719,0.0,0.5129191144440183,11
3,2,200,100,1.0,1.0,0.1,32,32,1,1.0,1.6740381687393129,0.0,0.5610459595090507,11
3,2,202,101,1.0,1.0,0.1,32,32,1,1.0,1.844865242901367,0.0,0.47893736432269,11
3,2,204,102,1.0,1.0,0.1,32,32,1,1.0,1.8380225301622102,0.0,0.5088455664956759,11
3,2,206,103,1.0,1.0,0.1,32,32,1,1.0,1.7585263125861863,0.0,0.5787277080821978,11
3,2,208,104,1.0,1.0,0.1,32,32,1,1.0,1.6561093418380712,0.0,0.501921634093018,11
3,2,210,105,1.0,1.0,0.1,32,32,1,1.0,1.7988533333548191,0.0,0.519008989764241,11
3,2,212,106,1.0,1.0,0.1,32,32,1,1.0,1.8442839299158689,0.0,0.5365471854273107,11
3,2,214,107,1.0,1.0,0.1,32,32,1,1.0,1.9008198991063852,0.0,0.5583903609972395,11
3,2,216,108,1.0,1.0,0.1,32,32,1,1.0,1.8894078642038812,0.0,0.5706733916095038,11
3,2,218,109,1.0,1.0,0.1,32,32,1,1.0,1.9314740365166878,0.0,0.521682920885524,11
3,2,220,110,1.0,1.0,0.1,32,32,1,1.0,1.8542816926535823,0.0,0.5012995020886732,11
3,2,222,111,1.0,1.0,0.1,32,32,1,1.0,1.9117459341920373,0.0,0.44903422639286594,11
3,2,224,112,1.0,1.0,0.1,32,32,1,1.0,1.7755718324873984,0.0,0.4641538527783781,11
3,2,226,113,1.0,1.0,0.1,32,32,1,1.0,1.8408074139556798,0.0,0.5740228306685412,11
3,2,228,114,1.0,1.0,0.1,32,32,1,1.0,1.8371387167362003,0.0,0.4911871058924552,11
3,2,230,115,1.0,1.0,0.1,32,32,1,1.0,1.8361479686900097,0.0,0.5339811744009205,11
3,2,232,116,1.0,1.0,0.1,32,32,1,1.0,1.7701669466668497,0.0,0.5313701146055401,11
3,2,234,117,1.0,1.0,0.1,32,32,1,1.0,1.8943625432371756,0.0,0.5398067493223021,11
3,2,236,118,1.0,1.0,0.1,32,32,1,1.0,1.6569138935303125,0.0,0.5963683398735352,11
3,2,238,119,1.0,1.0,0.1,32,32,1,1.0,1.8697682940588898,0.0,0.47998990134526553,11
3,2,240,120,1.0,1.0,0.1,32,32,1,1.0,1.7857815575132998,0.0,0.5616965939298233,11
3,2,242,121,1.0,1.0,0.1,32,32,1,1.0,1.8813137689139623,0.0,0.5858023913402216,11
3,2,244,122,1.0,1.0,0.1,32,32,1,1.0,1.8600027802555383,0.0,0.6360475789693001,11
3,2,246,123,1.0,1.0,0.1,32,32,1,1.0,1.9192833930532676,0.0,0.4663276621800167,11
3,2,248,124,1.0,1.0,0.1,32,32,1,1.0,1.9098189637057745,0.0,0.6063026927878507,11
3,2,250,125,1.0,1.0,0.1,32,32,1,1.0,1.869423224877529,0.0,0.5731061484775084,11
3,2,252,126,1.0,1.0,0.1,32,32,1,1.0,1.879290613063492,0.0,0.5821616043604219,11
3,2,254,127,1.0,1.0,0.1,32,32,1,1.0,1.9026091286722882,0.0,0.5161300508865911,11
3,2,256,128,1.0,1.0,0.1,32,32,1,1.0,1.7417609590417658,0.0,0.6689197191681521,11
3,2,258,129,1.0,1.0,0.1,32,32,1,1.0,1.906621289731913,0.0,0.6063367494758708,11
3,2,260,130,1.0,1.0,0.1,32,32,1,1.0,1.930291731014759,0.0,0.5555264367958997,11
3,2,262,131,1.0,1.0,0.1,32,32,1,1.0,1.9282977215801957,0.0,0.5027219378971861,11
3,2,264,132,1.0,1.0,0.1,32,32,1,1.0,1.8398695955855284,0.0,0.604895794689447,11
3,2,266,133,1.0,1.0,0.1,32,32,1,1.0,1.7969524878807852,0.0,0.569729466958125,11
3,2,268,134,1.0,1.0,0.1,32,32,1,1.0,1.8606673183915257,0.0,0.605445773555823,11
3,2,270,135,1.0,1.0,0.1,32,32,1,1.0,1.92204440145188,0.0,0.5634867754715467,11
3,2,272,136,1.0,1.0,0.1,32,32,1,1.0,1.7518935931007136,0.0,0.6016072866837887,11
3,2,274,137,1.0,1.0,0.1,32,32,1,1.0,1.7917602489902105,0.0,0.6355228551249911,11
3,2,276,138,1.0,1.0,0.1,32,32,1,1.0,1.7893847061314336,0.0,0.6465367150780196,11
3,2,278,139,1.0,1.0,0.1,32,32,1,1.0,1.9484236395115853,0.0,0.6094451656948414,11
3,2,280,140,1.0,1.0,0.1,32,32,1,1.0,1.928686322281574,0.0,0.5993482169145203,11
3,2,282,141,1.0,1.0,0.1,32,32,1,1.0,1.9498997730826573,0.0,0.5851093606751335,11
3,2,284,142,1.0,1.0,0.1,32,32,1,1.0,1.9014197084121316,0.0,0.5971921075533646,11
3,2,286,143,1.0,1.0,0.1,32,32,1,1.0,1.9044842168415415,0.0,0.5177395988346171,11
3,2,288,144,1.0,1.0,0.1,32,32,1,1.0,1.9082473836580989,0.0,0.5531679891215402,11
3,2,290,145,1.0,1.0,0.1,32,32,1,1.0,2.0089744496187936,0.0,0.6044601065299375,11
3,2,292,146,1.0,1.0,0.1,32,32,1,1.0,1.9684885527589533,0.0,0.6567908108890295,11
3,2,294,147,1.0,1.0,0.1,32,32,1,1.0,1.910238531816784,0.0,0.5646060689977579,11
3,2,296,148,1.0,1.0,0.1,32,32,1,1.0,1.9331340322766792,0.0,0.5584667223957245,11
3,2,298,149,1.0,1.0,0.1,32,32,1,1.0,2.001496085327178,0.0,0.5567497497173968,11
3,2,300,150,1.0,1.0,0.1,32,32,1,1.0,1.8723265851674735,0.0,0.685521353592243,11
3,2,302,151,1.0,1.0,0.1,32,32,1,1.0,1.893444562270972,0.0,0.7136308090964918,11
3,2,304,152,1.0,1.0,0.1,32,32,1,1.0,1.8574329140607457,0.0,0.6208018202758957,11
3,2,306,153,1.0,1.0,0.1,32,32,1,1.0,2.0047015277563665,0.0,0.5677853220860183,11
3,2,308,154,1.0,1.0,0.1,32,32,1,1.0,1.895332717905244,0.0,0.5433366126503362,11
3,2,310,155,1.0,1.0,0.1,32,32,1,1.0,1.9962043505385074,0.0,0.5871300497226809,11
3,2,312,156,1.0,1.0,0.1,32,32,1,1.0,1.8828953779837385,0.0,0.6398853917494878,11
3,2,314,157,1.0,1.0,0.1,32,32,1,1.0,1.7860680587823687,0.0,0.6538198231764812,11
3,2,316,158,1.0,1.0,0.1,32,32,1,1.0,2.0372427858553155,0.0,0.6810436739592964,11
3,2,318,159,1.0,1.0,0.1,32,32,1,1.0,1.9574814159983975,0.0,0.616104436712973,11
3,2,320,160,1.0,1.0,0.1,32,32,1,1.0,1.9860359721910523,0.0,0.6449051056610221,11
3,2,322,161,1.0,1.0,0.1,32,32,1,1.0,1.9245219936347682,0.0,0.5509755564705161,11
3,2,324,162,1.0,1.0,0.1,32,32,1,1.0,1.9244867717743765,0.0,0.6261507535335139,11
3,2,326,163,1.0,1.0,0.1,32,32,1,1.0,1.8776801424739993,0.0,0.5849779628063598,11
3,2,328,164,1.0,1.0,0.1,32,32,1,1.0,1.9838792346296485,0.0,0.5668205975830359,11
3,2,330,165,1.0,1.0,0.1,32,32,1,1.0,1.8468511458450836,0.0,0.6471253966977986,11
3,2,332,166,1.0,1.0,0.1,32,32,1,1.0,2.0043722909488317,0.0,0.5877883239324111,11
3,2,334,167,1.0,1.0,0.1,32,32,1,1.0,1.9114925660262456,0.0,0.6578265371182862,11
3,2,336,168,1.0,1.0,0.1,32,32,1,1.0,1.9953882488694108,0.0,0.6384899897255487,11
3,2,338,169,1.0,1.0,0.1,32,32,1,1.0,1.9756974369902909,0.0,0.6223346354986279,11
3,2,340,170,1.0,1.0,0.1,32,32,1,1.0,2.0256174058480223,0.0,0.5373070644655157,11
3,2,342,171,1.0,1.0,0.1,32,32,1,1.0,1.9862869103609522,0.0,0.595473166946268,11
3,2,344,172,1.0,1.0,0.1,32,32,1,1.0,2.003022421641505,0.0,0.6015053703879708,11
3,2,346,173,1.0,1.0,0.1,32,32,1,1.0,1.9751738240306211,0.0,0.6425086908281017,11
3,2,348,174,1.0,1.0,0.1,32,32,1,1.0,2.0185740506013703,0.0,0.6480718305648789,11
3,2,350,175,1.0,1.0,0.1,32,32,1,1.0,1.9443158541493266,0.0,0.6085133862035873,11
3,2,352,176,1.0,1.0,0.1,32,32,1,1.0,2.006929031027684,0.0,0.6460119773633265,11
3,2,354,177,1.0,1.0,0.1,32,32,1,1.0,1.9128241717087393,0.0,0.5937746961034194,11
3,2,356,178,1.0,1.0,0.1,32,32,1,1.0,2.0385314230800957,0.0,0.6069329331579393,11
3,2,358,179,1.0,1.0,0.1,32,32,1,1.0,2.03464855162907,0.0,0.6256479787404418,11
3,2,360,180,1.0,1.0,0.1,32,32,1,1.0,1.9613305368398235,0.0,0.6236247865085554,11
3,2,362,181,1.0,1.0,0.1,32,32,1,1.0,2.1012258119436815,0.0,0.5334640611982934,11
3,2,364,182,1.0,1.0,0.1,32,32,1,1.0,2.0164016824938082,0.0,0.6533116017329792,11
3,2,366,183,1.0,1.0,0.1,32,32,1,1.0,2.0045956738619943,0.0,0.7031554005502967,11
3,2,368,184,1.0,1.0,0.1,32,32,1,1.0,2.0328924335646676,0.0,0.6554913465259556,11
3,2,370,185,1.0,1.0,0.1,32,32,1,1.0,1.955739491538045,0.0,0.5857185112691914,11
3,2,372,186,1.0,1.0,0.1,32,32,1,1.0,2.0658433176646156,0.0,0.6219933418892681,11
3,2,374,187,1.0,1.0,0.1,32,32,1,1.0,1.9790522589152701,0.0,0.6730196451936533,11
3,2,376,188,1.0,1.0,0.1,32,32,1,1.0,1.9839990646778718,0.0,0.5684853074783525,11
3,2,378,189,1.0,1.0,0.1,32,32,1,1.0,2.147808141867135,0.0,0.5855151953263464,11
3,2,380,190,1.0,1.0,0.1,32,32,1,1.0,1.9315525006062306,0.0,0.6026847653306822,11
3,2,382,191,1.0,1.0,0.1,32,32,1,1.0,1.9428870210563547,0.0,0.6346565306609299,11
3,2,384,192,1.0,1.0,0.1,32,32,1,1.0,1.9375042051097071,0.0,0.6493149473194666,11
3,2,386,193,1.0,1.0,0.1,32,32,1,1.0,1.9895149465476214,0.0,0.613353791318181,11
3,2,388,194,1.0,1.0,0.1,32,32,1,1.0,2.111505402401101,0.0,0.6732292581070236,11
3,2,390,195,1.0,1.0,0.1,32,32,1,1.0,2.041550212533285,0.0,0.6237588422173711,11
3,2,392,196,1.0,1.0,0.1,32,32,1,1.0,2.0321669997920297,0.0,0.6067566913171524,11
3,2,394,197,1.0,1.0,0.1,32,32,1,1.0,1.9758525767889923,0.0,0.5569480417404734,11
3,2,396,198,1.0,1.0,0.1,32,32,1,1.0,2.032626951517222,0.0,0.6351827588520741,11
3,2,398,199,1.0,1.0,0.1,32,32,1,1.0,2.011992358523912,0.0,0.6367024018531244,11
3,2,400,200,1.0,1.0,0.1,32,32,1,1.0,1.9521989270587796,0.0,0.6064976461010921,11
3,2,402,201,1.0,1.0,0.1,32,32,1,1.0,2.015540840042633,0.0,0.6303116064285084,11
3,2,404,202,1.0,1.0,0.1,32,32,1,1.0,2.022513775494181,0.0,0.6483792200005069,11
3,2,406,203,1.0,1.0,0.1,32,32,1,1.0,2.01794735998699,0.0,0.6164350455600919,11
3,2,408,204,1.0,1.0,0.1,32,32,1,1.0,1.9187775631165935,0.0,0.7949849519647775,11
3,2,410,205,1.0,1.0,0.1,32,32,1,1.0,2.0620483842759323,0.0,0.6463515772114823,11
3,2,412,206,1.0,1.0,0.1,32,32,1,1.0,1.9210371773464197,0.0,0.6828245717632528,11
3,2,414,207,1.0,1.0,0.1,32,32,1,1.0,2.0664032955979854,0.0,0.538328701348919,11
3,2,416,208,1.0,1.0,0.1,32,32,1,1.0,2.071684065500263,0.0,0.5716143473042959,11
3,2,418,209,1.0,1.0,0.1,32,32,1,1.0,2.0276545586968555,0.0,0.6515497773528681,11
3,2,420,210,1.0,1.0,0.1,32,32,1,1.0,1.958134770986158,0.0,0.628198370934244,11
3,2,422,211,1.0,1.0,0.1,32,32,1,1.0,2.0642327509819305,0.0,0.6321973883454614,11
3,2,424,212,1.0,1.0,0.1,32,32,1,1.0,2.067614271117209,0.0,0.5688039502533079,11
3,2,426,213,1.0,1.0,0.1,32,32,1,1.0,2.0390642987725807,0.0,0.6626589095566096,11
3,2,428,214,1.0,1.0,0.1,32,32,1,1.0,2.1117270487701383,0.0,0.7141524873225793,11
3,2,430,215,1.0,1.0,0.1,32,32,1,1.0,1.9957231235203097,0.0,0.6108829446723886,11
3,2,432,216,1.0,1.0,0.1,32,32,1,1.0,2.045564138974187,0.0,0.700153130712126,11
3,2,434,217,1.0,1.0,0.1,32,32,1,1.0,2.1230168877638627,0.0,0.6153005707052032,11
3,2,436,218,1.0,1.0,0.1,32,32,1,1.0,2.0616860582237484,0.0,0.6384772320000156,11
3,2,438,219,1.0,1.0,0.1,32,32,1,1.0,1.9721000556011217,0.0,0.6587864681768062,11
3,2,440,220,1.0,1.0,0.1,32,32,1,1.0,2.007228314268418,0.0,0.6142639846624612,11
3,2,442,221,1.0,1.0,0.1,32,32,1,1.0,2.104854476228901,0.0,0.6441966239034185,11
3,2,444,222,1.0,1.0,0.1,32,32,1,1.0,2.036053400712669,0.0,0.6267666047939016,11
3,2,446,223,1.0,1.0,0.1,32,32,1,1.0,2.0021996690561887,0.0,0.7736701478507175,11
3,2,448,224,1.0,1.0,0.1,32,32,1,1.0,2.0111914417434287,0.0,0.7534456518784498,11
3,2,450,225,1.0,1.0,0.1,32,32,1,1.0,1.967221454845737,0.0,0.6989368463797846,11
3,2,452,226,1.0,1.0,0.1,32,32,1,1.0,2.086953811660009,0.0,0.6889310621711958,11
3,2,454,227,1.0,1.0,0.1,32,32,1,1.0,2.0159931224393755,0.0,0.6465155872151065,11
3,2,456,228,1.0,1.0,0.1,32,32,1,1.0,2.114202267273937,0.0,0.5860708708669836,11
3,2,458,229,1.0,1.0,0.1,32,32,1,1.0,2.0562615013261563,0.0,0.6709529003617902,11
3,2,460,230,1.0,1.0,0.1,32,32,1,1.0,2.014385288216586,0.0,0.7082743479585148,11
3,2,462,231,1.0,1.0,0.1,32,32,1,1.0,2.02671861040129,0.0,0.6301854301992068,11
3,2,464,232,1.0,1.0,0.1,32,32,1,1.0,2.1578405459252368,0.0,0.6713520641167451,11
3,2,466,233,1.0,1.0,0.1,32,32,1,1.0,2.0659190694150023,0.0,0.684632096961957,11
3,2,468,234,1.0,1.0,0.1,32,32,1,1.0,2.1095255404018545,0.0,0.6530101697466416,11
3,2,470,235,1.0,1.0,0.1,32,32,1,1.0,2.1078677803260093,0.0,0.6649646373596786,11
3,2,472,236,1.0,1.0,0.1,32,32,1,1.0,2.060885266553829,0.0,0.7169190469402139,11
3,2,474,237,1.0,1.0,0.1,32,32,1,1.0,2.007578393470076,0.0,0.6782899051020223,11
3,2,476,238,1.0,1.0,0.1,32,32,1,1.0,2.1611726004169536,0.0,0.580336399290299,11
3,2,478,239,1.0,1.0,0.1,32,32,1,1.0,2.1022254715925035,0.0,0.62731505750037,11
3,2,480,240,1.0,1.0,0.1,32,32,1,1.0,2.0497979815177234,0.0,0.6392696331129851,11
3,2,482,241,1.0,1.0,0.1,32,32,1,1.0,2.106064932510473,0.0,0.5982082381765398,11
3,2,484,242,1.0,1.0,0.1,32,32,1,1.0,2.0522967722574648,0.0,0.6293781323835717,11
3,2,486,243,1.0,1.0,0.1,32,32,1,1.0,2.184320540395491,0.0,0.6601585968568705,11
3,2,488,244,1.0,1.0,0.1,32,32,1,1.0,2.0152841291649986,0.0,0.6638795253233658,11
3,2,490,245,1.0,1.0,0.1,32,32,1,1.0,1.9339472939697298,0.0,0.6882162259826248,11
3,2,492,246,1.0,1.0,0.1,32,32,1,1.0,2.0838691150724813,0.0,0.6474211082117172,11
3,2,494,247,1.0,1.0,0.1,32,32,1,1.0,2.1595658700755913,0.0,0.6496639896001002,11
3,2,496,248,1.0,1.0,0.1,32,32,1,1.0,2.0549005803039626,0.0,0.6796916188583173,11
3,2,498,249,1.0,1.0,0.1,32,32,1,1.0,1.9983737616672945,0.0,0.7035518317068363,11
3,2,500,250,1.0,1.0,0.1,32,32,1,1.0,1.9628616099981608,0.0,0.7064087275502772,11
4,3,2,1,1.0,1.0,0.1,32,32,1,1.0,1.060143949499195e-06,0.0,0.16585458054639676,3
4,3,4,2,1.0,1.0,0.1,32,32,1,1.0,0.0003823649706085336,0.0,0.31872840673334324,4
4,3,6,3,1.0,1.0,0.1,32,32,1,1.0,0.007778027949186002,0.0,0.23500193881847944,6
4,3,8,4,1.0,1.0,0.1,32,32,1,1.0,0.030283665782303393,0.0,0.22177037480284548,7
4,3,10,5,1.0,1.0,0.1,32,32,1,1.0,0.04109565977304003,0.0,0.2271269296105343,7
4,3,12,6,1.0,1.0,0.1,32,32,1,1.0,0.038682485712190975,0.0,0.2327592827126658,8
4,3,14,7,1.0,1.0,0.1,32,32,1,1.0,0.1133675936659545,0.0,0.27564801380646015,11
4,3,16,8,1.0,1.0,0.1,32,32,1,1.0,0.10129800893998618,0.0,0.14273423824259387,13
4,3,18,9,1.0,1.0,0.1,32,32,1,1.0,0.09831516302315338,0.0,0.1757546499634141,13
4,3,20,10,1.0,1.0,0.1,32,32,1,1.0,0.11895369192034191,0.0,0.1920288046422462,15
4,3,22,11,1.0,1.0,0.1,32,32,1,1.0,0.12329271966871311,0.0,0.21484291761542204,16
4,3,24,12,1.0,1.0,0.1,32,32,1,1.0,0.14048437937488004,0.0,0.2444478061420485,18
4,3,26,13,1.0,1.0,0.1,32,32,1,1.0,0.2567687786174343,0.0,0.2330477311664763,20
4,3,28,14,1.0,1.0,0.1,32,32,1,1.0,0.39650652366663763,0.0,0.16880525949678962,20
4,3,30,15,1.0,1.0,0.1,32,32,1,1.0,0.31517935323387314,0.0,0.19698616499059668,21
4,3,32,16,1.0,1.0,0.1,32,32,1,1.0,0.34893062256058044,0.0,0.22991255043127615,21
4,3,34,17,1.0,1.0,0.1,32,32,1,1.0,0.46288741625111,0.0,0.25812023640260284,22
4,3,36,18,1.0,1.0,0.1,32,32,1,1.0,0.3506807420135577,0.0,0.23199609831733806,22
4,3,38,19,1.0,1.0,0.1,32,32,1,1.0,0.3982608422406219,0.0,0.22289984779889874,22
4,3,40,20,1.0,1.0,0.1,32,32,1,1.0,0.6665373673728704,0.0,0.22542705454435216,22
4,3,42,21,1.0,1.0,0.1,32,32,1,1.0,0.4682925454221195,0.0,0.21202439341666793,22
4,3,44,22,1.0,1.0,0.1,32,32,1,1.0,0.6236481628442249,0.0,0.19715299131192898,22
4,3,46,23,1.0,1.0,0.1,32,32,1,1.0,0.6744436744959261,0.0,0.18408566489980704,22
4,3,48,24,1.0,1.0,0.1,32,32,1,1.0,0.6388413529484424,0.0,0.2256800930851025,22
4,3,50,25,1.0,1.0,0.1,32,32,1,1.0,0.9699680135364418,0.0,0.15996071994833855,22
4,3,52,26,1.0,1.0,0.1,32,32,1,1.0,0.923477822194661,0.0,0.2049754498285441,22
4,3,54,27,1.0,1.0,0.1,32,32,1,1.0,0.7999971295338063,0.0,0.27270711040604884,22
4,3,56,28,1.0,1.0,0.1,32,32,1,1.0,1.0085797963593794,0.0,0.18675777394118653,22
4,3,58,29,1.0,1.0,0.1,32,32,1,1.0,1.0779402788583479,0.0,0.2475423950645764,22
4,3,60,30,1.0,1.0,0.1,32,32,1,1.0,1.0196435936072425,0.0,0.199861650596612,22
4,3,62,31,1.0,1.0,0.1,32,32,1,1.0,1.2211573634538857,0.0,0.24410482504937075,22
4,3,64,32,1.0,1.0,0.1,32,32,1,1.0,1.106508332174592,0.0,0.32976342392446767,22
4,3,66,33,1.0,1.0,0.1,32,32,1,1.0,1.199867791485929,0.0,0.2373475220740468,22
4,3,68,34,1.0,1.0,0.1,32,32,1,1.0,1.0790094412747453,0.0,0.2181863812537395,22
4,3,70,35,1.0,1.0,0.1,32,32,1,1.0,1.4808693608706205,0.0,0.24749770968815532,22
4,3,72,36,1.0,1.0,0.1,32,32,1,1.0,1.3213476840348963,0.0,0.22705694654984504,22
4,3,74,37,1.0,1.0,0.1,32,32,1,1.0,1.1234320599119527,0.0,0.31967120119130044,22
4,3,76,38,1.0,1.0,0.1,32,32,1,1.0,1.283226441910619,0.0,0.2506903861067147,22
4,3,78,39,1.0,1.0,0.1,32,32,1,1.0,1.2857095580023044,0.0,0.2928240098003274,22
4,3,80,40,1.0,1.0,0.1,32,32,1,1.0,1.4030781853993723,0.0,0.29600014954910836,22
4,3,82,41,1.0,1.0,0.1,32,32,1,1.0,1.1880743553876438,0.0,0.29073047214094505,22
4,3,84,42,1.0,1.0,0.1,32,32,1,1.0,1.5004940833156726,0.0,0.2745691922819741,22
4,3,86,43,1.0,1.0,0.1,32,32,1,1.0,1.3177486390841018,0.0,0.2608555318923519,22
4,3,88,44,1.0,1.0,0.1,32,32,1,1.0,1.312557566900599,0.0,0.3515849099528758,22
4,3,90,45,1.0,1.0,0.1,32,32,1,1.0,1.299544869172714,0.0,0.25631148369173296,22
4,3,92,46,1.0,1.0,0.1,32,32,1,1.0,1.571070795390417,0.0,0.2677917804233741,22
4,3,94,47,1.0,1.0,0.1,32,32,1,1.0,1.225257689866315,0.0,0.30350808061210277,22
4,3,96,48,1.0,1.0,0.1,32,32,1,1.0,1.4923302901547395,0.0,0.364311455675226,22
4,3,98,49,1.0,1.0,0.1,32,32,1,1.0,1.5676827302658003,0.0,0.33054696988781956,22
4,3,100,50,1.0,1.0,0.1,32,32,1,1.0,1.6277097851001776,0.0,0.3489848553885799,22
4,3,102,51,1.0,1.0,0.1,32,32,1,1.0,1.5357228744902724,0.0,0.3170824103859967,22
4,3,104,52,1.0,1.0,0.1,32,32,1,1.0,1.5389153688814674,0.0,0.3565135350729021,22
4,3,106,53,1.0,1.0,0.1,32,32,1,1.0,1.5507943632038277,0.0,0.3005466629638212,22
4,3,108,54,1.0,1.0,0.1,32,32,1,1.0,1.4348771775843547,0.0,0.38783367329123725,22
4,3,110,55,1.0,1.0,0.1,32,32,1,1.0,1.6051993855082427,0.0,0.27980434922671477,22
4,3,112,56,1.0,1.0,0.1,32,32,1,1.0,1.5741969094948534,0.0,0.32160127699198743,22
4,3,114,57,1.0,1.0,0.1,32,32,1,1.0,1.786134329945593,0.0,0.3194299040263728,22
4,3,116,58,1.0,1.0,0.1,32,32,1,1.0,1.8150543974737265,0.0,0.2698092741246979,22
4,3,118,59,1.0,1.0,0.1,32,32,1,1.0,1.86159334123572,0.0,0.27627342758977735,22
4,3,120,60,1.0,1.0,0.1,32,32,1,1.0,1.7838510288766452,0.0,0.4409108794378511,22
4,3,122,61,1.0,1.0,0.1,32,32,1,1.0,1.7428086210558478,0.0,0.36015269539805167,22
4,3,124,62,1.0,1.0,0.1,32,32,1,1.0,1.7869268869081183,0.0,0.341989061466924,22
4,3,126,63,1.0,1.0,0.1,32,32,1,1.0,1.6716395595469944,0.0,0.3351178224745976,22
4,3,128,64,1.0,1.0,0.1,32,32,1,1.0,1.7794495880039953,0.0,0.4431169088326764,22
4,3,130,65,1.0,1.0,0.1,32,32,1,1.0,1.8849348290185413,0.0,0.39929307065852615,22
4,3,132,66,1.0,1.0,0.1,32,32,1,1.0,1.8177519988684814,0.0,0.4088751180183475,22
4,3,134,67,1.0,1.0,0.1,32,32,1,1.0,1.9172700762269923,0.0,0.4528626353886049,22
4,3,136,68,1.0,1.0,0.1,32,32,1,1.0,1.8135835312541368,0.0,0.40349480691563494,22
4,3,138,69,1.0,1.0,0.1,32,32,1,1.0,1.889893971591746,0.0,0.37764696651224033,22
4,3,140,70,1.0,1.0,0.1,32,32,1,1.0,1.8909375041131535,0.0,0.36761835424248984,22
4,3,142,71,1.0,1.0,0.1,32,32,1,1.0,1.9059168082463753,0.0,0.38079075336598367,22
4,3,144,72,1.0,1.0,0.1,32,32,1,1.0,2.0449338379535416,0.0,0.41081570733487055,22
4,3,146,73,1.0,1.0,0.1,32,32,1,1.0,1.8606261998631362,0.0,0.4498490094194686,22
4,3,148,74,1.0,1.0,0.1,32,32,1,1.0,2.040795255819241,0.0,0.5117644750830085,22
4,3,150,75,1.0,1.0,0.1,32,32,1,1.0,2.024511913253054,0.0,0.4183920559935037,22
4,3,152,76,1.0,1.0,0.1,32,32,1,1.0,1.897836379925362,0.0,0.43785825228480574,22
4,3,154,77,1.0,1.0,0.1,32,32,1,1.0,1.9725202511336497,0.0,0.45938402739214806,22
4,3,156,78,1.0,1.0,0.1,32,32,1,1.0,1.9135219986385439,0.0,0.5206724270623333,22
4,3,158,79,1.0,1.0,0.1,32,32,1,1.0,1.782135914973238,0.0,0.38732938629103747,22
4,3,160,80,1.0,1.0,0.1,32,32,1,1.0,2.011480490955691,0.0,0.40355815513399573,22
4,3,162,81,1.0,1.0,0.1,32,32,1,1.0,1.872550841189065,0.0,0.5049626820162205,22
4,3,164,82,1.0,1.0,0.1,32,32,1,1.0,1.95520973432942,0.0,0.4199761305406637,22
4,3,166,83,1.0,1.0,0.1,32,32,1,1.0,2.0024188926131816,0.0,0.44364965277814905,22
4,3,168,84,1.0,1.0,0.1,32,32,1,1.0,1.9922917292308033,0.0,0.5632955744679716,22
4,3,170,85,1.0,1.0,0.1,32,32,1,1.0,1.7188439246213025,0.0,0.49061571119415304,22
4,3,172,86,1.0,1.0,0.1,32,32,1,1.0,1.8905852311983207,0.0,0.3917437628708549,22
4,3,174,87,1.0,1.0,0.1,32,32,1,1.0,1.8317022832815029,0.0,0.5074288686227498,22
4,3,176,88,1.0,1.0,0.1,32,32,1,1.0,2.046631620826588,0.0,0.42504634628274063,22
4,3,178,89,1.0,1.0,0.1,32,32,1,1.0,1.8415568732054948,0.0,0.5475913858786441,22
4,3,180,90,1.0,1.0,0.1,32,32,1,1.0,1.9172129690192186,0.0,0.5203833222072533,22
4,3,182,91,1.0,1.0,0.1,32,32,1,1.0,1.929701288017894,0.0,0.4975049680435226,22
4,3,184,92,1.0,1.0,0.1,32,32,1,1.0,1.966192591880478,0.0,0.4599147167440669,22
4,3,186,93,1.0,1.0,0.1,32,32,1,1.0,2.020540458041513,0.0,0.47773726659734306,22
4,3,188,94,1.0,1.0,0.1,32,32,1,1.0,1.9263847322856353,0.0,0.4698081549355436,22
4,3,190,95,1.0,1.0,0.1,32,32,1,1.0,2.082788359473082,0.0,0.505152776076725,22
4,3,192,96,1.0,1.0,0.1,32,32,1,1.0,1.9435641344149241,0.0,0.5171277210730502,22
4,3,194,97,1.0,1.0,0.1,32,32,1,1.0,2.1615868956510784,0.0,0.4688833338315864,22
4,3,196,98,1.0,1.0,0.1,32,32,1,1.0,1.9708852057511317,0.0,0.4763682294871811,22
4,3,198,99,1.0,1.0,0.1,32,32,1,1.0,2.120329444962727,0.0,0.48086317102909726,22
4,3,200,100,1.0,1.0,0.1,32,32,1,1.0,2.136928019093099,0.0,0.5132876386672565,22
4,3,202,101,1.0,1.0,0.1,32,32,1,1.0,2.100857527164465,0.0,0.4821651425708196,22
4,3,204,102,1.0,1.0,0.1,32,32,1,1.0,2.1150111993440035,0.0,0.549435103415142,22
4,3,206,103,1.0,1.0,0.1,32,32,1,1.0,2.1000861834558484,0.0,0.4649467543078103,22
4,3,208,104,1.0,1.0,0.1,32,32,1,1.0,2.1405033629833254,0.0,0.49370677702577265,22
4,3,210,105,1.0,1.0,0.1,32,32,1,1.0,2.2217742717878575,0.0,0.5563951641927111,22
4,3,212,106,1.0,1.0,0.1,32,32,1,1.0,2.024632113941612,0.0,0.5214583592755585,22
4,3,214,107,1.0,1.0,0.1,32,32,1,1.0,2.1921371746038933,0.0,0.48047939780672166,22
4,3,216,108,1.0,1.0,0.1,32,32,1,1.0,2.0711183507322732,0.0,0.5550169247582413,22
4,3,218,109,1.0,1.0,0.1,32,32,1,1.0,2.299268905682535,0.0,0.5507435744681168,22
4,3,220,110,1.0,1.0,0.1,32,32,1,1.0,2.2221117798631838,0.0,0.5710655205909996,22
4,3,222,111,1.0,1.0,0.1,32,32,1,1.0,2.0632654135981277,0.0,0.5793976908113813,22
4,3,224,112,1.0,1.0,0.1,32,32,1,1.0,2.2516711297724155,0.0,0.5176521072641936,22
4,3,226,113,1.0,1.0,0.1,32,32,1,1.0,2.051062876683089,0.0,0.5460850508548655,22
4,3,228,114,1.0,1.0,0.1,32,32,1,1.0,2.1577097269088648,0.0,0.547648638908108,22
4,3,230,115,1.0,1.0,0.1,32,32,1,1.0,1.9951860763904055,0.0,0.5661702944522743,22
4,3,232,116,1.0,1.0,0.1,32,32,1,1.0,2.1706430835144537,0.0,0.5429499294374399,22
4,3,234,117,1.0,1.0,0.1,32,32,1,1.0,2.1764028748079367,0.0,0.5460849196382261,22
4,3,236,118,1.0,1.0,0.1,32,32,1,1.0,2.273136077786748,0.0,0.5144082889613877,22
4,3,238,119,1.0,1.0,0.1,32,32,1,1.0,2.1955812228975256,0.0,0.6337108410026118,22
4,3,240,120,1.0,1.0,0.1,32,32,1,1.0,2.221102249079214,0.0,0.5172238425045269,22
4,3,242,121,1.0,1.0,0.1,32,32,1,1.0,2.1434155576054383,0.0,0.5358226016449738,22
4,3,244,122,1.0,1.0,0.1,32,32,1,1.0,2.04397294577009,0.0,0.5577067571991622,22
4,3,246,123,1.0,1.0,0.1,32,32,1,1.0,2.3354091461286544,0.0,0.5803268663101449,22
4,3,248,124,1.0,1.0,0.1,32,32,1,1.0,2.1333067569083286,0.0,0.6237719760563935,22
4,3,250,125,1.0,1.0,0.1,32,32,1,1.0,2.197347356627419,0.0,0.6060286360593795,22
4,3,252,126,1.0,1.0,0.1,32,32,1,1.0,2.1742726564549133,0.0,0.5596375634645231,22
4,3,254,127,1.0,1.0,0.1,32,32,1,1.0,2.2084957313167135,0.0,0.5917680260112361,22
4,3,256,128,1.0,1.0,0.1,32,32,1,1.0,2.1492788130013456,0.0,0.5568862883465124,22
4,3,258,129,1.0,1.0,0.1,32,32,1,1.0,2.2106051666362414,0.0,0.5153529475668389,22
4,3,260,130,1.0,1.0,0.1,32,32,1,1.0,2.20985111847485,0.0,0.5039599400212891,22
4,3,262,131,1.0,1.0,0.1,32,32,1,1.0,2.191679723047281,0.0,0.6382512073684793,22
4,3,264,132,1.0,1.0,0.1,32,32,1,1.0,2.1978267339591384,0.0,0.625527950446804,22
4,3,266,133,1.0,1.0,0.1,32,32,1,1.0,2.198528348674759,0.0,0.7015418525901763,22
4,3,268,134,1.0,1.0,0.1,32,32,1,1.0,2.24376033234768,0.0,0.5970212000059768,22
4,3,270,135,1.0,1.0,0.1,32,32,1,1.0,2.293300874821533,0.0,0.5920727610439828,22
4,3,272,136,1.0,1.0,0.1,32,32,1,1.0,2.191546646680529,0.0,0.6077595167182988,22
4,3,274,137,1.0,1.0,0.1,32,32,1,1.0,2.3096174734375414,0.0,0.6581494130569835,22
4,3,276,138,1.0,1.0,0.1,32,32,1,1.0,2.353124158405995,0.0,0.6296192922653088,22
4,3,278,139,1.0,1.0,0.1,32,32,1,1.0,2.088418816756821,0.0,0.5659048666795453,22
4,3,280,140,1.0,1.0,0.1,32,32,1,1.0,2.276996114042694,0.0,0.6259852482848374,22
4,3,282,141,1.0,1.0,0.1,32,32,1,1.0,2.212148751636849,0.0,0.6174305259620193,22
4,3,284,142,1.0,1.0,0.1,32,32,1,1.0,2.360918245605494,0.0,0.6192523751691594,22
4,3,286,143,1.0,1.0,0.1,32,32,1,1.0,2.2137481816026807,0.0,0.6637326527756194,22
4,3,288,144,1.0,1.0,0.1,32,32,1,1.0,2.32568059834089,0.0,0.659353793630219,22
4,3,290,145,1.0,1.0,0.1,32,32,1,1.0,2.0895222614861284,0.0,0.6458598526786223,22
4,3,292,146,1.0,1.0,0.1,32,32,1,1.0,2.3236252391419563,0.0,0.6000016954825329,22
4,3,294,147,1.0,1.0,0.1,32,32,1,1.0,2.2016191953297275,0.0,0.6108552144100223,22
4,3,296,148,1.0,1.0,0.1,32,32,1,1.0,2.2373759211580673,0.0,0.566762206434719,22
4,3,298,149,1.0,1.0,0.1,32,32,1,1.0,2.236716946372033,0.0,0.6507187296727253,22
4,3,300,150,1.0,1.0,0.1,32,32,1,1.0,2.2752218728590967,0.0,0.5492670578043296,22
4,3,302,151,1.0,1.0,0.1,32,32,1,1.0,2.285998697649826,0.0,0.5498968114435394,22
4,3,304,152,1.0,1.0,0.1,32,32,1,1.0,2.3411495031335807,0.0,0.5585220283118599,22
4,3,306,153,1.0,1.0,0.1,32,32,1,1.0,2.3012790929904785,0.0,0.598032892877556,22
4,3,308,154,1.0,1.0,0.1,32,32,1,1.0,2.304635540772486,0.0,0.5840406071524342,22
4,3,310,155,1.0,1.0,0.1,32,32,1,1.0,2.261741185714948,0.0,0.701457215099398,22
4,3,312,156,1.0,1.0,0.1,32,32,1,1.0,2.2675579142760487,0.0,0.5799556420920909,22
4,3,314,157,1.0,1.0,0.1,32,32,1,1.0,2.346669962418618,0.0,0.6375527978202349,22
4,3,316,158,1.0,1.0,0.1,32,32,1,1.0,2.22933109057077,0.0,0.6094119366368629,22
4,3,318,159,1.0,1.0,0.1,32,32,1,1.0,2.387291218732058,0.0,0.6010786184084628,22
4,3,320,160,1.0,1.0,0.1,32,32,1,1.0,2.4324856685480247,0.0,0.616117822573052,22
4,3,322,161,1.0,1.0,0.1,32,32,1,1.0,2.427054213985187,0.0,0.6038277131848573,22
4,3,324,162,1.0,1.0,0.1,32,32,1,1.0,2.322270526206727,0.0,0.6767266106933038,22
4,3,326,163,1.0,1.0,0.1,32,32,1,1.0,2.314847945585813,0.0,0.621959001383884,22
4,3,328,164,1.0,1.0,0.1,32,32,1,1.0,2.1991570326095613,0.0,0.6519010504446384,22
4,3,330,165,1.0,1.0,0.1,32,32,1,1.0,2.3151009354132595,0.0,0.6617678792654625,22
4,3,332,166,1.0,1.0,0.1,32,32,1,1.0,2.2861698914831905,0.0,0.5826446043361331,22
4,3,334,167,1.0,1.0,0.1,32,32,1,1.0,2.1996264334422926,0.0,0.6325575864743676,22
4,3,336,168,1.0,1.0,0.1,32,32,1,1.0,2.329387414650819,0.0,0.5652869564241356,22
4,3,338,169,1.0,1.0,0.1,32,32,1,1.0,2.407056816634133,0.0,0.6422766377155829,22
4,3,340,170,1.0,1.0,0.1,32,32,1,1.0,2.302224762489378,0.0,0.6521370748636055,22
4,3,342,171,1.0,1.0,0.1,32,32,1,1.0,2.3651114700456484,0.0,0.6511491657378533,22
4,3,344,172,1.0,1.0,0.1,32,32,1,1.0,2.351690526336549,0.0,0.6812450928019512,22
4,3,346,173,1.0,1.0,0.1,32,32,1,1.0,2.309278366680513,0.0,0.6540299432588076,22
4,3,348,174,1.0,1.0,0.1,32,32,1,1.0,2.357850200517559,0.0,0.6189756158199008,22
4,3,350,175,1.0,1.0,0.1,32,32,1,1.0,2.4670664460800684,0.0,0.5837669198321818,22
4,3,352,176,1.0,1.0,0.1,32,32,1,1.0,2.308893359538182,0.0,0.594338185295877,22
4,3,354,177,1.0,1.0,0.1,32,32,1,1.0,2.3751234094607288,0.0,0.6323747901183959,22
4,3,356,178,1.0,1.0,0.1,32,32,1,1.0,2.3552459156245753,0.0,0.6715856018432915,22
4,3,358,179,1.0,1.0,0.1,32,32,1,1.0,2.2640678753269965,0.0,0.5793791731866286,22
4,3,360,180,1.0,1.0,0.1,32,32,1,1.0,2.352934258336796,0.0,0.5944852350639545,22
4,3,362,181,1.0,1.0,0.1,32,32,1,1.0,2.343035068732163,0.0,0.6802794385791034,22
4,3,364,182,1.0,1.0,0.1,32,32,1,1.0,2.2619885671960325,0.0,0.7645294194704455,22
4,3,366,183,1.0,1.0,0.1,32,32,1,1.0,2.208869500575078,0.0,0.6752279671621373,22
4,3,368,184,1.0,1.0,0.1,32,32,1,1.0,2.3379952483570365,0.0,0.6657167950882993,22
4,3,370,185,1.0,1.0,0.1,32,32,1,1.0,2.253581777976111,0.0,0.6817597831069462,22
4,3,372,186,1.0,1.0,0.1,32,32,1,1.0,2.3148162234716505,0.0,0.628271691500469,22
4,3,374,187,1.0,1.0,0.1,32,32,1,1.0,2.413489883005757,0.0,0.6390381831147243,22
4,3,376,188,1.0,1.0,0.1,32,32,1,1.0,2.4674823505436083,0.0,0.5644831202461222,22
4,3,378,189,1.0,1.0,0.1,32,32,1,1.0,2.395730988791611,0.0,0.6463114867466092,22
4,3,380,190,1.0,1.0,0.1,32,32,1,1.0,2.3174601305609963,0.0,0.6861693333884092,22
4,3,382,191,1.0,1.0,0.1,32,32,1,1.0,2.2825593098413477,0.0,0.7022056176988388,22
4,3,384,192,1.0,1.0,0.1,32,32,1,1.0,2.4375665651947727,0.0,0.7042712147409214,22
4,3,386,193,1.0,1.0,0.1,32,32,1,1.0,2.3345258944520957,0.0,0.669786570315726,22
4,3,388,194,1.0,1.0,0.1,32,32,1,1.0,2.4058081651064223,0.0,0.6173542463684335,22
4,3,390,195,1.0,1.0,0.1,32,32,1,1.0,2.433988886156406,0.0,0.7364157560429562,22
4,3,392,196,1.0,1.0,0.1,32,32,1,1.0,2.437492920492131,0.0,0.6552951398637219,22
4,3,394,197,1.0,1.0,0.1,32,32,1,1.0,2.333693593970796,0.0,0.6207635434590884,22
4,3,396,198,1.0,1.0,0.1,32,32,1,1.0,2.2921219489041436,0.0,0.6374373141621017,22
4,3,398,199,1.0,1.0,0.1,32,32,1,1.0,2.4105615463366212,0.0,0.6473956904657866,22
4,3,400,200,1.0,1.0,0.1,32,32,1,1.0,2.258948417075871,0.0,0.6332407279320028,22
4,3,402,201,1.0,1.0,0.1,32,32,1,1.0,2.4494819533397174,0.0,0.5619905281900158,22
4,3,404,202,1.0,1.0,0.1,32,32,1,1.0,2.397692446622766,0.0,0.6751080908563788,22
4,3,406,203,1.0,1.0,0.1,32,32,1,1.0,2.3632021407965635,0.0,0.6001589683087056,22
4,3,408,204,1.0,1.0,0.1,32,32,1,1.0,2.340781991278553,0.0,0.6306356399324043,22
4,3,410,205,1.0,1.0,0.1,32,32,1,1.0,2.431180520874341,0.0,0.5956184794816846,22
4,3,412,206,1.0,1.0,0.1,32,32,1,1.0,2.4682626725651184,0.0,0.5898996520845273,22
4,3,414,207,1.0,1.0,0.1,32,32,1,1.0,2.4783798395974834,0.0,0.6690005849681842,22
4,3,416,208,1.0,1.0,0.1,32,32,1,1.0,2.2673046698139987,0.0,0.6986638637264911,22
4,3,418,209,1.0,1.0,0.1,32,32,1,1.0,2.3873503656422232,0.0,0.6321678628054325,22
4,3,420,210,1.0,1.0,0.1,32,32,1,1.0,2.3891833716232402,0.0,0.6436737335665692,22
4,3,422,211,1.0,1.0,0.1,32,32,1,1.0,2.3437844175938674,0.0,0.6590437524749871,22
4,3,424,212,1.0,1.0,0.1,32,32,1,1.0,2.3694759767676237,0.0,0.6958180937039975,22
4,3,426,213,1.0,1.0,0.1,32,32,1,1.0,2.425279842527906,0.0,0.7213871168882673,22
4,3,428,214,1.0,1.0,0.1,32,32,1,1.0,2.3549014025577653,0.0,0.6667877447624252,22
4,3,430,215,1.0,1.0,0.1,32,32,1,1.0,2.348816567378005,0.0,0.6892510892651016,22
4,3,432,216,1.0,1.0,0.1,32,32,1,1.0,2.3733305427806712,0.0,0.7026513428399077,22
4,3,434,217,1.0,1.0,0.1,32,32,1,1.0,2.5044179500806854,0.0,0.6718272411545572,22
4,3,436,218,1.0,1.0,0.1,32,32,1,1.0,2.41552041155357,0.0,0.6227513266351813,22
4,3,438,219,1.0,1.0,0.1,32,32,1,1.0,2.428534244524167,0.0,0.6731648809036994,22
4,3,440,220,1.0,1.0,0.1,32,32,1,1.0,2.32395518155533,0.0,0.6680854713602656,22
4,3,442,221,1.0,1.0,0.1,32,32,1,1.0,2.4824927979834204,0.0,0.7291796610687752,22
4,3,444,222,1.0,1.0,0.1,32,32,1,1.0,2.4654132164852767,0.0,0.6643545926380946,22
4,3,446,223,1.0,1.0,0.1,32,32,1,1.0,2.299493061390616,0.0,0.7061069653554014,22
4,3,448,224,1.0,1.0,0.1,32,32,1,1.0,2.4857414089901892,0.0,0.6932852339754162,22
4,3,450,225,1.0,1.0,0.1,32,32,1,1.0,2.428082520639648,0.0,0.7338905211198146,22
4,3,452,226,1.0,1.0,0.1,32,32,1,1.0,2.5132516641426803,0.0,0.5859737277540773,22
4,3,454,227,1.0,1.0,0.1,32,32,1,1.0,2.3873152976877683,0.0,0.5886153833848471,22
4,3,456,228,1.0,1.0,0.1,32,32,1,1.0,2.3878010534015726,0.0,0.6684045129889681,22
4,3,458,229,1.0,1.0,0.1,32,32,1,1.0,2.355011624138347,0.0,0.7488426121894141,22
4,3,460,230,1.0,1.0,0.1,32,32,1,1.0,2.3732095532348763,0.0,0.6706402449061152,22
4,3,462,231,1.0,1.0,0.1,32,32,1,1.0,2.4409110050310963,0.0,0.7255955599035532,22
4,3,464,232,1.0,1.0,0.1,32,32,1,1.0,2.4620166659481235,0.0,0.6464293658605135,22
4,3,466,233,1.0,1.0,0.1,32,32,1,1.0,2.4630112476140487,0.0,0.6572225657996946,22
4,3,468,234,1.0,1.0,0.1,32,32,1,1.0,2.4197632477231172,0.0,0.7096348837108002,22
4,3,470,235,1.0,1.0,0.1,32,32,1,1.0,2.358915465119458,0.0,0.73446710537217,22
4,3,472,236,1.0,1.0,0.1,32,32,1,1.0,2.469063301451067,0.0,0.7334517721399592,22
4,3,474,237,1.0,1.0,0.1,32,32,1,1.0,2.467893249535283,0.0,0.6835196924554562,22
4,3,476,238,1.0,1.0,0.1,32,32,1,1.0,2.370486398630937,0.0,0.6599205480222036,22
4,3,478,239,1.0,1.0,0.1,32,32,1,1.0,2.4112755972126205,0.0,0.6716991307825698,22
4,3,480,240,1.0,1.0,0.1,32,32,1,1.0,2.439523499990985,0.0,0.6650062018620768,22
4,3,482,241,1.0,1.0,0.1,32,32,1,1.0,2.47248440814695,0.0,0.6860004314686152,22
4,3,484,242,1.0,1.0,0.1,32,32,1,1.0,2.44824195953207,0.0,0.596252304675705,22
4,3,486,243,1.0,1.0,0.1,32,32,1,1.0,2.421207732747515,0.0,0.6551154467050272,22
4,3,488,244,1.0,1.0,0.1,32,32,1,1.0,2.426361056215845,0.0,0.6439066103808136,22
4,3,490,245,1.0,1.0,0.1,32,32,1,1.0,2.409612237216197,0.0,0.6156629369636022,22
4,3,492,246,1.0,1.0,0.1,32,32,1,1.0,2.393454959029855,0.0,0.6157912378470842,22
4,3,494,247,1.0,1.0,0.1,32,32,1,1.0,2.5141438455686917,0.0,0.6604558058790122,22
4,3,496,248,1.0,1.0,0.1,32,32,1,1.0,2.4052222569569444,0.0,0.7158801115106025,22
4,3,498,249,1.0,1.0,0.1,32,32,1,1.0,2.4558550070427603,0.0,0.6233929988460308,22
4,3,500,250,1.0,1.0,0.1,32,32,1,1.0,2.484930458843283,0.0,0.653766421798887,22
5,4,2,1,1.0,1.0,0.1,32,32,1,1.0,1.060143007077429e-06,0.0,0.16585458055586585,3
5,4,4,2,1.0,1.0,0.1,32,32,1,1.0,0.00038236492113025535,0.0,0.31872840660477464,4
5,4,6,3,1.0,1.0,0.1,32,32,1,1.0,0.007778111116482021,0.0,0.23500193884874654,6
5,4,8,4,1.0,1.0,0.1,32,32,1,1.0,0.030286124750259248,0.0,0.22177047553327564,7
5,4,10,5,1.0,1.0,0.1,32,32,1,1.0,0.04111408201344515,0.0,0.22712720251418944,7
5,4,12,6,1.0,1.0,0.1,32,32,1,1.0,0.038819959198452686,0.0,0.23276387478582522,9
5,4,14,7,1.0,1.0,0.1,32,32,1,1.0,0.11442647909085019,0.0,0.2757156799020887,10
5,4,16,8,1.0,1.0,0.1,32,32,1,1.0,0.10475765969878915,0.0,0.14284407482735972,11
5,4,18,9,1.0,1.0,0.1,32,32,1,1.0,0.10699337815539404,0.0,0.17604127935179537,13
5,4,20,10,1.0,1.0,0.1,32,32,1,1.0,0.11692367969861271,0.0,0.19191855505783678,14
5,4,22,11,1.0,1.0,0.1,32,32,1,1.0,0.09730593736743288,0.0,0.21412459599555686,16
5,4,24,12,1.0,1.0,0.1,32,32,1,1.0,0.09289565954204773,0.0,0.24230422668366788,17
5,4,26,13,1.0,1.0,0.1,32,32,1,1.0,0.1020240337181215,0.0,0.22503914025162197,19
5,4,28,14,1.0,1.0,0.1,32,32,1,1.0,0.1752484745286617,0.0,0.15653724887528325,20
5,4,30,15,1.0,1.0,0.1,32,32,1,1.0,0.14148682960519504,0.0,0.1832870348108029,21
5,4,32,16,1.0,1.0,0.1,32,32,1,1.0,0.21268380030393147,0.0,0.21937689029003665,22
5,4,34,17,1.0,1.0,0.1,32,32,1,1.0,0.32312639446297653,0.0,0.24409635460098716,24
5,4,36,18,1.0,1.0,0.1,32,32,1,1.0,0.32924850773848574,0.0,0.22261008968614587,26
5,4,38,19,1.0,1.0,0.1,32,32,1,1.0,0.4157229862358236,0.0,0.21886886943611503,28
5,4,40,20,1.0,1.0,0.1,32,32,1,1.0,0.5306409882209849,0.0,0.2048393972972185,30
5,4,42,21,1.0,1.0,0.1,32,32,1,1.0,0.573236128625625,0.0,0.21176497198752506,30
5,4,44,22,1.0,1.0,0.1,32,32,1,1.0,0.6783490344415071,0.0,0.19199723549934533,31
5,4,46,23,1.0,1.0,0.1,32,32,1,1.0,0.6073302832126706,0.0,0.182173245976662,31
5,4,48,24,1.0,1.0,0.1,32,32,1,1.0,0.6434624146246738,0.0,0.21991031541447104,31
5,4,50,25,1.0,1.0,0.1,32,32,1,1.0,0.8361062093423358,0.0,0.14216307231793632,31
5,4,52,26,1.0,1.0,0.1,32,32,1,1.0,0.8719089113368592,0.0,0.19133589230162124,31
5,4,54,27,1.0,1.0,0.1,32,32,1,1.0,0.664812013706205,0.0,0.26895804680959273,31
5,4,56,28,1.0,1.0,0.1,32,32,1,1.0,0.8560594113429683,0.0,0.1733133054253441,31
5,4,58,29,1.0,1.0,0.1,32,32,1,1.0,0.8890847868788032,0.0,0.23779355628028237,31
5,4,60,30,1.0,1.0,0.1,32,32,1,1.0,0.8409304732280759,0.0,0.18862674353695302,31
5,4,62,31,1.0,1.0,0.1,32,32,1,1.0,1.1338456557352206,0.0,0.21013470680747587,31
5,4,64,32,1.0,1.0,0.1,32,32,1,1.0,0.9522394236633163,0.0,0.3220742636125436,31
5,4,66,33,1.0,1.0,0.1,32,32,1,1.0,1.0437784457337307,0.0,0.22450322087583285,31
5,4,68,34,1.0,1.0,0.1,32,32,1,1.0,1.0339161589176304,0.0,0.21507482739992367,31
5,4,70,35,1.0,1.0,0.1,32,32,1,1.0,1.2925616969375897,0.0,0.19832965496371174,31
5,4,72,36,1.0,1.0,0.1,32,32,1,1.0,1.0846211331983524,0.0,0.20695210286503188,31
5,4,74,37,1.0,1.0,0.1,32,32,1,1.0,1.057889908954607,0.0,0.297052685376897,31
5,4,76,38,1.0,1.0,0.1,32,32,1,1.0,1.5187691170481283,0.0,0.19673583809409986,31
5,4,78,39,1.0,1.0,0.1,32,32,1,1.0,1.4165268965141862,0.0,0.24138388915095407,31
5,4,80,40,1.0,1.0,0.1,32,32,1,1.0,1.2846561849225917,0.0,0.2548240351481338,31
5,4,82,41,1.0,1.0,0.1,32,32,1,1.0,1.417434257523173,0.0,0.24158163888715878,31
5,4,84,42,1.0,1.0,0.1,32,32,1,1.0,1.6628151762792802,0.0,0.25910314102897447,31
5,4,86,43,1.0,1.0,0.1,32,32,1,1.0,1.372115330118051,0.0,0.21449394342121764,31
5,4,88,44,1.0,1.0,0.1,32,32,1,1.0,1.423142170925645,0.0,0.333777451313901,31
5,4,90,45,1.0,1.0,0.1,32,32,1,1.0,1.3281445761812354,0.0,0.26213296491021815,31
5,4,92,46,1.0,1.0,0.1,32,32,1,1.0,1.5373780447207797,0.0,0.27743203561205454,31
5,4,94,47,1.0,1.0,0.1,32,32,1,1.0,1.366094296084754,0.0,0.2684131092812412,31
5,4,96,48,1.0,1.0,0.1,32,32,1,1.0,1.4279991173615647,0.0,0.32071444303145125,31
5,4,98,49,1.0,1.0,0.1,32,32,1,1.0,1.7756937245283684,0.0,0.25490063688037917,31
5,4,100,50,1.0,1.0,0.1,32,32,1,1.0,1.8454662566084112,0.0,0.2756519949584301,31
5,4,102,51,1.0,1.0,0.1,32,32,1,1.0,1.604708859471072,0.0,0.2825300161050467,31
5,4,104,52,1.0,1.0,0.1,32,32,1,1.0,1.4945805249052633,0.0,0.2871680897110863,31
5,4,106,53,1.0,1.0,0.1,32,32,1,1.0,1.7750283406687035,0.0,0.263163109088417,31
5,4,108,54,1.0,1.0,0.1,32,32,1,1.0,1.659854847890023,0.0,0.31630821244099444,31
5,4,110,55,1.0,1.0,0.1,32,32,1,1.0,1.715045669633015,0.0,0.26039476058433875,31
5,4,112,56,1.0,1.0,0.1,32,32,1,1.0,1.9381171297425737,0.0,0.32580554022362784,31
5,4,114,57,1.0,1.0,0.1,32,32,1,1.0,1.8342764729358663,0.0,0.29481725470999415,31
5,4,116,58,1.0,1.0,0.1,32,32,1,1.0,1.9542004888978475,0.0,0.20643685127094355,31
5,4,118,59,1.0,1.0,0.1,32,32,1,1.0,1.9734749762459658,0.0,0.29331466664044836,31
5,4,120,60,1.0,1.0,0.1,32,32,1,1.0,1.9059454685793344,0.0,0.34947371656910026,31
5,4,122,61,1.0,1.0,0.1,32,32,1,1.0,1.9931650306320063,0.0,0.3490957805091381,31
5,4,124,62,1.0,1.0,0.1,32,32,1,1.0,2.038567075352096,0.0,0.34170434236862596,31
5,4,126,63,1.0,1.0,0.1,32,32,1,1.0,1.8940629813479735,0.0,0.3324796224531776,31
5,4,128,64,1.0,1.0,0.1,32,32,1,1.0,1.9109369096962527,0.0,0.3952859395573281,31
5,4,130,65,1.0,1.0,0.1,32,32,1,1.0,2.0772754888022447,0.0,0.35719407381663,31
5,4,132,66,1.0,1.0,0.1,32,32,1,1.0,1.9335762651366661,0.0,0.37806761020247814,31
5,4,134,67,1.0,1.0,0.1,32,32,1,1.0,1.9156516205064975,0.0,0.3592256527248037,31
5,4,136,68,1.0,1.0,0.1,32,32,1,1.0,2.027591664039075,0.0,0.39825640454495614,31
5,4,138,69,1.0,1.0,0.1,32,32,1,1.0,1.9366100448697454,0.0,0.37288892367815507,31
5,4,140,70,1.0,1.0,0.1,32,32,1,1.0,2.1337397497856454,0.0,0.3323086061333544,31
5,4,142,71,1.0,1.0,0.1,32,32,1,1.0,2.086103553260133,0.0,0.38527178327549666,31
5,4,144,72,1.0,1.0,0.1,32,32,1,1.0,2.193252928103594,0.0,0.37148425684579384,31
5,4,146,73,1.0,1.0,0.1,32,32,1,1.0,2.0338435590794512,0.0,0.4375678661024647,31
5,4,148,74,1.0,1.0,0.1,32,32,1,1.0,2.1402462042037413,0.0,0.42493103340919136,31
5,4,150,75,1.0,1.0,0.1,32,32,1,1.0,2.0658010887229867,0.0,0.45134852136546,31
5,4,152,76,1.0,1.0,0.1,32,32,1,1.0,2.0467890258923536,0.0,0.4638411910621748,31
5,4,154,77,1.0,1.0,0.1,32,32,1,1.0,2.0278787995614485,0.0,0.4066281132143497,31
5,4,156,78,1.0,1.0,0.1,32,32,1,1.0,2.1570685612523866,0.0,0.5064821009811412,31
5,4,158,79,1.0,1.0,0.1,32,32,1,1.0,2.1672990515679693,0.0,0.37660337254017495,31
5,4,160,80,1.0,1.0,0.1,32,32,1,1.0,2.00084748502543,0.0,0.40669375524849094,31
5,4,162,81,1.0,1.0,0.1,32,32,1,1.0,2.0690440382241224,0.0,0.39461860654463204,31
5,4,164,82,1.0,1.0,0.1,32,32,1,1.0,2.1245257136842524,0.0,0.4653135244316464,31
5,4,166,83,1.0,1.0,0.1,32,32,1,1.0,2.2673211561418976,0.0,0.4276231022519671,31
5,4,168,84,1.0,1.0,0.1,32,32,1,1.0,2.179745543640314,0.0,0.5445009980084294,31
5,4,170,85,1.0,1.0,0.1,32,32,1,1.0,2.1322377941291273,0.0,0.40030954517924217,31
5,4,172,86,1.0,1.0,0.1,32,32,1,1.0,2.128477678256871,0.0,0.38896982777317424,31
5,4,174,87,1.0,1.0,0.1,32,32,1,1.0,2.140532104107929,0.0,0.47098131183455016,31
5,4,176,88,1.0,1.0,0.1,32,32,1,1.0,2.1168710961826647,0.0,0.47169297203379207,31
5,4,178,89,1.0,1.0,0.1,32,32,1,1.0,2.1149433597269285,0.0,0.5332560724640266,31
5,4,180,90,1.0,1.0,0.1,32,32,1,1.0,2.2423406870926,0.0,0.44378717965452485,31
5,4,182,91,1.0,1.0,0.1,32,32,1,1.0,2.290121477133584,0.0,0.544783171958068,31
5,4,184,92,1.0,1.0,0.1,32,32,1,1.0,2.290930181451846,0.0,0.5309406788153738,31
5,4,186,93,1.0,1.0,0.1,32,32,1,1.0,2.2842191241980476,0.0,0.5136431522404363,31
5,4,188,94,1.0,1.0,0.1,32,32,1,1.0,2.2318319055118985,0.0,0.4653002225502125,31
5,4,190,95,1.0,1.0,0.1,32,32,1,1.0,2.3217092338745613,0.0,0.46664260993642365,31
5,4,192,96,1.0,1.0,0.1,32,32,1,1.0,2.289646429647841,0.0,0.48889881433292176,31
5,4,194,97,1.0,1.0,0.1,32,32,1,1.0,2.3893652551426214,0.0,0.48193517564923755,31
5,4,196,98,1.0,1.0,0.1,32,32,1,1.0,2.3286829407901473,0.0,0.483281490519183,31
5,4,198,99,1.0,1.0,0.1,32,32,1,1.0,2.36441792581079,0.0,0.49204644857280666,31
5,4,200,100,1.0,1.0,0.1,32,32,1,1.0,2.2611343951215606,0.0,0.5349882280767889,31
5,4,202,101,1.0,1.0,0.1,32,32,1,1.0,2.307577058382059,0.0,0.507773791387502,31
5,4,204,102,1.0,1.0,0.1,32,32,1,1.0,2.326841982387151,0.0,0.5448177167565036,31
5,4,206,103,1.0,1.0,0.1,32,32,1,1.0,2.3851461023064573,0.0,0.46540558442351554,31
5,4,208,104,1.0,1.0,0.1,32,32,1,1.0,2.1849313184833945,0.0,0.5133360678258229,31
5,4,210,105,1.0,1.0,0.1,32,32,1,1.0,2.4084256993225313,0.0,0.4913539633942337,31
5,4,212,106,1.0,1.0,0.1,32,32,1,1.0,2.331973905156947,0.0,0.5060588832611526,31
5,4,214,107,1.0,1.0,0.1,32,32,1,1.0,2.2748097953825486,0.0,0.5259076510070168,31
5,4,216,108,1.0,1.0,0.1,32,32,1,1.0,2.392950516497229,0.0,0.4971277603811178,31
5,4,218,109,1.0,1.0,0.1,32,32,1,1.0,2.420772894391526,0.0,0.5098089576822594,31
5,4,220,110,1.0,1.0,0.1,32,32,1,1.0,2.396485781957194,0.0,0.5906240382523963,31
5,4,222,111,1.0,1.0,0.1,32,32,1,1.0,2.23099037867985,0.0,0.5360697668209761,31
5,4,224,112,1.0,1.0,0.1,32,32,1,1.0,2.537335471823732,0.0,0.5516786841833481,31
5,4,226,113,1.0,1.0,0.1,32,32,1,1.0,2.496675666585705,0.0,0.5201373115082705,31
5,4,228,114,1.0,1.0,0.1,32,32,1,1.0,2.3528640332613815,0.0,0.52204927107895,31
5,4,230,115,1.0,1.0,0.1,32,32,1,1.0,2.383998452811131,0.0,0.490771514231098,31
5,4,232,116,1.0,1.0,0.1,32,32,1,1.0,2.3653800004149095,0.0,0.6019885144146652,31
5,4,234,117,1.0,1.0,0.1,32,32,1,1.0,2.361919409615183,0.0,0.502132323312584,31
5,4,236,118,1.0,1.0,0.1,32,32,1,1.0,2.308149152812982,0.0,0.5532764509820275,31
5,4,238,119,1.0,1.0,0.1,32,32,1,1.0,2.25244719413341,0.0,0.567286316451226,31
5,4,240,120,1.0,1.0,0.1,32,32,1,1.0,2.512714870720979,0.0,0.5481687187465205,31
5,4,242,121,1.0,1.0,0.1,32,32,1,1.0,2.478067256379777,0.0,0.5217044504281886,31
5,4,244,122,1.0,1.0,0.1,32,32,1,1.0,2.492694913260774,0.0,0.5323280509071892,31
5,4,246,123,1.0,1.0,0.1,32,32,1,1.0,2.4984752172053533,0.0,0.4951152388510853,31
5,4,248,124,1.0,1.0,0.1,32,32,1,1.0,2.4881078454922663,0.0,0.5774545944040466,31
5,4,250,125,1.0,1.0,0.1,32,32,1,1.0,2.4207095716813223,0.0,0.5663547138740282,31
5,4,252,126,1.0,1.0,0.1,32,32,1,1.0,2.3050436937492695,0.0,0.4841442727784471,31
5,4,254,127,1.0,1.0,0.1,32,32,1,1.0,2.3957293597196916,0.0,0.5830970765492219,31
5,4,256,128,1.0,1.0,0.1,32,32,1,1.0,2.412859915256911,0.0,0.5712872636539865,31
5,4,258,129,1.0,1.0,0.1,32,32,1,1.0,2.43125080722339,0.0,0.5298520111067769,31
5,4,260,130,1.0,1.0,0.1,32,32,1,1.0,2.4995240545187176,0.0,0.5958840809991571,31
5,4,262,131,1.0,1.0,0.1,32,32,1,1.0,2.4420838883445932,0.0,0.5835178441671949,31
5,4,264,132,1.0,1.0,0.1,32,32,1,1.0,2.520506917608756,0.0,0.5541816240036783,31
5,4,266,133,1.0,1.0,0.1,32,32,1,1.0,2.518554155337293,0.0,0.5808593640797953,31
5,4,268,134,1.0,1.0,0.1,32,32,1,1.0,2.5287868743573796,0.0,0.5889132869978522,31
5,4,270,135,1.0,1.0,0.1,32,32,1,1.0,2.506032196186451,0.0,0.5701980684957071,31
5,4,272,136,1.0,1.0,0.1,32,32,1,1.0,2.3647085873103033,0.0,0.5255428185050165,31
5,4,274,137,1.0,1.0,0.1,32,32,1,1.0,2.4617174199016327,0.0,0.5635483204693168,31
5,4,276,138,1.0,1.0,0.1,32,32,1,1.0,2.482342675788041,0.0,0.5727377905230381,31
5,4,278,139,1.0,1.0,0.1,32,32,1,1.0,2.5075664204158206,0.0,0.5628153946232841,31
5,4,280,140,1.0,1.0,0.1,32,32,1,1.0,2.4673608429350704,0.0,0.5499533646926172,31
5,4,282,141,1.0,1.0,0.1,32,32,1,1.0,2.4826581170373587,0.0,0.672403272641664,31
5,4,284,142,1.0,1.0,0.1,32,32,1,1.0,2.5050237325124765,0.0,0.6249167216215353,31
5,4,286,143,1.0,1.0,0.1,32,32,1,1.0,2.424314134331427,0.0,0.4942370758942131,31
5,4,288,144,1.0,1.0,0.1,32,32,1,1.0,2.5459071960827795,0.0,0.6239545283332977,31
5,4,290,145,1.0,1.0,0.1,32,32,1,1.0,2.5027805180905616,0.0,0.5376920413956413,31
5,4,292,146,1.0,1.0,0.1,32,32,1,1.0,2.4305206377200643,0.0,0.589956851699539,31
5,4,294,147,1.0,1.0,0.1,32,32,1,1.0,2.2520553088258835,0.0,0.6286115157389737,31
5,4,296,148,1.0,1.0,0.1,32,32,1,1.0,2.416678558137602,0.0,0.6448375996567888,31
5,4,298,149,1.0,1.0,0.1,32,32,1,1.0,2.4627713798371915,0.0,0.6513712842205717,31
5,4,300,150,1.0,1.0,0.1,32,32,1,1.0,2.4142665892893556,0.0,0.5994534006797152,31
5,4,302,151,1.0,1.0,0.1,32,32,1,1.0,2.5323309819126223,0.0,0.5948222134274096,31
5,4,304,152,1.0,1.0,0.1,32,32,1,1.0,2.5137795267255805,0.0,0.500290360750481,31
5,4,306,153,1.0,1.0,0.1,32,32,1,1.0,2.420676179546726,0.0,0.684622380715685,31
5,4,308,154,1.0,1.0,0.1,32,32,1,1.0,2.5587306917114208,0.0,0.5492485955563473,31
5,4,310,155,1.0,1.0,0.1,32,32,1,1.0,2.5675583592578475,0.0,0.5360820160381972,31
5,4,312,156,1.0,1.0,0.1,32,32,1,1.0,2.571067433849913,0.0,0.6446074331069482,31
5,4,314,157,1.0,1.0,0.1,32,32,1,1.0,2.5292528677121835,0.0,0.6216342559375316,31
5,4,316,158,1.0,1.0,0.1,32,32,1,1.0,2.3947529153485245,0.0,0.6556347784641977,31
5,4,318,159,1.0,1.0,0.1,32,32,1,1.0,2.51268632042358,0.0,0.681739479916453,31
5,4,320,160,1.0,1.0,0.1,32,32,1,1.0,2.5863702647841613,0.0,0.596565595410087,31
5,4,322,161,1.0,1.0,0.1,32,32,1,1.0,2.5619412749653403,0.0,0.6341672026276858,31
5,4,324,162,1.0,1.0,0.1,32,32,1,1.0,2.5466722403958335,0.0,0.6875843902184366,31
5,4,326,163,1.0,1.0,0.1,32,32,1,1.0,2.504575180811774,0.0,0.6487017150436024,31
5,4,328,164,1.0,1.0,0.1,32,32,1,1.0,2.4963304411683613,0.0,0.7049285309056696,31
5,4,330,165,1.0,1.0,0.1,32,32,1,1.0,2.601819612383814,0.0,0.5581672729590089,31
5,4,332,166,1.0,1.0,0.1,32,32,1,1.0,2.5500233806359103,0.0,0.6645917060495299,31
5,4,334,167,1.0,1.0,0.1,32,32,1,1.0,2.4679389439640347,0.0,0.5462044249003163,31
5,4,336,168,1.0,1.0,0.1,32,32,1,1.0,2.4956787335665376,0.0,0.6336312741352406,31
5,4,338,169,1.0,1.0,0.1,32,32,1,1.0,2.568151774326037,0.0,0.7248206415692294,31
5,4,340,170,1.0,1.0,0.1,32,32,1,1.0,2.490047900920247,0.0,0.7162709909542646,31
5,4,342,171,1.0,1.0,0.1,32,32,1,1.0,2.6026628267555467,0.0,0.6128294651371036,31
5,4,344,172,1.0,1.0,0.1,32,32,1,1.0,2.5890820022909184,0.0,0.6466632502221479,31
5,4,346,173,1.0,1.0,0.1,32,32,1,1.0,2.5472550005544012,0.0,0.6109767544462852,31
5,4,348,174,1.0,1.0,0.1,32,32,1,1.0,2.6045980132785553,0.0,0.6659116413164016,31
5,4,350,175,1.0,1.0,0.1,32,32,1,1.0,2.4937650066071524,0.0,0.6378020236455827,31
5,4,352,176,1.0,1.0,0.1,32,32,1,1.0,2.5679218732995253,0.0,0.6311656245787333,31
5,4,354,177,1.0,1.0,0.1,32,32,1,1.0,2.4957898378999688,0.0,0.639021625356278,31
5,4,356,178,1.0,1.0,0.1,32,32,1,1.0,2.4812254513752023,0.0,0.6967096278760538,31
5,4,358,179,1.0,1.0,0.1,32,32,1,1.0,2.563476531566952,0.0,0.6139168844679034,31
5,4,360,180,1.0,1.0,0.1,32,32,1,1.0,2.6107605692419584,0.0,0.6215453784648458,31
5,4,362,181,1.0,1.0,0.1,32,32,1,1.0,2.599717139077082,0.0,0.5793051166627567,31
5,4,364,182,1.0,1.0,0.1,32,32,1,1.0,2.6157996563070878,0.0,0.5619952812562855,31
5,4,366,183,1.0,1.0,0.1,32,32,1,1.0,2.594039663396077,0.0,0.6418191189600665,31
5,4,368,184,1.0,1.0,0.1,32,32,1,1.0,2.602094745416823,0.0,0.6889489396458377,31
5,4,370,185,1.0,1.0,0.1,32,32,1,1.0,2.5372608174045492,0.0,0.6723372901993496,31
5,4,372,186,1.0,1.0,0.1,32,32,1,1.0,2.5479759703303726,0.0,0.7418607584237747,31
5,4,374,187,1.0,1.0,0.1,32,32,1,1.0,2.6805488851445998,0.0,0.6330292921414641,31
5,4,376,188,1.0,1.0,0.1,32,32,1,1.0,2.4888345372397445,0.0,0.6396924954496178,31
5,4,378,189,1.0,1.0,0.1,32,32,1,1.0,2.585875373714577,0.0,0.7069778420403865,31
5,4,380,190,1.0,1.0,0.1,32,32,1,1.0,2.6661661198272197,0.0,0.6127572636932017,31
5,4,382,191,1.0,1.0,0.1,32,32,1,1.0,2.517004012994012,0.0,0.7328415136565041,31
5,4,384,192,1.0,1.0,0.1,32,32,1,1.0,2.490213256740789,0.0,0.6458215247268463,31
5,4,386,193,1.0,1.0,0.1,32,32,1,1.0,2.6171128477293886,0.0,0.6465163903262314,31
5,4,388,194,1.0,1.0,0.1,32,32,1,1.0,2.6541400220423035,0.0,0.6232442847330819,31
5,4,390,195,1.0,1.0,0.1,32,32,1,1.0,2.6853810658013035,0.0,0.6487018674226686,31
5,4,392,196,1.0,1.0,0.1,32,32,1,1.0,2.592086185315573,0.0,0.7365727344773338,31
5,4,394,197,1.0,1.0,0.1,32,32,1,1.0,2.6206223374487267,0.0,0.7019825091948477,31
5,4,396,198,1.0,1.0,0.1,32,32,1,1.0,2.5461949859903212,0.0,0.6411077965080721,31
5,4,398,199,1.0,1.0,0.1,32,32,1,1.0,2.606033415738389,0.0,0.6939886111092243,31
5,4,400,200,1.0,1.0,0.1,32,32,1,1.0,2.601060223480538,0.0,0.5590674758214411,31
5,4,402,201,1.0,1.0,0.1,32,32,1,1.0,2.4561697061435477,0.0,0.638219866441403,31
5,4,404,202,1.0,1.0,0.1,32,32,1,1.0,2.507031260709088,0.0,0.6645265446570313,31
5,4,406,203,1.0,1.0,0.1,32,32,1,1.0,2.6840935014909535,0.0,0.6580959921340215,31
5,4,408,204,1.0,1.0,0.1,32,32,1,1.0,2.5858959067317344,0.0,0.7678430199435048,31
5,4,410,205,1.0,1.0,0.1,32,32,1,1.0,2.5489380627686455,0.0,0.6877552477402387,31
5,4,412,206,1.0,1.0,0.1,32,32,1,1.0,2.636192372720854,0.0,0.6365594942924039,31
5,4,414,207,1.0,1.0,0.1,32,32,1,1.0,2.6419570111595485,0.0,0.5475905065715349,31
5,4,416,208,1.0,1.0,0.1,32,32,1,1.0,2.6780426027056574,0.0,0.7596361830516187,31
5,4,418,209,1.0,1.0,0.1,32,32,1,1.0,2.6345686879029437,0.0,0.645051637350468,31
5,4,420,210,1.0,1.0,0.1,32,32,1,1.0,2.67159791866913,0.0,0.6973406732910798,31
5,4,422,211,1.0,1.0,0.1,32,32,1,1.0,2.6041893302708803,0.0,0.693069136733528,31
5,4,424,212,1.0,1.0,0.1,32,32,1,1.0,2.629103751723284,0.0,0.6428915654136308,31
5,4,426,213,1.0,1.0,0.1,32,32,1,1.0,2.5865579224436464,0.0,0.7246800334897596,31
5,4,428,214,1.0,1.0,0.1,32,32,1,1.0,2.5730540707564717,0.0,0.6385444697142332,31
5,4,430,215,1.0,1.0,0.1,32,32,1,1.0,2.577064445590761,0.0,0.7326746105109785,31
5,4,432,216,1.0,1.0,0.1,32,32,1,1.0,2.6422169316151343,0.0,0.637464342459125,31
5,4,434,217,1.0,1.0,0.1,32,32,1,1.0,2.5539229743459755,0.0,0.6818041422769714,31
5,4,436,218,1.0,1.0,0.1,32,32,1,1.0,2.557906075150735,0.0,0.7231620206624987,31
5,4,438,219,1.0,1.0,0.1,32,32,1,1.0,2.5893088815788,0.0,0.7035229160387783,31
5,4,440,220,1.0,1.0,0.1,32,32,1,1.0,2.635008924412088,0.0,0.6638415874806557,31
5,4,442,221,1.0,1.0,0.1,32,32,1,1.0,2.59119854733496,0.0,0.6957930827824946,31
5,4,444,222,1.0,1.0,0.1,32,32,1,1.0,2.6481729030342502,0.0,0.7672283821693991,31
5,4,446,223,1.0,1.0,0.1,32,32,1,1.0,2.6343045647928394,0.0,0.6454568822360675,31
5,4,448,224,1.0,1.0,0.1,32,32,1,1.0,2.6255161840480734,0.0,0.5871799169626145,31
5,4,450,225,1.0,1.0,0.1,32,32,1,1.0,2.6838199116376154,0.0,0.7152110424226242,31
5,4,452,226,1.0,1.0,0.1,32,32,1,1.0,2.6719803873412578,0.0,0.7381973807874643,31
5,4,454,227,1.0,1.0,0.1,32,32,1,1.0,2.692141091588676,0.0,0.6733823327836175,31
5,4,456,228,1.0,1.0,0.1,32,32,1,1.0,2.704053573519999,0.0,0.6442760888503616,31
5,4,458,229,1.0,1.0,0.1,32,32,1,1.0,2.6199424471207013,0.0,0.7138983017516521,31
5,4,460,230,1.0,1.0,0.1,32,32,1,1.0,2.672773337151832,0.0,0.6355381878079915,31
5,4,462,231,1.0,1.0,0.1,32,32,1,1.0,2.722242135158714,0.0,0.616788043067925,31
5,4,464,232,1.0,1.0,0.1,32,32,1,1.0,2.6459609267963877,0.0,0.6997400568525467,31
5,4,466,233,1.0,1.0,0.1,32,32,1,1.0,2.669120493211446,0.0,0.7695633516701883,31
5,4,468,234,1.0,1.0,0.1,32,32,1,1.0,2.675979510153282,0.0,0.7769856572841919,31
5,4,470,235,1.0,1.0,0.1,32,32,1,1.0,2.6339898104433384,0.0,0.6774571687375738,31
5,4,472,236,1.0,1.0,0.1,32,32,1,1.0,2.662097714961362,0.0,0.7012736148200918,31
5,4,474,237,1.0,1.0,0.1,32,32,1,1.0,2.615181227526176,0.0,0.7077232793041859,31
5,4,476,238,1.0,1.0,0.1,32,32,1,1.0,2.6081841603471894,0.0,0.7385427938793111,31
5,4,478,239,1.0,1.0,0.1,32,32,1,1.0,2.6849998582657686,0.0,0.6789078353352761,31
5,4,480,240,1.0,1.0,0.1,32,32,1,1.0,2.632724049987076,0.0,0.6971457236325735,31
5,4,482,241,1.0,1.0,0.1,32,32,1,1.0,2.6792052370640747,0.0,0.7391471424169715,31
5,4,484,242,1.0,1.0,0.1,32,32,1,1.0,2.631401990946981,0.0,0.7166233398407243,31
5,4,486,243,1.0,1.0,0.1,32,32,1,1.0,2.6411827235057603,0.0,0.7421238062079738,31
5,4,488,244,1.0,1.0,0.1,32,32,1,1.0,2.5621313917983373,0.0,0.7136440347258177,31
5,4,490,245,1.0,1.0,0.1,32,32,1,1.0,2.6320635343654466,0.0,0.6846578479394859,31
5,4,492,246,1.0,1.0,0.1,32,32,1,1.0,2.587169435383009,0.0,0.69804428202498,31
5,4,494,247,1.0,1.0,0.1,32,32,1,1.0,2.611870869464568,0.0,0.6705926209401625,31
5,4,496,248,1.0,1.0,0.1,32,32,1,1.0,2.709767629315017,0.0,0.6571296392412849,31
5,4,498,249,1.0,1.0,0.1,32,32,1,1.0,2.71510909544586,0.0,0.653529546585819,31
5,4,500,250,1.0,1.0,0.1,32,32,1,1.0,2.6462230816689276,0.0,0.7112207520340583,31
