variant,k,N,seed,err_dense_U,err_mpo_U,err_dense_pred,err_mpo_pred,ess,ess_over_N,log_weight_var,max_weight,weight_signal_corr,prefactor_dense_pred,prefactor_mpo_pred
mc,1,8,13425,1.7297254251681073,1.7297254251681053,1.1800572898710624,1.1800572898710606,nan,nan,nan,nan,nan,3.3377060474257907,3.337706047425786
mc,1,8,13426,1.6904454265681035,1.690445426568101,1.0012847806586564,1.0012847806586567,nan,nan,nan,nan,nan,2.8320610332104836,2.832061033210484
mc,1,8,13427,1.835719588612207,1.8357195886122022,0.3053624817601446,0.30536248176014463,nan,nan,nan,nan,nan,0.8636955262902067,0.8636955262902068
mc,1,16,13505,1.1280323522080882,1.1280323522080873,0.6120097194096996,0.6120097194096995,nan,nan,nan,nan,nan,2.4480388776387985,2.448038877638798
mc,1,16,13506,1.241458737604681,1.24145873760468,0.804586903978115,0.8045869039781153,nan,nan,nan,nan,nan,3.21834761591246,3.218347615912461
mc,1,16,13507,1.4695013457281432,1.4695013457281454,0.9648178778995316,0.964817877899533,nan,nan,nan,nan,nan,3.859271511598126,3.859271511598132
mc,1,32,13665,0.7670706604747931,0.7670706604747933,0.21036222801524035,0.21036222801524024,nan,nan,nan,nan,nan,1.1899884634806974,1.1899884634806968
mc,1,32,13666,0.8106187470672582,0.8106187470672573,0.7245253727176747,0.724525372717672,nan,nan,nan,nan,nan,4.098534433523029,4.098534433523014
mc,1,32,13667,1.3777590631873848,1.3777590631873842,0.7462417194605926,0.74624171946061,nan,nan,nan,nan,nan,4.221380641879154,4.221380641879253
mc,1,64,13985,0.742071165806861,0.7420711658068624,0.39627983424691826,0.39627983424691904,nan,nan,nan,nan,nan,3.170238673975346,3.1702386739753523
mc,1,64,13986,0.6100748986937462,0.6100748986937464,0.27078241598925085,0.2707824159892509,nan,nan,nan,nan,nan,2.1662593279140068,2.166259327914007
mc,1,64,13987,0.7680068044635324,0.7680068044635312,0.2870870084569429,0.2870870084569428,nan,nan,nan,nan,nan,2.2966960676555432,2.2966960676555424
mc,1,128,14625,0.5313573544310034,0.5313573544310031,0.1799982563545386,0.1799982563545374,nan,nan,nan,nan,nan,2.036447802720781,2.0364478027207675
mc,1,128,14626,0.6206899611640518,0.6206899611640508,0.19521256889413485,0.19521256889413546,nan,nan,nan,nan,nan,2.2085780998062217,2.2085780998062288
mc,1,128,14627,0.5669036803200944,0.5669036803200944,0.23190471865711607,0.231904718657118,nan,nan,nan,nan,nan,2.623702386425684,2.623702386425706
mc,1,256,15905,0.33140518278687536,0.33140518278687703,0.08054154947768469,0.08054154947768649,nan,nan,nan,nan,nan,1.288664791642955,1.2886647916429839
mc,1,256,15906,0.33518060463095345,0.33518060463095267,0.15448519974337058,0.1544851997433685,nan,nan,nan,nan,nan,2.4717631958939292,2.471763195893896
mc,1,256,15907,0.3050279214660787,0.30502792146607816,0.2639043228617208,0.26390432286172044,nan,nan,nan,nan,nan,4.222469165787532,4.222469165787527
mc,1,512,18465,0.16483770701609143,0.16483770701609082,0.07222820428528429,0.07222820428528373,nan,nan,nan,nan,nan,1.6343376973776567,1.6343376973776442
mc,1,512,18466,0.2891171902844966,0.2891171902844957,0.07131305247327499,0.07131305247327543,nan,nan,nan,nan,nan,1.613630175710875,1.613630175710885
mc,1,512,18467,0.2340599223530728,0.2340599223530721,0.16715159956727388,0.16715159956727305,nan,nan,nan,nan,nan,3.782208945286328,3.782208945286309
mc,1,1024,23585,0.22795151364584673,0.2279515136458476,0.06119183017378689,0.06119183017378608,nan,nan,nan,nan,nan,1.9581385655611805,1.9581385655611545
mc,1,1024,23586,0.1525145037260735,0.1525145037260758,0.06790668612758494,0.06790668612758481,nan,nan,nan,nan,nan,2.173013956082718,2.173013956082714
mc,1,1024,23587,0.18538185144576072,0.18538185144575975,0.0915864401448692,0.0915864401448665,nan,nan,nan,nan,nan,2.9307660846358146,2.930766084635728
sis_mixture_base,1,8,13425,1.5095062910755443,1.509506291075545,1.3741049026391579,1.3741049026391567,7.839479616902451,0.9799349521128063,0.015517669297533551,0.1723238979489745,0.4297247575065627,3.886555578871317,3.886555578871314
sis_mixture_base,1,8,13426,2.1802251576960407,2.180225157696043,0.4957110270228018,0.4957110270228021,7.874353527236528,0.984294190904566,0.012440720447997046,0.16677598794510012,0.22001874837626512,1.4020825148670844,1.4020825148670852
sis_mixture_base,1,8,13427,1.3584043679700863,1.3584043679700875,0.6082511704123108,0.6082511704123116,7.9999999999999964,0.9999999999999996,0.0,0.12500000000000003,nan,1.7203941090527972,1.7203941090527994
sis_mixture_base,1,16,13505,1.361261521831158,1.361261521831159,0.7321817961253245,0.7321817961253257,15.58353798555264,0.97397112409704,0.01668528340458583,0.10207129951414051,-0.12545975088495653,2.928727184501298,2.928727184501303
sis_mixture_base,1,16,13506,1.3637903759049799,1.3637903759049803,0.601661582283106,0.6016615822831064,15.02120084715894,0.9388250529474338,1.2087058990242578,0.0666193515212638,0.1765267757246929,2.406646329132424,2.4066463291324256
sis_mixture_base,1,16,13507,0.9218679848095045,0.9218679848095035,0.734954827230781,0.7349548272307808,16.0,1.0,0.0,0.0625,nan,2.939819308923124,2.939819308923123
sis_mixture_base,1,32,13665,1.074472615089256,1.074472615089257,0.2634989502687953,0.26349895026879533,30.232742651419162,0.9447732078568488,0.05994416092889256,0.0574712444796421,-0.29352238760328003,1.490575156564816,1.4905751565648162
sis_mixture_base,1,32,13666,0.8197559864757319,0.8197559864757312,0.6149445563917644,0.6149445563917644,30.410842880387644,0.9503388400121139,0.07179539843379984,0.051815579386416934,0.2835943385777681,3.4786517270269592,3.4786517270269592
sis_mixture_base,1,32,13667,0.8869420647527139,0.8869420647527126,0.4098604090980502,0.4098604090980502,30.501987837275564,0.9531871199148614,0.06020279746896702,0.05388531781541843,0.013319413047337235,2.318520596904991,2.318520596904991
sis_mixture_base,1,64,13985,0.5675400893765284,0.5675400893765282,0.20795089719310775,0.20795089719310744,61.81793679416099,0.9659052624087655,0.11385724714646062,0.026871085092788464,-0.10782297827439187,1.663607177544862,1.6636071775448595
sis_mixture_base,1,64,13986,0.6596531454667816,0.6596531454667819,0.6724356119096468,0.6724356119096467,61.476110439580076,0.9605642256184387,0.3776882686941046,0.02547103467222487,-0.06201403146142792,5.379484895277175,5.379484895277174
sis_mixture_base,1,64,13987,0.554831741991305,0.5548317419913044,0.14959352237237908,0.14959352237237886,63.513693097448915,0.9924014546476393,0.0044600386226326194,0.02647705121291342,-0.025197897269976646,1.1967481789790326,1.1967481789790309
sis_mixture_base,1,128,14625,0.4444632586031331,0.4444632586031332,0.13065919071825557,0.13065919071825513,119.76692244062887,0.9356790815674131,0.18821590145333283,0.01575323699767346,0.07801293602676597,1.478239996499599,1.4782399964995938
sis_mixture_base,1,128,14626,0.4050117297298163,0.40501172972981636,0.37882147351002327,0.37882147351002277,122.82705236895598,0.9595863466324686,0.18434368146696412,0.01505143218304402,-0.18723941318989143,4.285875724448281,4.2858757244482755
sis_mixture_base,1,128,14627,0.4828082792557214,0.4828082792557201,0.15403542984796553,0.1540354298479635,124.81796193422903,0.9751403276111643,0.06351463159293816,0.014605476369618347,-0.03194654989365174,1.7427119518156986,1.7427119518156757
sis_mixture_base,1,256,15905,0.2848418903283359,0.28484189032833535,0.11479815226475121,0.11479815226475132,246.87567756107111,0.964358115472934,0.04698941307510618,0.007425104600170768,0.009990738085915277,1.8367704362360193,1.836770436236021
sis_mixture_base,1,256,15906,0.3282473386681237,0.3282473386681226,0.20403710452945809,0.20403710452945792,244.65634390323385,0.9556888433720072,0.16771704200166665,0.007823509085176842,0.08910000182198022,3.2645936724713294,3.2645936724713267
sis_mixture_base,1,256,15907,0.30085410312647853,0.3008541031264798,0.10929096838684522,0.10929096838684522,250.0784829660161,0.9768690740860004,0.050525933479151026,0.007602105889109775,0.044439063709717216,1.7486554941895236,1.7486554941895236
sis_mixture_base,1,512,18465,0.23017888471227912,0.2301788847122791,0.06725198201715267,0.06725198201715163,495.22620738503036,0.9672386862988874,0.13355831900397927,0.0037586237356512725,-0.03584699415280839,1.521738641042061,1.5217386410420375
sis_mixture_base,1,512,18466,0.24474806898457743,0.24474806898457802,0.1488006979154355,0.14880069791543632,497.97167587694395,0.9726009294471561,0.0879308201059502,0.0034935943512139486,0.019341342222271747,3.366975441321453,3.366975441321472
sis_mixture_base,1,512,18467,0.21934210078450936,0.2193421007845091,0.03846533587882125,0.038465335878822546,493.939480665898,0.964725548175582,0.33785701305297366,0.0038191113821619423,0.13113237141929304,0.8703711948970468,0.8703711948970763
sis_mixture_base,1,1024,23585,0.19474819633872556,0.19474819633872514,0.05818474580163766,0.05818474580163584,986.0627961385825,0.9629519493540845,0.09782561901556328,0.001956327680126898,0.01092366905494563,1.8619118656524052,1.8619118656523468
sis_mixture_base,1,1024,23586,0.1698148902731524,0.16981489027315322,0.0442556333271225,0.044255633327128195,987.9571745464037,0.9648019282679724,0.08817549852590156,0.0019275468476795002,0.05036141062010299,1.41618026646792,1.4161802664681022
sis_mixture_base,1,1024,23587,0.1496696233640323,0.14966962336403172,0.09474566092256355,0.09474566092256523,988.0866888157694,0.9649284070466498,0.08418368980934124,0.0019349122180490341,-0.011641620602987025,3.0318611495220336,3.0318611495220873
basis_sample,1,8,13425,1.4577389012043775,1.457738901204379,0.6321261734932275,0.6321261734932284,nan,nan,nan,nan,nan,1.7879228153702609,1.7879228153702635
basis_sample,1,8,13426,1.5811398406638417,1.5811398406638422,0.27502173951934256,0.2750217395193414,nan,nan,nan,nan,nan,0.7778789479513898,0.7778789479513865
basis_sample,1,8,13427,1.3693070961987979,1.3693070961987992,0.6183515820643075,0.6183515820643075,nan,nan,nan,nan,nan,1.7489623873404072,1.7489623873404072
basis_sample,1,16,13505,0.0,9.348075852112553e-16,0.0,3.4416913763379854e-16,nan,nan,nan,nan,nan,0.0,1.3766765505351941e-15
basis_sample,1,16,13506,0.0,9.348075852112553e-16,0.0,3.4416913763379854e-16,nan,nan,nan,nan,nan,0.0,1.3766765505351941e-15
basis_sample,1,16,13507,0.0,9.348075852112553e-16,0.0,3.4416913763379854e-16,nan,nan,nan,nan,nan,0.0,1.3766765505351941e-15
basis_sample,1,32,13665,0.0,9.348075852112553e-16,0.0,3.4416913763379854e-16,nan,nan,nan,nan,nan,0.0,1.946914648767881e-15
basis_sample,1,32,13666,0.0,9.348075852112553e-16,0.0,3.4416913763379854e-16,nan,nan,nan,nan,nan,0.0,1.946914648767881e-15
basis_sample,1,32,13667,0.0,9.348075852112553e-16,0.0,3.4416913763379854e-16,nan,nan,nan,nan,nan,0.0,1.946914648767881e-15
basis_sample,1,64,13985,0.0,9.348075852112553e-16,0.0,3.4416913763379854e-16,nan,nan,nan,nan,nan,0.0,2.7533531010703883e-15
basis_sample,1,64,13986,0.0,9.348075852112553e-16,0.0,3.4416913763379854e-16,nan,nan,nan,nan,nan,0.0,2.7533531010703883e-15
basis_sample,1,64,13987,0.0,9.348075852112553e-16,0.0,3.4416913763379854e-16,nan,nan,nan,nan,nan,0.0,2.7533531010703883e-15
basis_sample,1,128,14625,0.0,9.348075852112553e-16,0.0,3.4416913763379854e-16,nan,nan,nan,nan,nan,0.0,3.893829297535762e-15
basis_sample,1,128,14626,0.0,9.348075852112553e-16,0.0,3.4416913763379854e-16,nan,nan,nan,nan,nan,0.0,3.893829297535762e-15
basis_sample,1,128,14627,0.0,9.348075852112553e-16,0.0,3.4416913763379854e-16,nan,nan,nan,nan,nan,0.0,3.893829297535762e-15
basis_sample,1,256,15905,0.0,9.348075852112553e-16,0.0,3.4416913763379854e-16,nan,nan,nan,nan,nan,0.0,5.5067062021407766e-15
basis_sample,1,256,15906,0.0,9.348075852112553e-16,0.0,3.4416913763379854e-16,nan,nan,nan,nan,nan,0.0,5.5067062021407766e-15
basis_sample,1,256,15907,0.0,9.348075852112553e-16,0.0,3.4416913763379854e-16,nan,nan,nan,nan,nan,0.0,5.5067062021407766e-15
basis_sample,1,512,18465,0.0,9.348075852112553e-16,0.0,3.4416913763379854e-16,nan,nan,nan,nan,nan,0.0,7.787658595071525e-15
basis_sample,1,512,18466,0.0,9.348075852112553e-16,0.0,3.4416913763379854e-16,nan,nan,nan,nan,nan,0.0,7.787658595071525e-15
basis_sample,1,512,18467,0.0,9.348075852112553e-16,0.0,3.4416913763379854e-16,nan,nan,nan,nan,nan,0.0,7.787658595071525e-15
basis_sample,1,1024,23585,0.0,9.348075852112553e-16,0.0,3.4416913763379854e-16,nan,nan,nan,nan,nan,0.0,1.1013412404281553e-14
basis_sample,1,1024,23586,0.0,9.348075852112553e-16,0.0,3.4416913763379854e-16,nan,nan,nan,nan,nan,0.0,1.1013412404281553e-14
basis_sample,1,1024,23587,0.0,9.348075852112553e-16,0.0,3.4416913763379854e-16,nan,nan,nan,nan,nan,0.0,1.1013412404281553e-14
mc,2,8,14425,7.8077778618099005,7.807777861809904,3.355372960393344,3.3553729603933293,nan,nan,nan,nan,nan,9.490427894816458,9.490427894816417
mc,2,8,14426,6.54943189521439,6.549431895214389,4.234198128721329,4.234198128721321,nan,nan,nan,nan,nan,11.976120838824967,11.976120838824945
mc,2,8,14427,11.97637739151325,11.976377391513198,1.8195016216608066,1.8195016216608018,nan,nan,nan,nan,nan,5.1463277402251055,5.146327740225092
mc,2,16,14505,11.130579203714598,11.130579203714579,4.047249041677214,4.047249041677186,nan,nan,nan,nan,nan,16.188996166708858,16.188996166708744
mc,2,16,14506,9.205093942251434,9.205093942251452,2.6355634727006305,2.635563472700629,nan,nan,nan,nan,nan,10.542253890802522,10.542253890802517
mc,2,16,14507,4.8232158920405,4.823215892040495,3.1918321006217942,3.191832100621791,nan,nan,nan,nan,nan,12.767328402487177,12.767328402487164
mc,2,32,14665,5.99995058610421,5.99995058610421,3.298333822079717,3.2983338220797114,nan,nan,nan,nan,nan,18.658193697676094,18.65819369767606
mc,2,32,14666,6.319401330868478,6.319401330868486,3.188598901813742,3.1885989018137564,nan,nan,nan,nan,nan,18.037439247651804,18.037439247651886
mc,2,32,14667,6.097330061482125,6.097330061482116,2.725297361816659,2.7252973618166587,nan,nan,nan,nan,nan,15.416609962322942,15.416609962322939
mc,2,64,14985,4.03798769649459,4.03798769649459,1.2293727794384084,1.2293727794384082,nan,nan,nan,nan,nan,9.834982235507267,9.834982235507265
mc,2,64,14986,4.807920281777786,4.807920281777785,2.033529419961078,2.033529419961085,nan,nan,nan,nan,nan,16.268235359688624,16.26823535968868
mc,2,64,14987,3.611231171828492,3.611231171828487,2.234937656899538,2.2349376568995347,nan,nan,nan,nan,nan,17.879501255196303,17.879501255196278
mc,2,128,15625,2.7662909301709595,2.7662909301709533,1.604607084960774,1.6046070849607783,nan,nan,nan,nan,nan,18.154056814651874,18.15405681465192
mc,2,128,15626,3.2141629522476975,3.214162952247701,0.851562092794321,0.8515620927943163,nan,nan,nan,nan,nan,9.63432528666036,9.634325286660307
mc,2,128,15627,3.026153679484296,3.026153679484287,1.064814982632337,1.0648149826323319,nan,nan,nan,nan,nan,12.047006318853782,12.047006318853724
mc,2,256,16905,1.9437485291435324,1.9437485291435315,0.9597579557658646,0.9597579557658694,nan,nan,nan,nan,nan,15.356127292253834,15.35612729225391
mc,2,256,16906,2.0474908793835644,2.0474908793835613,0.6629269598522274,0.6629269598522228,nan,nan,nan,nan,nan,10.606831357635638,10.606831357635565
mc,2,256,16907,1.9885730783792441,1.9885730783792506,0.6558664030873572,0.6558664030873589,nan,nan,nan,nan,nan,10.493862449397716,10.493862449397742
mc,2,512,19465,1.4389928126795568,1.4389928126795584,0.3522191531648402,0.3522191531648494,nan,nan,nan,nan,nan,7.969809653332536,7.969809653332744
mc,2,512,19466,1.4664823253190782,1.466482325319084,0.8905275147223491,0.8905275147223584,nan,nan,nan,nan,nan,20.150337423788038,20.150337423788244
mc,2,512,19467,1.3716348364619504,1.3716348364619515,0.8359961525805307,0.8359961525805325,nan,nan,nan,nan,nan,18.916433553137825,18.916433553137864
mc,2,1024,24585,0.9885854790308235,0.9885854790308288,0.5082095353219693,0.5082095353219656,nan,nan,nan,nan,nan,16.26270513030302,16.262705130302898
mc,2,1024,24586,0.9400027305620416,0.9400027305620401,0.33927340682902235,0.3392734068290232,nan,nan,nan,nan,nan,10.856749018528715,10.856749018528742
mc,2,1024,24587,0.9887862507392471,0.9887862507392512,0.48491752837009344,0.48491752837009655,nan,nan,nan,nan,nan,15.51736090784299,15.51736090784309
sis_mixture_base,2,8,14425,9.659991137187914,9.65999113718791,4.434415930944077,4.434415930944074,7.854701122109725,0.9818376402637157,0.014186456628945052,0.16998060898496387,0.4072948617882104,12.542422301488855,12.542422301488848
sis_mixture_base,2,8,14426,8.706335741844486,8.706335741844473,3.885423382612854,3.885423382612852,7.893899312343136,0.986737414042892,0.01831678290631876,0.13047739802689773,-0.043538752260072436,10.989636886505291,10.989636886505286
sis_mixture_base,2,8,14427,9.08873600428062,9.088736004280632,3.9136074273646906,3.913607427364691,8.000000000000002,1.0000000000000002,3.697785493223493e-32,0.12500000000000003,0.3117457629185451,11.069353403166447,11.069353403166447
sis_mixture_base,2,16,14505,6.660309225796135,6.660309225796155,3.5658409713803954,3.5658409713804162,15.466177268119521,0.9666360792574701,0.07345413788382134,0.06666272748248278,-0.22589267715422104,14.263363885521581,14.263363885521665
sis_mixture_base,2,16,14506,7.1548698660482755,7.1548698660482835,2.5153775757245485,2.5153775757245436,15.0315741135553,0.9394733820972062,0.045051972800626,0.10767171496775726,-0.24535940348724997,10.061510302898194,10.061510302898174
sis_mixture_base,2,16,14507,6.053594819478393,6.053594819478383,3.2672660222859924,3.267266022285986,14.901675936897094,0.9313547460560684,2.184980979481948,0.08737121939701467,0.3510598245268249,13.06906408914397,13.069064089143945
sis_mixture_base,2,32,14665,4.495395140018902,4.4953951400188945,1.902192552533224,1.9021925525332257,29.7570260205303,0.9299070631415719,0.32830884148413986,0.05716620749880309,-0.17812362420596978,10.760426024150327,10.760426024150336
sis_mixture_base,2,32,14666,4.8717510823464,4.871751082346408,2.0582227464959835,2.058222746495983,29.79177566535805,0.930992989542439,0.6244805560297099,0.05873098517946484,0.5052594724726901,11.643066089917683,11.64306608991768
sis_mixture_base,2,32,14667,4.207398198895066,4.207398198895065,1.3697366402284488,1.3697366402284559,30.673960369373102,0.9585612615429094,0.11529265108490472,0.03410606021129823,0.1154064327159706,7.748400533961717,7.748400533961757
sis_mixture_base,2,64,14985,3.2517798028556704,3.251779802855669,2.3595165593002503,2.359516559300243,57.510629939626206,0.8986035928066595,0.2766885000872833,0.031108554849286832,0.039358590465064014,18.876132474402002,18.876132474401945
sis_mixture_base,2,64,14986,3.00567295896654,3.005672958966544,1.852669621812418,1.8526696218124126,59.44094732040774,0.9287648018813709,0.15813980473234956,0.030664438063465794,0.050168926890269444,14.821356974499343,14.8213569744993
sis_mixture_base,2,64,14987,3.0478706643526694,3.0478706643526716,1.5317731076015064,1.5317731076015064,61.643678639152185,0.9631824787367529,0.11791216289415218,0.02417498847007549,-0.043058690654006304,12.254184860812051,12.254184860812051
sis_mixture_base,2,128,15625,2.2969675257142965,2.2969675257142983,1.330082353284474,1.330082353284473,117.8441549889778,0.9206574608513891,0.25969313589447135,0.015260932420982243,-0.11177920596736093,15.048164024704207,15.048164024704194
sis_mixture_base,2,128,15626,2.2967687609136846,2.296768760913682,0.884228410512157,0.8842284105121496,122.87131177176468,0.9599321232169116,0.0783756135597783,0.014176442775090111,0.12440842613255891,10.003902483055176,10.003902483055093
sis_mixture_base,2,128,15627,2.1943973399771273,2.194397339977129,1.5431776870995422,1.5431776870995393,121.65481933160851,0.9504282760281915,0.12116946192178821,0.014845025976810946,-0.02109887139797355,17.45906251398174,17.459062513981703
sis_mixture_base,2,256,16905,1.6554057407567107,1.6554057407567146,0.8247270228927291,0.8247270228927208,238.08667877193167,0.9300260889528581,0.23599478076271554,0.007942512619003967,-0.033727165180825594,13.195632366283666,13.195632366283533
sis_mixture_base,2,256,16906,1.6123412687264882,1.612341268726492,0.6480675190655195,0.6480675190655205,242.94025596988112,0.9489853748823481,0.25251297158092895,0.008525821833963828,0.04069237479093619,10.369080305048312,10.369080305048328
sis_mixture_base,2,256,16907,1.5046069992806674,1.5046069992806643,0.5636484054734664,0.5636484054734621,240.8113003614122,0.9406691420367664,0.11165651822155036,0.008501340004494717,-0.07121985950617069,9.018374487575462,9.018374487575393
sis_mixture_base,2,512,19465,1.1323650108313261,1.1323650108313317,0.6300486076809485,0.6300486076809554,479.37149176431535,0.9362724448521784,0.19246573100973563,0.006892345199823769,-0.013384982861479352,14.256372574986925,14.25637257498708
sis_mixture_base,2,512,19466,1.1584253890609773,1.1584253890609775,0.554860416188638,0.5548604161886371,481.3040044612604,0.9400468837133992,0.19231494374863806,0.005613328431346784,0.0030861533188738907,12.555058012767232,12.555058012767212
sis_mixture_base,2,512,19467,1.1448948850977645,1.144894885097767,0.5231756934804437,0.52317569348045,479.674843760509,0.9368649292197442,0.13106651681537387,0.006017823262310247,-0.024242539644433493,11.838114579583884,11.838114579584028
sis_mixture_base,2,1024,24585,0.8599714009840522,0.8599714009840492,0.5058190342097015,0.5058190342097009,957.1002107829445,0.9346681745927192,0.24204662870224766,0.002130289149928054,-0.01826012648772403,16.18620909471045,16.186209094710428
sis_mixture_base,2,1024,24586,0.8276438568754184,0.8276438568754174,0.4355131589083567,0.4355131589083617,955.0546409650223,0.9326705478174045,0.2998394948199207,0.001949497456431659,0.05980044062128728,13.936421085067414,13.936421085067574
sis_mixture_base,2,1024,24587,0.7983535460865702,0.7983535460865697,0.38452922945516443,0.38452922945514983,962.3660875629837,0.9398106323857263,0.27911612043682493,0.0019850902430871373,-0.017772325282445853,12.304935342565262,12.304935342564795
basis_sample,2,8,14425,1.4507571779576345,1.4507571779576374,0.9466993468704106,0.9466993468704086,nan,nan,nan,nan,nan,2.6776701116677715,2.677670111667766
basis_sample,2,8,14426,1.3166490593883207,1.3166490593883216,0.8467377458853262,0.846737745885326,nan,nan,nan,nan,nan,2.3949360080085036,2.394936008008503
basis_sample,2,8,14427,1.1940124329039403,1.1940124329039394,0.9096309162483122,0.9096309162483109,nan,nan,nan,nan,nan,2.5728247570244562,2.5728247570244527
basis_sample,2,16,14505,1.633923268670022,1.6339232686700247,1.5631244739469032,1.563124473946908,nan,nan,nan,nan,nan,6.252497895787613,6.252497895787632
basis_sample,2,16,14506,1.9606405218199277,1.9606405218199285,1.8542627807212013,1.8542627807211995,nan,nan,nan,nan,nan,7.417051122884805,7.417051122884798
basis_sample,2,16,14507,1.3767002670736164,1.3767002670736175,0.7220760574772827,0.722076057477281,nan,nan,nan,nan,nan,2.8883042299091306,2.888304229909124
basis_sample,2,32,14665,2.0929793208500334,2.0929793208500347,0.840170119941838,0.8401701199418348,nan,nan,nan,nan,nan,4.75271991328951,4.752719913289491
basis_sample,2,32,14666,2.141072650051845,2.141072650051849,1.8569927583326902,1.8569927583326926,nan,nan,nan,nan,nan,10.504737376250855,10.50473737625087
basis_sample,2,32,14667,2.0194505307044643,2.0194505307044617,1.2954181574896135,1.2954181574896078,nan,nan,nan,nan,nan,7.32799170906471,7.327991709064678
basis_sample,2,64,14985,2.699138092335835,2.6991380923358306,2.4096471411138096,2.4096471411138034,nan,nan,nan,nan,nan,19.277177128910477,19.277177128910427
basis_sample,2,64,14986,2.689074595593086,2.6890745955930915,1.9882576751945773,1.9882576751945833,nan,nan,nan,nan,nan,15.906061401556618,15.906061401556666
basis_sample,2,64,14987,3.060250350727081,3.06025035072708,1.8848031844886783,1.8848031844886808,nan,nan,nan,nan,nan,15.078425475909427,15.078425475909446
basis_sample,2,128,15625,3.717509527182893,3.717509527182909,2.3048219931596927,2.3048219931596914,nan,nan,nan,nan,nan,26.07608417265781,26.076084172657797
basis_sample,2,128,15626,2.857633626853464,2.8576336268534734,1.4689362899993517,1.4689362899993528,nan,nan,nan,nan,nan,16.619116988632808,16.619116988632822
basis_sample,2,128,15627,3.8623270874507356,3.8623270874507507,3.59164633554652,3.5916463355465402,nan,nan,nan,nan,nan,40.63483967182013,40.634839671820366
basis_sample,2,256,16905,0.0,7.10833508545348e-14,0.0,1.8762769116165144e-15,nan,nan,nan,nan,nan,0.0,3.002043058586423e-14
basis_sample,2,256,16906,0.0,7.10833508545348e-14,0.0,1.8762769116165144e-15,nan,nan,nan,nan,nan,0.0,3.002043058586423e-14
basis_sample,2,256,16907,0.0,7.10833508545348e-14,0.0,1.8762769116165144e-15,nan,nan,nan,nan,nan,0.0,3.002043058586423e-14
basis_sample,2,512,19465,0.0,7.10833508545348e-14,0.0,1.8762769116165144e-15,nan,nan,nan,nan,nan,0.0,4.2455300082809276e-14
basis_sample,2,512,19466,0.0,7.10833508545348e-14,0.0,1.8762769116165144e-15,nan,nan,nan,nan,nan,0.0,4.2455300082809276e-14
basis_sample,2,512,19467,0.0,7.10833508545348e-14,0.0,1.8762769116165144e-15,nan,nan,nan,nan,nan,0.0,4.2455300082809276e-14
basis_sample,2,1024,24585,0.0,7.10833508545348e-14,0.0,1.8762769116165144e-15,nan,nan,nan,nan,nan,0.0,6.004086117172846e-14
basis_sample,2,1024,24586,0.0,7.10833508545348e-14,0.0,1.8762769116165144e-15,nan,nan,nan,nan,nan,0.0,6.004086117172846e-14
basis_sample,2,1024,24587,0.0,7.10833508545348e-14,0.0,1.8762769116165144e-15,nan,nan,nan,nan,nan,0.0,6.004086117172846e-14
mc,3,8,15425,40.39309508705653,40.39309508705652,28.92896599746623,28.928965997466236,nan,nan,nan,nan,nan,81.8234721180937,81.82347211809373
mc,3,8,15426,76.50744870491891,76.50744870491903,46.06668927391735,46.066689273917575,nan,nan,nan,nan,nan,130.2962734896022,130.29627348960284
mc,3,8,15427,62.6115994896359,62.61159948963582,32.46094136048297,32.46094136048296,nan,nan,nan,nan,nan,91.81340703878553,91.81340703878551
mc,3,16,15505,43.119675006612866,43.119675006612965,16.259744005815286,16.259744005815413,nan,nan,nan,nan,nan,65.03897602326114,65.03897602326165
mc,3,16,15506,37.677600950748655,37.67760095074861,29.421051989635664,29.421051989635508,nan,nan,nan,nan,nan,117.68420795854266,117.68420795854203
mc,3,16,15507,31.968505338984997,31.96850533898495,11.405221551305994,11.405221551305965,nan,nan,nan,nan,nan,45.620886205223975,45.62088620522386
mc,3,32,15665,32.032908884913525,32.0329088849135,21.273790802908287,21.273790802908344,nan,nan,nan,nan,nan,120.34273390624367,120.34273390624399
mc,3,32,15666,25.270590442947334,25.27059044294733,11.393639554247006,11.393639554246985,nan,nan,nan,nan,nan,64.45215832962664,64.45215832962653
mc,3,32,15667,30.7638088034312,30.763808803431335,18.307243595996454,18.307243595996464,nan,nan,nan,nan,nan,103.56140873250472,103.56140873250477
mc,3,64,15985,16.34855450325667,16.348554503256693,11.825221859072721,11.825221859072713,nan,nan,nan,nan,nan,94.60177487258177,94.6017748725817
mc,3,64,15986,26.97600343037286,26.97600343037283,10.50831892541612,10.508318925416082,nan,nan,nan,nan,nan,84.06655140332896,84.06655140332866
mc,3,64,15987,21.347591688823442,21.347591688823467,2.3183044868886187,2.318304486888694,nan,nan,nan,nan,nan,18.54643589510895,18.546435895109553
mc,3,128,16625,17.960501615614387,17.96050161561437,8.859178895084721,8.85917889508461,nan,nan,nan,nan,nan,100.23016755934643,100.23016755934519
mc,3,128,16626,17.1928710716632,17.192871071663223,12.436710523605317,12.436710523605297,nan,nan,nan,nan,nan,140.7053175503267,140.70531755032647
mc,3,128,16627,16.36265043842379,16.36265043842384,7.007319626352659,7.007319626352708,nan,nan,nan,nan,nan,79.2787716117688,79.27877161176936
mc,3,256,17905,11.646519864862983,11.646519864863007,5.610121709294901,5.610121709294868,nan,nan,nan,nan,nan,89.76194734871842,89.76194734871788
mc,3,256,17906,12.421572983241237,12.421572983241276,13.407558701048472,13.407558701048606,nan,nan,nan,nan,nan,214.52093921677556,214.5209392167777
mc,3,256,17907,11.715620228495569,11.715620228495602,3.7895891342775103,3.789589134277383,nan,nan,nan,nan,nan,60.633426148440165,60.633426148438126
mc,3,512,20465,8.239406779373667,8.23940677937363,4.698362513932141,4.69836251393218,nan,nan,nan,nan,nan,106.31180781037094,106.31180781037182
mc,3,512,20466,8.909156773243526,8.909156773243547,7.0195671581709504,7.019567158170956,nan,nan,nan,nan,nan,158.83467323318598,158.8346732331861
mc,3,512,20467,8.933742538998539,8.933742538998544,5.363639390260678,5.36363939026069,nan,nan,nan,nan,nan,121.36530511016335,121.36530511016362
mc,3,1024,25585,6.05050824891386,6.050508248913879,1.321239989491283,1.321239989491279,nan,nan,nan,nan,nan,42.279679663721055,42.27967966372093
mc,3,1024,25586,6.1158332063183245,6.115833206318301,4.702900202695557,4.7029002026955,nan,nan,nan,nan,nan,150.49280648625782,150.492806486256
mc,3,1024,25587,5.992014583781637,5.9920145837816525,2.5312939955112492,2.531293995511227,nan,nan,nan,nan,nan,81.00140785635998,81.00140785635926
sis_mixture_base,3,8,15425,41.58583855314415,41.58583855314416,40.65639685230006,40.65639685230002,7.493951571182641,0.9367439463978301,0.17279736878745783,0.1372772639337678,-0.35184941330638364,114.99365565149112,114.99365565149101
sis_mixture_base,3,8,15426,49.98313340686945,49.98313340686953,14.846045579258908,14.84604557925907,7.1717893778291115,0.8964736722286389,0.08409856474880868,0.23139582249455812,-0.2488890537237859,41.99095801159416,41.99095801159462
sis_mixture_base,3,8,15427,46.91561782677641,46.91561782677639,32.42676531315938,32.42676531315899,7.858227777518421,0.9822784721898026,0.013875516082966215,0.1694214059819345,0.44229468380410064,91.71674257951888,91.71674257951777
sis_mixture_base,3,16,15505,33.545339539550156,33.54533953955023,16.157007195010344,16.15700719501042,13.9775869413618,0.8735991838351125,0.5570514267749599,0.11883357696065103,-0.5994634753537285,64.62802878004138,64.62802878004167
sis_mixture_base,3,16,15506,37.225281028733725,37.225281028733804,36.20750508233941,36.207505082339495,15.082160447210237,0.9426350279506398,0.04330310793585435,0.10854679248054927,0.05076229754434938,144.83002032935764,144.83002032935798
sis_mixture_base,3,16,15507,40.64254109618379,40.64254109618371,26.038125688254297,26.038125688254286,14.06859817350916,0.8792873858443225,0.08366861300394879,0.13733310914594954,-0.16508731364508625,104.15250275301719,104.15250275301715
sis_mixture_base,3,32,15665,25.897901901627137,25.8979019016271,16.612891256218422,16.612891256218344,26.126352545625608,0.8164485170508002,0.18617695773762016,0.09782435575949736,0.16623036431410818,93.976704499094,93.97670449909356
sis_mixture_base,3,32,15666,23.896692420506927,23.896692420506955,7.439279062475014,7.439279062475085,29.88171910539503,0.9338037220435947,0.10793089842002539,0.058083759849885355,0.10942586132201683,42.08291737772147,42.08291737772188
sis_mixture_base,3,32,15667,23.131396060317076,23.13139606031706,12.969367657157624,12.969367657157571,29.626783123243325,0.9258369726013539,0.3510902108537128,0.05992931234781541,-0.03373068195645753,73.36582254462115,73.36582254462084
sis_mixture_base,3,64,15985,16.243980074817927,16.243980074817888,8.304021853897613,8.30402185389762,57.34029340491084,0.8959420844517318,0.39029751353533293,0.031137530714411867,-0.05252166042067657,66.4321748311809,66.43217483118096
sis_mixture_base,3,64,15986,15.242689606118928,15.242689606118889,4.868153583046692,4.868153583046707,56.02412413948143,0.8753769396793973,0.556084682083537,0.0326330828453321,0.011966086073558724,38.94522866437354,38.94522866437366
sis_mixture_base,3,64,15987,17.652868221837625,17.652868221837636,23.667038305450394,23.667038305450415,56.58272248000514,0.8841050387500803,0.2170240896688549,0.039671020476753104,0.09710398378715615,189.33630644360315,189.33630644360332
sis_mixture_base,3,128,16625,11.910314058034148,11.91031405803415,4.242436201077654,4.242436201077696,113.23065918392012,0.884614524874376,0.27398011047278675,0.015574372448724975,0.09766368655357353,47.99768650453287,47.997686504533355
sis_mixture_base,3,128,16626,11.794129574741824,11.794129574741829,6.020034919136826,6.020034919136812,113.19812080620075,0.8843603187984433,0.4146535342033984,0.015205383088256235,-0.006531793027196686,68.10892022882335,68.1089202288232
sis_mixture_base,3,128,16627,12.107377262666006,12.10737726266597,5.099564428664644,5.099564428664599,115.47368984493019,0.9021382019135171,0.5512741864654506,0.020602188591806913,0.0048304674631945285,57.694985417703556,57.69498541770304
sis_mixture_base,3,256,17905,8.064447449259786,8.064447449259774,7.157159191444895,7.157159191444921,239.73759027151326,0.9364749619980987,0.11138475794141842,0.009908485313562443,-0.00908837683130904,114.51454706311831,114.51454706311874
sis_mixture_base,3,256,17906,8.240923516467868,8.240923516467873,4.297883615774337,4.297883615774371,228.21809954080285,0.8914769513312611,0.38464053021906697,0.009006474321721013,0.006900502150277014,68.76613785238939,68.76613785238993
sis_mixture_base,3,256,17907,8.436286467331065,8.43628646733105,3.6802590748957167,3.6802590748957416,232.01892545820368,0.9063239275711081,0.1634589169496679,0.015991896937188256,-0.03127749127503926,58.88414519833147,58.884145198331865
sis_mixture_base,3,512,20465,5.871563329570784,5.8715633295707566,3.48653475953394,3.486534759533934,457.84880473330895,0.894235946744744,0.32936689559110555,0.0080064392050381,-0.0978962857016682,78.89127588188985,78.89127588188973
sis_mixture_base,3,512,20466,5.920760265452522,5.920760265452479,2.498916461464489,2.4989164614645256,461.1065566824095,0.9005987435203311,0.30764393704637083,0.005447359675449721,0.07741952531648132,56.544024816647436,56.54402481664826
sis_mixture_base,3,512,20467,5.593907820090263,5.593907820090263,3.145305627615607,3.145305627615594,464.1270268098576,0.9064980992380032,0.35118700368400746,0.0052847841575408665,0.010507784469088162,71.17014202211858,71.1701420221183
sis_mixture_base,3,1024,25585,4.022804823331473,4.02280482333147,1.4762687722800982,1.476268772280085,931.1652695992528,0.9093410835930203,0.3331138864525934,0.002299399910864535,0.05863441883027161,47.24060071296314,47.24060071296272
sis_mixture_base,3,1024,25586,4.082734628690205,4.082734628690193,2.623749673388625,2.6237496733886414,937.0734041737634,0.9151107462634408,0.2593054736617982,0.0029782192394403003,0.030642543178649843,83.959989548436,83.95998954843652
sis_mixture_base,3,1024,25587,4.025986763215387,4.02598676321539,2.720884853378217,2.720884853378255,929.8648838870674,0.9080711756709643,0.3434482636756918,0.002975205809003833,-0.024837568956244692,87.06831530810294,87.06831530810416
basis_sample,3,8,15425,1.0305346178997297,1.0305346178997297,0.338361860046174,0.3383618600461743,nan,nan,nan,nan,nan,0.9570318629341729,0.9570318629341736
basis_sample,3,8,15426,1.2537638221168272,1.2537638221168277,0.6895204633459308,0.6895204633459298,nan,nan,nan,nan,nan,1.9502583815951917,1.950258381595189
basis_sample,3,8,15427,1.298742326756932,1.298742326756932,0.41009288281408746,0.4100928828140876,nan,nan,nan,nan,nan,1.1599178334167257,1.1599178334167262
basis_sample,3,16,15505,1.5131742463313782,1.513174246331378,1.0601137429800545,1.0601137429800556,nan,nan,nan,nan,nan,4.240454971920218,4.240454971920222
basis_sample,3,16,15506,1.2571987696572535,1.2571987696572549,0.3762012153288166,0.37620121532881623,nan,nan,nan,nan,nan,1.5048048613152665,1.504804861315265
basis_sample,3,16,15507,1.3043974300167434,1.304397430016743,0.7917849958027454,0.7917849958027545,nan,nan,nan,nan,nan,3.1671399832109817,3.167139983211018
basis_sample,3,32,15665,2.1687155109510154,2.16871551095101,1.3470199614884313,1.3470199614884157,nan,nan,nan,nan,nan,7.619895593296896,7.619895593296808
basis_sample,3,32,15666,1.6370409904617584,1.6370409904617578,0.5074735414763467,0.5074735414763478,nan,nan,nan,nan,nan,2.87070385960542,2.870703859605426
basis_sample,3,32,15667,1.8974079865129878,1.8974079865129914,1.7836520349178904,1.7836520349178862,nan,nan,nan,nan,nan,10.089859593341,10.089859593340977
basis_sample,3,64,15985,2.1103490878975175,2.1103490878975144,0.7654267424061244,0.7654267424061151,nan,nan,nan,nan,nan,6.123413939248995,6.123413939248921
basis_sample,3,64,15986,2.2056117495225247,2.2056117495225274,1.2967180452853377,1.296718045285333,nan,nan,nan,nan,nan,10.373744362282702,10.373744362282665
basis_sample,3,64,15987,2.2725722077441493,2.272572207744146,2.0210526024362307,2.0210526024362196,nan,nan,nan,nan,nan,16.168420819489846,16.168420819489757
basis_sample,3,128,16625,2.9692859086227044,2.9692859086226906,2.2743733416686536,2.2743733416686434,nan,nan,nan,nan,nan,25.73159700550102,25.731597005500902
basis_sample,3,128,16626,3.0800569830826325,3.0800569830826285,2.025686115756831,2.0256861157568085,nan,nan,nan,nan,nan,22.91802222411349,22.918022224113233
basis_sample,3,128,16627,2.9965919998327806,2.996591999832774,4.516666306432508,4.516666306432487,nan,nan,nan,nan,nan,51.10024597816357,51.10024597816334
basis_sample,3,256,17905,4.188495037291752,4.188495037291743,2.949392093329543,2.9493920933295295,nan,nan,nan,nan,nan,47.19027349327269,47.19027349327247
basis_sample,3,256,17906,3.695896059416583,3.695896059416567,1.2382595048488247,1.2382595048488283,nan,nan,nan,nan,nan,19.812152077581196,19.812152077581253
basis_sample,3,256,17907,4.016212227750347,4.01621222775033,3.6723028790961956,3.6723028790961876,nan,nan,nan,nan,nan,58.75684606553913,58.756846065539
basis_sample,3,512,20465,4.9872269353128535,4.987226935312844,3.6779146012804214,3.677914601280328,nan,nan,nan,nan,nan,83.2217073660929,83.2217073660908
basis_sample,3,512,20466,5.492057483472031,5.492057483472052,1.2120327808605087,1.2120327808605564,nan,nan,nan,nan,nan,27.425171147739345,27.425171147740425
basis_sample,3,512,20467,5.0624520530051065,5.062452053005091,3.3707158040106067,3.3707158040106755,nan,nan,nan,nan,nan,76.27059207899411,76.27059207899566
basis_sample,3,1024,25585,6.804358429912772,6.804358429912729,2.3316516006558556,2.331651600655823,nan,nan,nan,nan,nan,74.61285122098738,74.61285122098634
basis_sample,3,1024,25586,7.4298140533680535,7.429814053368006,9.192911705702098,9.192911705701984,nan,nan,nan,nan,nan,294.17317458246714,294.1731745824635
basis_sample,3,1024,25587,6.927582390367238,6.9275823903672125,5.219536290305887,5.219536290305866,nan,nan,nan,nan,nan,167.02516128978837,167.02516128978772
