cut,J,m,probe_draw,entropy,rank,delta_norm,effective_rank,participation_ratio,r95,p1,p2,p3,p4,p5
15,0.0,4,0,2.0723265836946412e-28,1.0,0.7396836675002597,1.0,1.0,1.0,1.0,1.0062064077601433e-32,5.096650219286838e-34,1.8824864966126277e-34,0.0
15,0.0,8,0,4.835428695287497e-28,1.0,0.7775035110979522,1.0,1.0,1.0,1.0,1.1507814922144765e-31,7.382244629441688e-33,1.979273751284343e-33,4.304950558926427e-34
15,0.0,16,0,1.0361632918473208e-27,1.0,0.8830820478289167,1.0,1.0,1.0,1.0,1.5439688236620378e-32,4.355203303083666e-33,1.8523762486353584e-33,4.431238154910489e-34
15,0.0,32,0,3.067845911237821e-23,1.0,0.925124937095065,1.0,1.0,1.0,1.0,5.49151545026635e-25,1.2141339904020828e-32,8.635634028577801e-33,3.221681443566869e-33
15,0.0,64,0,1.739514371137081e-22,1.0,0.9539687499623666,1.0,1.0,1.0,1.0,2.473006100950678e-24,7.108018212372355e-25,4.5797941106869156e-32,1.13302716894076e-32
15,0.0,128,0,9.555298991516665e-23,1.0,0.9696261018720755,1.0,1.0,1.0,1.0,1.340950511335523e-24,3.8245100584248025e-25,5.48302960279269e-27,5.331439322588698e-32
15,0.0,4,1,2.0723265836946412e-28,1.0,0.5250662156339455,1.0,1.0,1.0,1.0,2.1977066179717748e-32,1.19910994600533e-33,5.974327964746172e-34,0.0
15,0.0,8,1,4.835428695287497e-28,1.0,0.6717615509315882,1.0,1.0,1.0,1.0,3.641412357293198e-32,1.458378517743408e-32,1.268436338971621e-33,4.453025923892559e-34
15,0.0,16,1,1.0361632918473208e-27,1.0,0.8923176516827275,1.0,1.0,1.0,1.0,1.0362982540285924e-32,5.0209454918643184e-33,9.959419428295484e-34,6.937342962718837e-34
15,0.0,32,1,2.141404136484463e-27,1.0,0.86946674882537,1.0,1.0,1.0,1.0,2.3303443905904423e-31,1.6591243829668896e-32,6.510288431747034e-33,3.729393428832679e-33
15,0.0,64,1,1.4572262367863142e-24,1.0,0.9193427212046384,1.0,1.0,1.0,1.0,2.4640609375497187e-26,1.6795993306313006e-31,3.984166486471214e-32,1.6415984939688085e-32
15,0.0,128,1,5.34870821233131e-22,1.0,0.9312705544364358,1.0,1.0,1.0,1.0,6.528215664817581e-24,3.287490790116515e-24,1.4358103025480686e-25,6.187821327643882e-27
15,0.0,4,2,2.0723265836946412e-28,1.0,0.7176470188358975,1.0,1.0,1.0,1.0,2.513829808557354e-32,7.353144378828301e-34,5.438981027226423e-36,0.0
15,0.0,8,2,4.835428695287497e-28,1.0,0.8275176871354025,1.0,1.0,1.0,1.0,1.775022906589766e-32,8.111511730557087e-33,8.352396616815026e-34,5.23263849045371e-34
15,0.0,16,2,1.0361632918473208e-27,1.0,0.7771927938959093,1.0,1.0,1.0,1.0,9.68838902701758e-32,5.809504386332638e-32,5.800920864759075e-33,1.4516592744585458e-33
15,0.0,32,2,7.170113939663505e-22,1.0,0.8189706497448013,1.0,1.0,1.0,1.0,1.3618247293552147e-23,1.1686441363431863e-31,2.1251202673301216e-32,1.4093161219531114e-32
15,0.0,64,2,8.244375789985697e-25,1.0,0.9671055211107182,1.0,1.0,1.0,1.0,1.377321754388227e-26,2.4317357710604874e-32,3.4330102800622644e-33,1.822782810039369e-33
15,0.0,128,2,1.4942539636868554e-23,1.0,0.9645022900544727,1.0,1.0,1.0,1.0,2.5565276646819377e-25,7.604068898126266e-27,4.2934543356854e-32,1.1304973884229752e-32
15,0.0,4,3,2.0723265836946412e-28,1.0,0.4979399964608184,1.0,1.0,1.0,1.0,3.265083619131985e-32,3.6859527193348026e-33,8.833197620349594e-34,0.0
15,0.0,8,3,1.6166512195087992e-19,1.0,0.5926890613225944,1.0,1.0,1.0,1.0,3.430815214075003e-21,5.853091838977861e-32,1.3132504479558034e-32,7.438069292381954e-33
15,0.0,16,3,6.730769508140434e-23,1.0,0.8441207526598609,1.0,1.0,1.0,1.0,1.2223978768569656e-24,6.02009294939098e-32,5.898397031642038e-33,2.5180348125899605e-33
15,0.0,32,3,5.737937033031378e-24,1.0,0.938050563200053,1.0,1.0,1.0,1.0,9.963586143459461e-26,4.333378014419667e-32,3.7824705655010364e-33,1.890451989707047e-33
15,0.0,64,3,2.0502404418929738e-22,1.0,0.9118160155752619,1.0,1.0,1.0,1.0,3.748559045139215e-24,4.8378895641138133e-26,1.0873487233146556e-31,5.320284242997946e-32
15,0.0,128,3,2.8512137863076188e-22,1.0,0.922460862506204,1.0,1.0,1.0,1.0,4.214132212983687e-24,9.864519004187305e-25,3.466491609791677e-26,2.9499155632061827e-26
15,0.0,4,4,2.0723265836946412e-28,1.0,0.46680375575076577,1.0,1.0,1.0,1.0,8.690216414549445e-32,8.545420426965701e-33,7.71269968792505e-34,0.0
15,0.0,8,4,2.1123103110615565e-21,1.0,0.8657123944721548,1.0,1.0,1.0,1.0,4.097670802788144e-23,3.912498491078091e-33,1.367731799553469e-33,1.615594471063597e-34
15,0.0,16,4,7.444223058134561e-21,1.0,0.9193974977605661,1.0,1.0,1.0,1.0,1.4810204627576716e-22,8.506793502693943e-33,1.1553014242662455e-33,5.695851286200126e-34
15,0.0,32,4,3.6588070109222275e-20,1.0,0.952048700484572,1.0,1.0,1.0,1.0,7.4472983183045075e-22,6.703428651966243e-24,4.091902073570203e-33,1.7738822743578194e-33
15,0.0,64,4,5.119779131111317e-22,1.0,0.9651192998445752,1.0,1.0,1.0,1.0,9.451179775171647e-24,1.5141805245218603e-25,3.857737350696936e-26,2.592101981034431e-32
15,0.0,128,4,8.198136318666914e-22,1.0,0.9687093293831496,1.0,1.0,1.0,1.0,8.241824487206051e-24,2.9713976686285794e-24,2.0744697947797436e-24,9.53042473541703e-25
15,0.0,4,5,2.0723265836946412e-28,1.0,0.73069985763542,1.0,1.0,1.0,1.0,4.5163722476117016e-33,2.3226539582884285e-33,1.1205426527359973e-35,0.0
15,0.0,8,5,4.835428695287497e-28,1.0,0.7414737096260403,1.0,1.0,1.0,1.0,8.202933214091527e-32,3.74663156567426e-33,2.0310861220103455e-33,1.5364223540809016e-33
15,0.0,16,5,1.3332521918867656e-19,1.0,0.9118248757240177,1.0,1.0,1.0,1.0,2.817619218535373e-21,7.889541397585834e-33,8.269775927881875e-34,2.850303258029347e-34
15,0.0,32,5,2.25767968188285e-22,1.0,0.9450619461679274,1.0,1.0,1.0,1.0,4.1455174160887845e-24,4.403972968734311e-26,2.9240995494549614e-32,5.507748948382204e-33
15,0.0,64,5,3.4226844489970323e-22,1.0,0.9515358861574711,1.0,1.0,1.0,1.0,4.892755411246543e-24,1.2934123344260663e-24,1.3119609164499897e-25,1.665768339373706e-26
15,0.0,128,5,2.120869227443683e-22,1.0,0.9419803177353707,1.0,1.0,1.0,1.0,2.5135512520501256e-24,9.433602471447817e-25,4.041336254613678e-25,1.0103520649440753e-26
15,0.0,4,6,2.0723265836946412e-28,1.0,0.6267452344489935,1.0,1.0,1.0,1.0,7.130424307727519e-32,1.2286218230647734e-32,8.711903577335145e-34,0.0
15,0.0,8,6,4.835428695287497e-28,1.0,0.5627935908411564,1.0,1.0,1.0,1.0,2.825308698431596e-31,3.0131150469364803e-32,3.870550889041168e-33,9.070313567563378e-34
15,0.0,16,6,1.0361632918473208e-27,1.0,0.6612771965397362,1.0,1.0,1.0,1.0,1.9938060321945294e-31,4.985911587293515e-32,2.0811335237039538e-32,5.2595433048176995e-33
15,0.0,32,6,2.141404136484463e-27,1.0,0.9543440920993517,1.0,1.0,1.0,1.0,4.3418596999188424e-33,1.262561200419137e-33,6.4055428439313816e-34,2.836069585637164e-34
15,0.0,64,6,3.980413387000169e-24,1.0,0.9629023777679927,1.0,1.0,1.0,1.0,6.862359160375051e-26,1.0751258283174178e-31,2.4813857391583696e-33,1.803755631898054e-33
15,0.0,128,6,7.487329226825887e-22,1.0,0.9600856283879746,1.0,1.0,1.0,1.0,1.4129455831954068e-23,5.528549125134984e-26,3.5928950586802724e-26,7.452810949158813e-32
15,0.0,4,7,2.0723265836946412e-28,1.0,0.7076138298355755,1.0,1.0,1.0,1.0,4.046079950097251e-33,1.6294170074722268e-33,2.435129393245143e-34,0.0
15,0.0,8,7,4.835428695287497e-28,1.0,0.7262876132154673,1.0,1.0,1.0,1.0,9.816033375722264e-32,1.4076767582433516e-32,2.2994469868749714e-33,1.1706545652670654e-33
15,0.0,16,7,6.3849049126126536e-21,1.0,0.8635843439264057,1.0,1.0,1.0,1.0,1.2663245823734996e-22,5.118623543946713e-32,4.75612722856139e-33,2.3776749381670805e-33
15,0.0,32,7,3.1484525324172393e-18,1.0,0.8592125452854199,1.0,1.0,1.0,1.0,3.6342359494128404e-20,2.1791160102618107e-20,1.16600579547573e-20,5.802709337408813e-32
15,0.0,64,7,8.008117725552637e-22,1.0,0.9281361064896138,1.0,1.0,1.0,1.0,7.275577529140014e-24,5.3569963918205755e-24,2.2652629251774025e-24,4.811368191604865e-26
15,0.0,128,7,1.1386009160114051e-23,1.0,0.9835587302114424,1.0,1.0,1.0,1.0,1.2174831136265046e-25,3.778678610994517e-26,1.9617704784707746e-26,9.743195710019186e-27
15,1.0,4,0,0.0005761414488507456,3.0,0.5494723023691833,1.0005763074502139,1.0001040025090557,1.0,0.9999480015921822,4.90884376508326e-05,2.909970166953584e-06,5.592019175879645e-32,0.0
15,1.0,8,0,0.0003554369674356538,4.0,0.7306280106449666,1.0003555001426392,1.000061227830773,1.0,0.9999693870703328,2.893607443847056e-05,1.6524975495974712e-06,2.3636601746637987e-08,7.189481081719943e-10
15,1.0,16,0,0.002685611344987266,5.0,0.8747110040160994,1.0026892208296365,1.000585686126626,1.0,0.9997072431641182,0.000290968851459097,1.77469824436384e-06,1.2828903507027756e-08,4.508645219178127e-10
15,1.0,32,0,0.000506676334395208,7.0,0.9567347612902333,1.0005068047165309,1.0000911873798926,1.0,0.9999544084395984,4.4445349011877625e-05,1.145173947601805e-06,8.782133284858421e-10,1.5627983573276272e-10
15,1.0,64,0,0.003301876039880278,8.0,0.9602114121588246,1.0033073332372484,1.0007313373165185,1.0,0.99963446827343,0.000356231147016968,9.270649725025339e-06,2.7944214052110073e-08,1.92870938286075e-09
15,1.0,128,0,0.00988392172637905,9.0,0.9625471363330071,1.0099329290090306,1.0025463603618587,1.0,0.9987284716842434,0.0012434561154912166,2.8014895231009864e-05,4.903465170752966e-08,8.063466366252198e-09
15,1.0,4,1,0.0024261835191854526,2.0,0.17750350702490236,1.0024291290840985,1.000524965140266,1.0,0.999737586291874,0.00026240966412248613,4.044003444867985e-09,3.3073439281189996e-33,0.0
15,1.0,8,1,0.0002992135660784664,5.0,0.777588060635672,1.0002992583349226,1.000050667525381,1.0,0.9999746669149785,2.3826996205721558e-05,1.4962928262109173e-06,9.787513120631378e-09,4.964132362560838e-12
15,1.0,16,1,0.0007914079818313621,6.0,0.8847115759906489,1.000791721227758,1.000148225758334,1.0,0.999925892823807,7.114132911857015e-05,2.9510964852698396e-06,1.4642453176863289e-08,9.980918725368817e-11
15,1.0,32,1,0.003068625207370235,7.0,0.8823100057060613,1.0030733382573302,1.000634153102356,1.0,0.9996830447376293,0.00022511560061378266,9.043251267315457e-05,1.402957300823826e-06,4.107966216970873e-09
15,1.0,64,1,0.0006892837481920937,8.0,0.9724054773354868,1.0006895213588254,1.0001276474850957,1.0,0.9999361804512615,6.186799247575087e-05,1.8964393326800736e-06,4.518434064017128e-08,9.909342041577426e-09
15,1.0,128,1,0.007782742216021018,11.0,0.9697452282194691,1.0078131064755076,1.0019574678682308,1.0,0.9990222264947166,0.0009732814828752521,4.378535152127429e-06,9.142272368259345e-08,2.1791673366648706e-08
15,1.0,4,2,0.01311703257981262,2.0,0.5473061497445878,1.0132034382335977,1.0035882180729787,1.0,0.9982090983030573,0.0017908843408325531,1.735611004746898e-08,3.200697591865936e-33,0.0
15,1.0,8,2,0.0007013388202700249,3.0,0.6354790513688237,1.0007015848158458,1.00012527640692,1.0,0.9999373663791182,4.9242497088922305e-05,1.338887023048278e-05,2.148900630818417e-09,1.0465567986774238e-10
15,1.0,16,2,0.0014830981358446287,5.0,0.8918636816654582,1.0014841984697853,1.0003021537258021,1.0,0.9998489460227472,0.0001506004395828617,4.51319485087799e-07,2.0283450306478093e-09,1.8935325658220259e-10
15,1.0,32,2,0.00631778282911793,8.0,0.8929144194412556,1.0063377821139188,1.0015449210723555,1.0,0.9992281367989465,0.0007698393960479718,1.9139974434299158e-06,1.0327662522393019e-07,6.2162517575345236e-09
15,1.0,64,2,0.011603726624791958,9.0,0.8799325813784176,1.011671311017884,1.0030404703090656,1.0,0.9984821474912007,0.0014644077136229609,5.27193354589379e-05,6.346263428996668e-07,8.810577140884067e-08
15,1.0,128,2,0.008691379539923102,12.0,0.926286615876065,1.0087292592418349,1.0021212363171976,1.0,0.9989406167321055,0.0009401788018059082,0.00011877835349542402,3.2667528534695264e-07,9.836076174860136e-08
15,1.0,4,3,1.92121795370095e-07,2.0,0.7386381617498003,1.0000001921218138,1.000000019744142,1.0,0.9999999901279291,9.829864127611804e-09,4.220683260807916e-11,9.48177406641954e-34,0.0
15,1.0,8,3,0.009557555749770331,4.0,0.6331360012962848,1.0096033750428715,1.0023988414879437,1.0,0.9988021072987843,0.001114777575243218,8.311467952228987e-05,4.1634423713345553e-10,3.0048481709196886e-11
15,1.0,16,3,6.935571995851754e-05,7.0,0.9237683626140853,1.000069358125122,1.0000104119470299,1.0,0.9999947940545378,5.016397777940525e-06,1.8933493111239652e-07,1.7442716863826712e-10,3.811708598290395e-11
15,1.0,32,3,0.00018785925536289797,8.0,0.956219243366841,1.0001878769020178,1.0000299959555354,1.0,0.9999850022754112,1.2789284644845924e-05,2.2079363037416774e-06,4.1000317073008924e-10,8.119955123845379e-11
15,1.0,64,3,0.0004032252125214686,9.0,0.9714844669833655,1.0004033065187354,1.000069910838805,1.0,0.9999650458897662,3.224539981876293e-05,2.7001436677394427e-06,6.869071601331741e-09,1.6485714815367144e-09
15,1.0,128,3,0.0023125144114145373,12.0,0.9690986310978471,1.0023151903351726,1.0004786735909037,1.0,0.9997607255792832,0.00021554719556646693,2.3589243901274175e-05,1.300723414724877e-07,7.657989472577239e-09
15,1.0,4,4,1.2569814938171548e-07,1.0,0.7486511372346741,1.0000001256981572,1.0000000124061352,1.0,0.9999999937969325,5.462671228695144e-09,7.403963176128217e-10,4.236591241826865e-34,0.0
15,1.0,8,4,0.020729272902095707,3.0,0.7720616517100856,1.0209456165760924,1.0061228041074592,1.0,0.9969479143737665,0.0030516403752472773,4.446065927534615e-07,6.027346609179506e-10,4.162478664230915e-11
15,1.0,16,4,0.007303944431053686,5.0,0.8272119341345905,1.0073306832932578,1.001819161569075,1.0,0.9990912495671447,0.0009037612277807202,4.943095703487966e-06,3.731720448216368e-08,8.756558375283678e-09
15,1.0,32,4,0.007706736442604746,8.0,0.8116916276833792,1.0077365097718236,1.001816658196531,1.0,0.9990926207103962,0.000736399926166312,0.00017036107714885868,4.012912810091053e-07,2.1555159007610175e-07
15,1.0,64,4,0.0006590678498693554,8.0,0.9569477237039236,1.0006592850828058,1.000117956551135,1.0,0.9999410256583737,4.983711116965819e-05,9.08359926101862e-06,4.6623772672870474e-08,6.8378780692006104e-09
15,1.0,128,4,0.010161958452572442,11.0,0.9357043439119348,1.0102137664940456,1.0025491298408855,1.0,0.9987271949460028,0.0011521398065484458,0.00011978504414570865,6.440620644322701e-07,2.3462652287717992e-07
15,1.0,4,5,1.4188836436930901e-05,2.0,0.7363354203842206,1.000014188937099,1.0000018739008556,1.0,0.99999906305051,8.679299330139955e-07,6.90195570671283e-08,1.5100508816496274e-32,0.0
15,1.0,8,5,0.0030608146356078023,3.0,0.7892630114682856,1.003065503711635,1.000681415929496,1.0,0.9996594080638872,0.0003405162859732799,7.545236763878492e-08,1.4277212916144544e-10,4.9914615409832406e-11
15,1.0,16,5,0.0016617139193677887,5.0,0.8622073132922631,1.001663095331007,1.0003328816692239,1.0,0.9998335889389899,0.0001528048540840102,1.3570636934431889e-05,2.9960706684381186e-08,5.603340682224235e-09
15,1.0,32,5,0.0016311268453143642,6.0,0.8892267546679892,1.0016324578562914,1.0003294434744265,1.0,0.999835306607946,0.00015691921728434307,7.706006345970877e-06,6.325923451290753e-08,4.905955762081353e-09
15,1.0,64,5,0.004316542177627862,9.0,0.8940422775381778,1.0043258718649797,1.0009399062838604,1.0,0.9995303032560938,0.0003750000185108713,9.249056295552136e-05,1.8891496631795129e-06,3.1638946253133424e-07
15,1.0,128,5,0.0030735236323064683,12.0,0.9575373426894385,1.0030782517488173,1.0006466871247475,1.0,0.9996767756768947,0.00026852745374895547,5.36040777138317e-05,1.0349275477770677e-06,5.681545429545647e-08
15,1.0,4,6,0.00917012432425613,3.0,0.292671151191272,1.0092122987305931,1.0022197323921949,1.0,0.9988915432048521,0.0009109372603969161,0.00019751953475092781,1.4955556331725578e-33,0.0
15,1.0,8,6,0.001245655484695912,3.0,0.7352870718819355,1.001246431635728,1.000243908847988,1.0,0.9998780611703811,0.00011567242766869827,6.251397627981822e-06,1.4030646403928992e-08,9.565052705392358e-10
15,1.0,16,6,0.000676657011226348,5.0,0.8257039295034506,1.0006768859952266,1.0001220314212484,1.0,0.9999389884225101,5.332192800948932e-05,7.6115893020362924e-06,7.341049354464256e-08,4.642645735979492e-09
15,1.0,32,6,7.932418006256107e-05,8.0,0.9586127081982126,1.0000793273263084,1.0000118508716755,1.0,0.9999940746027592,5.2629755169563256e-06,6.619916313475969e-07,3.499741441011466e-10,7.955775691428727e-11
15,1.0,64,6,0.0003682419578147509,9.0,0.9632804111160276,1.0003683097672076,1.0000610537625145,1.0,0.9999694742657868,1.9557280746154632e-05,1.0905757298742655e-05,5.5973982471680345e-08,6.59082762820976e-09
15,1.0,128,6,0.0006403531160068369,11.0,0.97962777152189,1.0006405581858335,1.0001165666368321,1.0,0.9999417202766532,5.465021924517542e-05,3.589560757817536e-06,3.0249310251654774e-08,9.565254702525133e-09
15,1.0,4,7,0.002974312402929513,2.0,0.6826968707674387,1.0029787400587202,1.0006599533439122,1.0,0.9996701321410153,0.00032986728158481717,5.773998459392619e-10,7.222303394991984e-33,0.0
15,1.0,8,7,0.08687839791544023,3.0,0.7154140925743856,1.0907640324732388,1.0348701276662629,1.0,0.9828590201054709,0.017116462939184264,2.4516005150174565e-05,9.459963409872705e-10,4.189594468062141e-12
15,1.0,16,7,0.005839240175863718,5.0,0.7669332053790762,1.005856321770439,1.0012980781175174,1.0,0.9993514802324613,0.00040633083157160427,0.00024198608080572805,1.59498266906802e-07,4.3330051174632403e-08
15,1.0,32,7,0.0056822068658148985,7.0,0.7849942700866194,1.0056983812240858,1.0012697074571626,1.0,0.9993656280053445,0.00046463566740827695,0.0001683125058867096,1.2406984060699907e-06,1.823848493224086e-07
15,1.0,64,7,0.007112180819650018,9.0,0.895768611966705,1.007137532443796,1.0017105119260583,1.0,0.9991455218575402,0.0007947339385910887,5.897895864682477e-05,4.6694802946496294e-07,2.974569550864922e-07
15,1.0,128,7,0.013424817072412373,12.0,0.8930304331809554,1.013515334535695,1.003606763689861,1.0,0.99819995403535,0.0017456313848259318,5.327007067687284e-05,8.419994547608703e-07,3.0042915812897174e-07
15,2.0,4,0,0.105696226705567,3.0,0.5102129585706915,1.1114841860055567,1.0449500993714689,1.0,0.9780081107047279,0.021991637525329587,2.5176994256360385e-07,1.7020464866107696e-33,0.0
15,2.0,8,0,0.13136517987260815,4.0,0.5914136604671373,1.1403841506213657,1.058215450352916,1.0,0.9717067475897233,0.02780170968138019,0.0004560613198616544,3.548032571441161e-05,8.530941148198285e-10
15,2.0,16,0,0.0491027676393033,7.0,0.667100562903233,1.050328284952199,1.0151379551936879,1.0,0.9924981577784371,0.005739116247733024,0.0014763451447697793,0.0002735721490982758,1.2628322679530221e-05
15,2.0,32,0,0.04262254189374671,12.0,0.8687860146895298,1.0435439263877486,1.013963873660159,1.0,0.9930680653617998,0.00664643282602589,0.0002703020801120982,1.4774741013080435e-05,3.211498230596985e-07
15,2.0,64,0,0.04792642500670759,14.0,0.8846721665911939,1.0490934654401998,1.015336293217579,1.0,0.9923961891723144,0.006673636946850556,0.000773218026587843,0.0001563687618216017,3.1659640275480624e-07
15,2.0,128,0,0.05910627002533476,16.0,0.8801265506070994,1.0608879753419154,1.019505102542718,1.0,0.9903522908181169,0.008336663959597793,0.0008177383820435908,0.0004890344348528138,3.4243243130786144e-06
15,2.0,4,1,0.07009634753695401,2.0,0.4073437526444587,1.0726115197539683,1.0266720200147381,1.0,0.9868372171366724,0.013160625290820602,2.1575725069981698e-06,5.5214238487076185e-33,0.0
15,2.0,8,1,0.059944570086782514,5.0,0.7502700877396642,1.0617776906689367,1.0218151913586575,1.0,0.9892094205073044,0.010736405548356509,5.415817950250835e-05,8.694993098180137e-09,7.0070950228233995e-09
15,2.0,16,1,0.08071734417812185,7.0,0.8337978759940177,1.0840644361332237,1.031761216442405,1.0,0.9843641511582056,0.015611605286211461,2.242370113866228e-05,1.8145250350538046e-06,3.706723931711598e-09
15,2.0,32,1,0.06742289778029098,10.0,0.8507843571374958,1.0697477764900314,1.0249042218853666,1.0,0.9877015636771097,0.012104783779730384,0.0001425565342823002,5.101205467230995e-05,7.881817012461044e-08
15,2.0,64,1,0.014848517424699578,13.0,0.9365508297398666,1.0149593043207668,1.0039682174925668,1.0,0.998020064343776,0.0018448695928004355,0.00012031138478012304,1.2780451038244852e-05,1.782966142989484e-06
15,2.0,128,1,0.09876105586024712,16.0,0.9082350726381401,1.1038025209021407,1.0403299408468043,1.0,0.9802312271440335,0.01949897010400924,0.00018872097712408945,7.248360779395463e-05,7.058680752936472e-06
15,2.0,4,2,0.3878033472534007,3.0,0.47257449116069095,1.473739940782687,1.294140363970852,2.0,0.8692656252116092,0.13073248008860575,1.894699785071286e-06,8.753452898151374e-34,0.0
15,2.0,8,2,0.3505870396077261,4.0,0.6027003096969207,1.4199008420145114,1.2412685420070346,2.0,0.8910689520231391,0.1078068678413633,0.0011151853184229973,8.983215173625728e-06,1.0889786425266609e-08
15,2.0,16,2,0.15982284050070514,7.0,0.6749612623324944,1.1733029908080066,1.0755267188741098,1.0,0.9635858869790627,0.03576122653590171,0.0006042167727716262,4.8444387666553175e-05,1.3757454720863585e-07
15,2.0,32,2,0.035120712908347444,10.0,0.8608034754268936,1.0357447290122392,1.0107971728405971,1.0,0.9946325668793627,0.004902272890795,0.00042914017978475235,3.5852636944317346e-05,1.3194740556103132e-07
15,2.0,64,2,0.08227299816813839,12.0,0.8796889978381007,1.085752177729334,1.0306204511072796,1.0,0.9849310910334396,0.014124904829760329,0.0006879716393503266,0.00025193458840498385,3.987033824221302e-06
15,2.0,128,2,0.10745545915147497,16.0,0.9292016759628541,1.1134412660232773,1.0440546226706655,1.0,0.9784528328398922,0.020831941548488123,0.000604479921731567,0.00010949653820893915,1.0853256180670236e-06
15,2.0,4,3,0.025201646760637405,3.0,0.5018387035370926,1.0255218928438987,1.0076609391888818,1.0,0.9961841819250551,0.003792059612767241,2.3758462177734145e-05,8.96244607601195e-34,0.0
15,2.0,8,3,0.06708294420973485,4.0,0.6069108193291638,1.0693841737213505,1.0234930982400199,1.0,0.9884009837988792,0.010403167495888757,0.0011949650755804777,8.044987681419027e-07,7.334104619085725e-08
15,2.0,16,3,0.3407822544323344,6.0,0.7163928872171125,1.4060470470147857,1.230294356385157,2.0,0.8956266475227995,0.10327315914928296,0.0010839454494975872,1.4183147531136667e-05,1.6392349520340756e-06
15,2.0,32,3,0.03579014682323917,9.0,0.9207058044585097,1.0364383237930428,1.0116350051041254,1.0,0.9942161364346863,0.0057519389844693765,2.0155163337591678e-05,1.1389593019729635e-05,3.521094456363436e-07
15,2.0,64,3,0.006238655312565486,12.0,0.9494020321773289,1.006258156254747,1.0014933234673289,1.0,0.9992539119388089,0.0007227612083417684,1.672228276637787e-05,5.79418439517427e-06,6.966013615018149e-07
15,2.0,128,3,0.004307367864250003,16.0,0.9474680387444762,1.0043166579069636,1.0009027906756003,1.0,0.9995488592970159,0.00028908167077645354,0.0001304362937538158,3.0249893619727713e-05,1.1698705933566974e-06
15,2.0,4,4,0.0005142126322350152,3.0,0.6905228257301509,1.0005143448622145,1.0000936727404044,1.0,0.9999531658262911,4.676889568065745e-05,6.527802818041638e-08,2.6465675824536026e-32,0.0
15,2.0,8,4,0.0005175108404301456,5.0,0.8248299987368677,1.000517644772268,1.0000932236764608,1.0,0.9999533903911241,4.535697083455313e-05,1.1922846317785339e-06,5.259640358977326e-08,7.574446880419587e-09
15,2.0,16,4,0.13986519987692908,9.0,0.830893432202305,1.1501187522579612,1.0641002572340548,1.0,0.968921776991155,0.030848249544743456,0.0002212459579517406,8.698161797428513e-06,1.5994573745374483e-08
15,2.0,32,4,0.06896502473875644,11.0,0.8524141558339646,1.0713987360423451,1.0248614705634396,1.0,0.9877280828755206,0.011595431865258788,0.0006379813165060091,3.835247585783327e-05,1.301430154879922e-07
15,2.0,64,4,0.029518075835987694,14.0,0.955026873592384,1.0299580526564647,1.0091173003096245,1.0,0.9954623696261815,0.004442787598705737,7.594938162473842e-05,1.8810941244389966e-05,4.5335175817245507e-08
15,2.0,128,4,0.040360698226902164,16.0,0.9508604194866379,1.041186260507733,1.0131168092970706,1.0,0.9934854093273094,0.006303232509929782,0.00014053543669439498,6.937484444177637e-05,1.3440511777299472e-06
15,2.0,4,5,0.034654546580351414,2.0,0.6857993092517631,1.035262012217074,1.0112757942960884,1.0,0.9943935337048176,0.005606398828467135,6.746671510641696e-08,1.1294756407605431e-33,0.0
15,2.0,8,5,0.09782781408487747,5.0,0.6313865236648781,1.1027728868013837,1.040114753105266,1.0,0.9803331717973599,0.01947337866213967,0.00019324713325149083,1.9055416860715025e-07,1.1640354012432588e-08
15,2.0,16,5,4.186625451538734e-05,8.0,0.933115561238201,1.0000418671309192,1.0000058731439905,1.0,0.9999970634380583,2.320897362544838e-06,6.135601550869803e-07,1.765846742914301e-09,3.2126759911917753e-10
15,2.0,32,5,0.001474702125118456,10.0,0.9543440920492072,1.0014757900330116,1.0002955052344285,1.0,0.9998522699582074,0.0001424714776722427,4.931219351606936e-06,3.1496540028676916e-07,1.1587350706326741e-08
15,2.0,64,5,0.01945809462749396,14.0,0.9553787440984175,1.0196486372093962,1.0053877843863672,1.0,0.9973139077422724,0.002452270571891274,0.00020837828204754916,2.541508550469397e-05,2.2824345690309532e-08
15,2.0,128,5,0.02411161774975326,16.0,0.9722350569878897,1.0244046532518076,1.0069264955983446,1.0,0.9965495633568671,0.003172695048964722,0.0002223677547051763,5.5252565833612704e-05,8.428723890495006e-08
15,2.0,4,6,0.0005881286985533073,2.0,0.4166204252544084,1.0005883016801465,1.000107980168289,1.0,0.9999460128664075,5.331312028142702e-05,6.740133109577473e-07,3.424669837773086e-33,0.0
15,2.0,8,6,0.00015684794080113591,4.0,0.8653378973244931,1.0001568602420825,1.000025501240038,1.0,0.9999872495433176,1.2690396918377898e-05,5.448110227644573e-08,5.516137691263325e-09,5.993483032282643e-11
15,2.0,16,6,4.4949128468295944e-05,6.0,0.9315302184127787,1.0000449501386954,1.000006386266692,1.0,0.9999968068781037,2.736166698169929e-06,4.4972843311265054e-07,7.139603729157499e-09,7.769704540915168e-11
15,2.0,32,6,0.0001641552906514024,11.0,0.9601361166112712,1.0001641687648684,1.0000257288377223,1.0,0.9999871357674701,1.104545460238068e-05,1.1832931747811346e-06,6.34568420104522e-07,4.8535138079606e-10
15,2.0,64,6,0.003985634815446779,15.0,0.9556613064159519,1.003993588020568,1.0008735914223943,1.0,0.9995634143444501,0.0003869917361442067,4.463101718337353e-05,4.793883465690727e-06,1.4526695465854751e-07
15,2.0,128,6,0.012805962889747486,17.0,0.9459664717610778,1.012888310369998,1.0032226167612932,1.0,0.9983916651686087,0.0013241659476901913,0.00025232616586436156,3.1224831331176057e-05,4.162368509804585e-07
15,2.0,4,7,0.00010415469571864893,3.0,0.7439434683501108,1.0001041601200074,1.0000163316638784,1.0,0.9999918342351748,8.112238638258918e-06,5.352618699077161e-08,6.532347702759963e-33,0.0
15,2.0,8,7,3.718920707770859e-05,5.0,0.8694525103339855,1.000037189898605,1.000005355808088,1.0,0.9999973221031943,2.65260732246503e-06,2.2428777172489154e-08,2.7043908452114004e-09,1.5587939848772728e-10
15,2.0,16,7,0.0010434645448572245,9.0,0.8951719049239101,1.001044009143392,1.0002000494948071,1.0,0.9998999857990514,9.42513637382489e-05,5.7205458366955525e-06,3.8585054601356515e-08,2.8566742541143603e-09
15,2.0,32,7,0.001308677922081135,11.0,0.9329591392290646,1.0013095346147038,1.0002490447822134,1.0,0.9998754952088093,0.0001052577110899477,1.4220821351461532e-05,5.016798267515442e-06,7.520290555090575e-09
15,2.0,64,7,0.0031303362541203732,13.0,0.9473790845946081,1.0031352408730192,1.000637998411167,1.0,0.9996811257967009,0.00021905332224467997,8.255568213559707e-05,1.7242998711497374e-05,1.461254161918593e-08
15,2.0,128,7,0.01478284716756533,16.0,0.9570519358461914,1.0148926538707712,1.0040050727852217,1.0,0.9980016035006045,0.0019234524360574497,5.769957292581797e-05,1.5637385784802137e-05,1.563398415303483e-06
