candidate,size_label,length,angle,chi,method,ordering,substeps,infidelity,fidelity,state_norm,final_max_bond,peak_max_bond,final_param_count,peak_param_count,est_transient_elements,total_discarded_weight,max_step_discarded_weight,max_event_discarded_weight,n_svd,n_evolver_calls,runtime_s,d_h,d_u,exact_max_bond,notes
qaoa,4x4,16,0.3,2,tdvp_layer,,1,0.18393719706583034,0.8160628029341697,1.0000000000000067,2,2,120,120,16,0.016843383095936734,0.016843383095936734,0.005614461031978943,29,57,0.01261205499758944,6,16,16,
qaoa,4x4,16,0.3,2,tdvp_layer,,2,0.18393719706582756,0.8160628029341724,1.0000000000000064,2,2,120,120,16,0.012650318495066634,0.012650318495066634,0.0014055909438963,58,114,0.024518930003978312,6,16,16,
qaoa,4x4,16,0.3,2,tdvp_layer,,4,0.18393719706582268,0.8160628029341773,0.9999999999999882,2,2,120,120,16,0.007381947367214198,0.007381947367214198,0.00035152130320067923,116,228,0.04990096902474761,6,16,16,
qaoa,4x4,16,0.3,2,tdvp_layer,,8,0.18393719706582567,0.8160628029341743,0.9999999999999901,2,2,120,120,16,0.003954962254928453,0.003954962254928453,8.788805010952206e-05,232,456,0.09914024797035381,6,16,16,
qaoa,4x4,16,0.3,2,mpo_gatewise,horiz_first,0,0.2334693003887136,0.7665306996112864,0.8663158909593454,2,2,120,120,280,0.2660492626772182,0.050029415368083426,0.022331755437197006,174,0,0.031318538007326424,6,16,16,
qaoa,4x4,16,0.3,2,mpo_gatewise,vert_first,0,0.3036030938903248,0.6963969061096752,0.833488762991862,2,2,120,120,280,0.3500491245220025,0.02233175543719705,0.02233175543719705,174,0,0.031106809969060123,6,16,16,
qaoa,4x4,16,0.3,2,mpo_layer,,0,0.18599195817926606,0.8140080418207339,0.9022239421677511,2,16,120,4776,4776,0.20359618190610684,0.20359618190610684,0.022359968420082567,15,0,0.003489909984637052,6,16,16,
qaoa,4x4,16,0.3,2,variational_layer,,0,0.23050291585975358,0.7694970841402464,0.9999999999999994,2,2,120,120,16,0.2127303474472459,0.2127303474472459,0.022331759262805107,60,0,0.4057262850110419,6,16,16,sweeps=2 converged=True
qaoa,4x4,16,0.3,2,oracle_compress,,0,0.18599195829975557,0.8140080417002444,0.902223942100974,2,2,120,120,128,0.20359618205375654,0.20359618205375654,0.02235996842229685,15,0,0.0023056030040606856,6,16,16,
qaoa,4x4,16,0.3,4,tdvp_layer,,1,0.14135537679020094,0.8586446232097991,1.000000000000032,4,4,168,168,32,1.2144265056184802e-30,1.2144265056184802e-30,4.155630760065415e-31,29,57,0.012236772978212684,6,16,16,
qaoa,4x4,16,0.3,4,tdvp_layer,,2,0.13040617793387588,0.8695938220661241,1.0000000000000004,4,4,168,168,32,4.283421548797483e-30,4.283421548797483e-30,1.2248408656517619e-30,58,114,0.025352377037052065,6,16,16,
qaoa,4x4,16,0.3,4,tdvp_layer,,4,0.12764956229596158,0.8723504377040384,1.0000000000000198,4,4,168,168,32,1.090230213662905e-29,1.090230213662905e-29,8.261242208909476e-31,116,228,0.050981706008315086,6,16,16,
qaoa,4x4,16,0.3,4,tdvp_layer,,8,0.12695919589467886,0.8730408041053211,1.0000000000000018,4,4,168,168,32,1.2514274775413672e-29,1.2514274775413672e-29,7.531112658762836e-31,232,456,0.10343432804802433,6,16,16,
qaoa,4x4,16,0.3,4,mpo_gatewise,horiz_first,0,0.10091119404934079,0.8990888059506592,0.9481612195640583,4,4,424,424,1064,0.0944236325347805,0.04474439072888454,0.018815475594756246,174,0,0.03255267802160233,6,16,16,
qaoa,4x4,16,0.3,4,mpo_gatewise,vert_first,0,0.11369494710469341,0.8863050528953066,0.9409966617341773,4,4,424,424,1040,0.14528816956853471,0.06293913598021902,0.022331755437197003,174,0,0.032052594993729144,6,16,16,
qaoa,4x4,16,0.3,4,mpo_layer,,0,0.0877104193749556,0.9122895806250444,0.9551385138423781,4,16,424,4776,4776,0.09112789781504013,0.09112789781504013,0.021885692753429425,15,0,0.0036986959748901427,6,16,16,
qaoa,4x4,16,0.3,4,variational_layer,,0,0.10054726631462285,0.8994527336853771,0.9999999999999987,4,4,424,424,64,0.19718178165591502,0.19718178165591502,0.019316143724674446,60,0,0.4239110269700177,6,16,16,sweeps=2 converged=True
qaoa,4x4,16,0.3,4,oracle_compress,,0,0.07380486317588597,0.926195136824114,0.9623903245690353,4,4,424,424,256,0.07598394432691387,0.07598394432691387,0.021885692753427072,15,0,0.0024428159813396633,6,16,16,
qaoa,4x4,16,0.3,8,tdvp_layer,,1,0.14135537679020094,0.8586446232097991,1.000000000000032,4,4,168,168,32,1.2144265056184802e-30,1.2144265056184802e-30,4.155630760065415e-31,29,57,0.012076454004272819,6,16,16,
qaoa,4x4,16,0.3,8,tdvp_layer,,2,0.13040617793387588,0.8695938220661241,1.0000000000000004,4,4,168,168,32,4.283421548797483e-30,4.283421548797483e-30,1.2248408656517619e-30,58,114,0.02509071899112314,6,16,16,
qaoa,4x4,16,0.3,8,tdvp_layer,,4,0.12764956229596158,0.8723504377040384,1.0000000000000198,4,4,168,168,32,1.090230213662905e-29,1.090230213662905e-29,8.261242208909476e-31,116,228,0.050984612957108766,6,16,16,
qaoa,4x4,16,0.3,8,tdvp_layer,,8,0.12695919589467886,0.8730408041053211,1.0000000000000018,4,4,168,168,32,1.2514274775413672e-29,1.2514274775413672e-29,7.531112658762836e-31,232,456,0.10512601403752342,6,16,16,
qaoa,4x4,16,0.3,8,mpo_gatewise,horiz_first,0,0.02946199817433437,0.9705380018256656,0.9851588713632106,8,8,1448,1448,4008,0.026465334100941807,0.015299195752315503,0.015299195752315503,174,0,0.033937997999601066,6,16,16,
qaoa,4x4,16,0.3,8,mpo_gatewise,vert_first,0,0.02999802363006021,0.9700019763699398,0.9850338575471971,8,8,1448,1448,4008,0.04748152718751604,0.022331755437197006,0.022331755437197006,174,0,0.0336632119724527,6,16,16,
qaoa,4x4,16,0.3,8,mpo_layer,,0,0.005841131215535866,0.9941588687844641,0.9970751570390542,8,16,1448,4776,4776,0.005855779414331715,0.005855779414331715,0.0014738478837631257,15,0,0.003844065999146551,6,16,16,
qaoa,4x4,16,0.3,8,variational_layer,,0,0.029461410835361357,0.9705385891646386,1.0000000000000009,8,8,1448,1448,256,0.010597502554484795,0.010597502554484795,0.000657013080864312,60,0,0.4761048590298742,6,16,16,sweeps=2 converged=True
qaoa,4x4,16,0.3,8,oracle_compress,,0,0.005796642971471533,0.9942033570285285,0.9970974661629147,8,8,1448,1448,512,0.00581108976957089,0.00581108976957089,0.0014738478837630002,15,0,0.0028971710125915706,6,16,16,
qaoa,4x4,16,0.3,16,tdvp_layer,,1,0.14135537679020094,0.8586446232097991,1.000000000000032,4,4,168,168,32,1.2144265056184802e-30,1.2144265056184802e-30,4.155630760065415e-31,29,57,0.012233689019922167,6,16,16,
qaoa,4x4,16,0.3,16,tdvp_layer,,2,0.13040617793387588,0.8695938220661241,1.0000000000000004,4,4,168,168,32,4.283421548797483e-30,4.283421548797483e-30,1.2248408656517619e-30,58,114,0.025665831984952092,6,16,16,
qaoa,4x4,16,0.3,16,tdvp_layer,,4,0.12764956229596158,0.8723504377040384,1.0000000000000198,4,4,168,168,32,1.090230213662905e-29,1.090230213662905e-29,8.261242208909476e-31,116,228,0.052223872975446284,6,16,16,
qaoa,4x4,16,0.3,16,tdvp_layer,,8,0.12695919589467886,0.8730408041053211,1.0000000000000018,4,4,168,168,32,1.2514274775413672e-29,1.2514274775413672e-29,7.531112658762836e-31,232,456,0.1045199729851447,6,16,16,
qaoa,4x4,16,0.3,16,mpo_gatewise,horiz_first,0,0.0,1.0,0.9999999999999845,16,16,4776,4776,4776,5.174627408767274e-31,4.160749254440842e-31,6.849063272166055e-32,174,0,0.03484255797229707,6,16,16,
qaoa,4x4,16,0.3,16,mpo_gatewise,vert_first,0,0.0,1.0,0.9999999999999812,16,16,4776,4776,5800,8.153203502652028e-31,3.615391473555329e-31,8.458622447970079e-32,174,0,0.03518406901275739,6,16,16,
qaoa,4x4,16,0.3,16,mpo_layer,,0,3.3306690738754696e-15,0.9999999999999967,0.9999999999999892,16,16,4776,4776,4776,5.043903858491149e-31,5.043903858491149e-31,8.523555276795292e-32,15,0,0.004262351023498923,6,16,16,
qaoa,4x4,16,0.3,16,variational_layer,,0,6.661338147750939e-15,0.9999999999999933,0.9999999999999981,16,16,4776,4776,0,0.0,0.0,0.0,0,0,0.008644615998491645,6,16,16,sweeps=0 converged=True
qaoa,4x4,16,0.3,16,oracle_compress,,0,1.2545520178264269e-14,0.9999999999999875,0.9999999999999939,16,16,4776,4776,1024,4.6860223791182105e-31,4.6860223791182105e-31,6.883890743271435e-32,15,0,0.0032213879749178886,6,16,16,
qaoa,4x4,16,0.3,32,tdvp_layer,,1,0.14135537679020094,0.8586446232097991,1.000000000000032,4,4,168,168,32,1.2144265056184802e-30,1.2144265056184802e-30,4.155630760065415e-31,29,57,0.012154950003605336,6,16,16,
qaoa,4x4,16,0.3,32,tdvp_layer,,2,0.13040617793387588,0.8695938220661241,1.0000000000000004,4,4,168,168,32,4.283421548797483e-30,4.283421548797483e-30,1.2248408656517619e-30,58,114,0.025555066007655114,6,16,16,
qaoa,4x4,16,0.3,32,tdvp_layer,,4,0.12764956229596158,0.8723504377040384,1.0000000000000198,4,4,168,168,32,1.090230213662905e-29,1.090230213662905e-29,8.261242208909476e-31,116,228,0.05197536101331934,6,16,16,
qaoa,4x4,16,0.3,32,tdvp_layer,,8,0.12695919589467886,0.8730408041053211,1.0000000000000018,4,4,168,168,32,1.2514274775413672e-29,1.2514274775413672e-29,7.531112658762836e-31,232,456,0.1036888170056045,6,16,16,
qaoa,4x4,16,0.3,32,mpo_gatewise,horiz_first,0,0.0,1.0,0.9999999999999845,16,16,4776,4776,4776,5.174627408767274e-31,4.160749254440842e-31,6.849063272166055e-32,174,0,0.03465756797231734,6,16,16,
qaoa,4x4,16,0.3,32,mpo_gatewise,vert_first,0,0.0,1.0,0.9999999999999812,16,16,4776,4776,5800,8.153203502652028e-31,3.615391473555329e-31,8.458622447970079e-32,174,0,0.03490499802865088,6,16,16,
qaoa,4x4,16,0.3,32,mpo_layer,,0,3.3306690738754696e-15,0.9999999999999967,0.9999999999999892,16,16,4776,4776,4776,5.043903858491149e-31,5.043903858491149e-31,8.523555276795292e-32,15,0,0.004353691998403519,6,16,16,
qaoa,4x4,16,0.3,32,variational_layer,,0,6.661338147750939e-15,0.9999999999999933,0.9999999999999981,16,16,4776,4776,0,0.0,0.0,0.0,0,0,0.008729249995667487,6,16,16,sweeps=0 converged=True
qaoa,4x4,16,0.3,32,oracle_compress,,0,1.2545520178264269e-14,0.9999999999999875,0.9999999999999939,16,16,4776,4776,1024,4.6860223791182105e-31,4.6860223791182105e-31,6.883890743271435e-32,15,0,0.00320248503703624,6,16,16,
qaoa,4x4,16,0.7,2,tdvp_layer,,1,0.6755984433756994,0.32440155662430065,1.0000000000000009,2,2,120,120,16,0.09094093072893138,0.09094093072893138,0.030313643576310646,29,57,0.012323035043664277,6,16,16,
qaoa,4x4,16,0.7,2,tdvp_layer,,2,0.6755984433756994,0.3244015566243006,1.0000000000000018,2,2,120,120,16,0.06873057492779917,0.06873057492779917,0.007636730547533304,58,114,0.024477923987433314,6,16,16,
qaoa,4x4,16,0.7,2,tdvp_layer,,4,0.6755984433756994,0.3244015566243006,1.0000000000000009,2,2,120,120,16,0.040169673597259696,0.040169673597259696,0.0019128415998695258,116,228,0.049088441010098904,6,16,16,
qaoa,4x4,16,0.7,2,tdvp_layer,,8,0.675598443375697,0.3244015566243031,0.9999999999999994,2,2,120,120,16,0.021529768686080267,0.021529768686080267,0.00047843930413512175,232,456,0.0985626099864021,6,16,16,
qaoa,4x4,16,0.7,2,mpo_gatewise,horiz_first,0,0.7907188498260981,0.20928115017390195,0.41530111995200636,2,2,120,120,280,1.6327044401260369,0.24580851107148938,0.11757890635775596,174,0,0.031325174029916525,6,16,16,
qaoa,4x4,16,0.7,2,mpo_gatewise,vert_first,0,0.7383500198240681,0.2616499801759319,0.5025940534010414,2,2,120,120,232,1.2933679699353138,0.11757890635775597,0.11757890635775597,174,0,0.03127306798705831,6,16,16,
qaoa,4x4,16,0.7,2,mpo_layer,,0,0.685640535257876,0.3143594647421239,0.5606776834707596,2,16,120,4776,4776,1.0948036296152144,1.0948036296152144,0.11833471473815897,15,0,0.0034927920205518603,6,16,16,
qaoa,4x4,16,0.7,2,variational_layer,,0,0.7611543044075316,0.2388456955924684,0.9999999999999986,2,2,120,120,16,2.2676823928281284,2.2676823928281284,0.11799577467638955,90,0,0.6164517550496385,6,16,16,sweeps=3 converged=True
qaoa,4x4,16,0.7,2,oracle_compress,,0,0.6809246432122618,0.3190753567877382,0.5648675568553645,2,2,120,120,128,1.0779955577364888,1.0779955577364888,0.11816183015062036,15,0,0.0025732950307428837,6,16,16,
qaoa,4x4,16,0.7,4,tdvp_layer,,1,0.5695238037246345,0.4304761962753655,1.0000000000000042,4,4,168,168,32,2.2321686325510253e-30,2.2321686325510253e-30,6.524698407559169e-31,29,57,0.01302283100085333,6,16,16,
qaoa,4x4,16,0.7,4,tdvp_layer,,2,0.5386109002948878,0.46138909970511216,0.9999999999999657,4,4,168,168,32,1.1570628798853176e-27,1.1570628798853176e-27,9.718230380166886e-28,58,114,0.02592318900860846,6,16,16,
qaoa,4x4,16,0.7,4,tdvp_layer,,4,0.530580971800769,0.469419028199231,1.0000000000000056,4,4,168,168,32,7.511768459710308e-29,7.511768459710308e-29,2.7641541301321815e-29,116,228,0.05317402596119791,6,16,16,
qaoa,4x4,16,0.7,4,tdvp_layer,,8,0.5285541832333784,0.4714458167666216,1.0000000000000178,4,4,168,168,32,2.0332573873170692e-29,2.0332573873170692e-29,1.367109854470611e-30,232,456,0.10836678300984204,6,16,16,
qaoa,4x4,16,0.7,4,mpo_gatewise,horiz_first,0,0.520115641201213,0.479884358798787,0.6896615139143871,4,4,424,424,1064,0.6810753885996415,0.20169252316422917,0.10392265772803816,174,0,0.034417298971675336,6,16,16,
qaoa,4x4,16,0.7,4,mpo_gatewise,vert_first,0,0.534252496159456,0.465747503840544,0.6766716378040234,4,4,424,424,1040,0.8501516616677932,0.27293536963618514,0.11757890635775584,174,0,0.03257295599905774,6,16,16,
qaoa,4x4,16,0.7,4,mpo_layer,,0,0.4269714971020713,0.5730285028979287,0.7569864615024193,4,16,424,4776,4776,0.5370594372749604,0.5370594372749604,0.11001208498881584,15,0,0.003817638964392245,6,16,16,
qaoa,4x4,16,0.7,4,variational_layer,,0,0.519390314268396,0.480609685731604,0.9999999999999991,4,4,424,424,64,1.148138665567229,1.148138665567229,0.08007638945182795,60,0,0.4408627270022407,6,16,16,sweeps=2 converged=True
qaoa,4x4,16,0.7,4,oracle_compress,,0,0.42830829305541407,0.5716917069445859,0.7561029737705098,4,4,424,424,256,0.5392953548072529,0.5392953548072529,0.11001208498878558,15,0,0.0025754760135896504,6,16,16,
qaoa,4x4,16,0.7,8,tdvp_layer,,1,0.5695238037246345,0.4304761962753655,1.0000000000000042,4,4,168,168,32,2.2321686325510253e-30,2.2321686325510253e-30,6.524698407559169e-31,29,57,0.011894448020029813,6,16,16,
qaoa,4x4,16,0.7,8,tdvp_layer,,2,0.5386109002948878,0.46138909970511216,0.9999999999999657,4,4,168,168,32,1.1570628798853176e-27,1.1570628798853176e-27,9.718230380166886e-28,58,114,0.026302396960090846,6,16,16,
qaoa,4x4,16,0.7,8,tdvp_layer,,4,0.530580971800769,0.469419028199231,1.0000000000000056,4,4,168,168,32,7.511768459710308e-29,7.511768459710308e-29,2.7641541301321815e-29,116,228,0.05152420804370195,6,16,16,
qaoa,4x4,16,0.7,8,tdvp_layer,,8,0.5285541832333784,0.4714458167666216,1.0000000000000178,4,4,168,168,32,2.0332573873170692e-29,2.0332573873170692e-29,1.367109854470611e-30,232,456,0.11011188197880983,6,16,16,
qaoa,4x4,16,0.7,8,mpo_gatewise,horiz_first,0,0.2266817012646516,0.7733182987353484,0.8793851822354879,8,8,1448,1448,4008,0.23245933236111407,0.1000369179033366,0.09026640909832047,174,0,0.03541862603742629,6,16,16,
qaoa,4x4,16,0.7,8,mpo_gatewise,vert_first,0,0.2591365213283521,0.7408634786716479,0.8637588158609055,8,8,1448,1448,4008,0.3417980940976198,0.12330104399450495,0.11757890635775572,174,0,0.03566657303599641,6,16,16,
qaoa,4x4,16,0.7,8,mpo_layer,,0,0.13697292540588413,0.8630270745941159,0.9289925051334624,8,16,1448,4776,4776,0.14573477218003775,0.14573477218003775,0.03822338811498394,15,0,0.00392748904414475,6,16,16,
qaoa,4x4,16,0.7,8,variational_layer,,0,0.22662813018166428,0.7733718698183357,0.9999999999999988,8,8,1448,1448,256,0.23897885678078584,0.23897885678078584,0.013508188976034624,60,0,0.4663009570213035,6,16,16,sweeps=2 converged=True
qaoa,4x4,16,0.7,8,oracle_compress,,0,0.1339667386110679,0.8660332613889321,0.9306090808652927,8,8,1448,1448,512,0.142291699434265,0.142291699434265,0.03822338811497168,15,0,0.0027399190003052354,6,16,16,
qaoa,4x4,16,0.7,16,tdvp_layer,,1,0.5695238037246345,0.4304761962753655,1.0000000000000042,4,4,168,168,32,2.2321686325510253e-30,2.2321686325510253e-30,6.524698407559169e-31,29,57,0.012350478966254741,6,16,16,
qaoa,4x4,16,0.7,16,tdvp_layer,,2,0.5386109002948878,0.46138909970511216,0.9999999999999657,4,4,168,168,32,1.1570628798853176e-27,1.1570628798853176e-27,9.718230380166886e-28,58,114,0.02553221699781716,6,16,16,
qaoa,4x4,16,0.7,16,tdvp_layer,,4,0.530580971800769,0.469419028199231,1.0000000000000056,4,4,168,168,32,7.511768459710308e-29,7.511768459710308e-29,2.7641541301321815e-29,116,228,0.055503382987808436,6,16,16,
qaoa,4x4,16,0.7,16,tdvp_layer,,8,0.5285541832333784,0.4714458167666216,1.0000000000000178,4,4,168,168,32,2.0332573873170692e-29,2.0332573873170692e-29,1.367109854470611e-30,232,456,0.10757416300475597,6,16,16,
qaoa,4x4,16,0.7,16,mpo_gatewise,horiz_first,0,2.0872192862952943e-14,0.9999999999999791,0.9999999999999831,16,16,4776,4776,4776,6.3601240268060275e-31,2.713154808138942e-31,4.671892759467371e-32,174,0,0.03558278694981709,6,16,16,
qaoa,4x4,16,0.7,16,mpo_gatewise,vert_first,0,9.2148511043888e-15,0.9999999999999908,0.9999999999999868,16,16,4776,4776,5800,8.341360999444397e-31,2.670265652806749e-31,4.68540408319993e-32,174,0,0.03492479398846626,6,16,16,
qaoa,4x4,16,0.7,16,mpo_layer,,0,1.7985612998927536e-14,0.999999999999982,1.000000000000018,16,16,4776,4776,4776,3.0957323328035935e-31,3.0957323328035935e-31,5.555647260523352e-32,15,0,0.004446237988304347,6,16,16,
qaoa,4x4,16,0.7,16,variational_layer,,0,1.765254609153999e-14,0.9999999999999823,0.9999999999999895,16,16,4776,4776,0,0.0,0.0,0.0,0,0,0.00846183899557218,6,16,16,sweeps=0 converged=True
qaoa,4x4,16,0.7,16,oracle_compress,,0,1.687538997430238e-14,0.9999999999999831,1.0000000000000002,16,16,4776,4776,1024,3.091635592477129e-31,3.091635592477129e-31,4.8834779203506863e-32,15,0,0.003407294978387654,6,16,16,
qaoa,4x4,16,0.7,32,tdvp_layer,,1,0.5695238037246345,0.4304761962753655,1.0000000000000042,4,4,168,168,32,2.2321686325510253e-30,2.2321686325510253e-30,6.524698407559169e-31,29,57,0.01234906300669536,6,16,16,
qaoa,4x4,16,0.7,32,tdvp_layer,,2,0.5386109002948878,0.46138909970511216,0.9999999999999657,4,4,168,168,32,1.1570628798853176e-27,1.1570628798853176e-27,9.718230380166886e-28,58,114,0.026269824942573905,6,16,16,
qaoa,4x4,16,0.7,32,tdvp_layer,,4,0.530580971800769,0.469419028199231,1.0000000000000056,4,4,168,168,32,7.511768459710308e-29,7.511768459710308e-29,2.7641541301321815e-29,116,228,0.05302375298924744,6,16,16,
qaoa,4x4,16,0.7,32,tdvp_layer,,8,0.5285541832333784,0.4714458167666216,1.0000000000000178,4,4,168,168,32,2.0332573873170692e-29,2.0332573873170692e-29,1.367109854470611e-30,232,456,0.10654139402322471,6,16,16,
qaoa,4x4,16,0.7,32,mpo_gatewise,horiz_first,0,2.0872192862952943e-14,0.9999999999999791,0.9999999999999831,16,16,4776,4776,4776,6.3601240268060275e-31,2.713154808138942e-31,4.671892759467371e-32,174,0,0.03552465100074187,6,16,16,
qaoa,4x4,16,0.7,32,mpo_gatewise,vert_first,0,9.2148511043888e-15,0.9999999999999908,0.9999999999999868,16,16,4776,4776,5800,8.341360999444397e-31,2.670265652806749e-31,4.68540408319993e-32,174,0,0.03538413601927459,6,16,16,
qaoa,4x4,16,0.7,32,mpo_layer,,0,1.7985612998927536e-14,0.999999999999982,1.000000000000018,16,16,4776,4776,4776,3.0957323328035935e-31,3.0957323328035935e-31,5.555647260523352e-32,15,0,0.0043288570013828576,6,16,16,
qaoa,4x4,16,0.7,32,variational_layer,,0,1.765254609153999e-14,0.9999999999999823,0.9999999999999895,16,16,4776,4776,0,0.0,0.0,0.0,0,0,0.008428386994637549,6,16,16,sweeps=0 converged=True
qaoa,4x4,16,0.7,32,oracle_compress,,0,1.687538997430238e-14,0.9999999999999831,1.0000000000000002,16,16,4776,4776,1024,3.091635592477129e-31,3.091635592477129e-31,4.8834779203506863e-32,15,0,0.003181523992680013,6,16,16,
qaoa,5x5,25,0.3,4,tdvp_layer,,1,0.25438041032051906,0.7456195896794809,1.0000000000000049,4,4,256,256,32,2.7092327519783082e-30,2.7092327519783082e-30,3.8096887742509304e-31,47,93,0.019662310020066798,7,32,32,
qaoa,5x5,25,0.3,4,tdvp_layer,,2,0.24167629697488324,0.7583237030251168,1.000000000000006,4,4,256,256,32,5.623397629200315e-30,5.623397629200315e-30,1.0451095817667354e-30,94,186,0.04128577996743843,7,32,32,
qaoa,5x5,25,0.3,4,tdvp_layer,,4,0.23846941949364941,0.7615305805063506,1.000000000000002,4,4,256,256,32,8.033217935778342e-30,8.033217935778342e-30,4.527420927949036e-31,188,372,0.08442274201661348,7,32,32,
qaoa,5x5,25,0.3,4,tdvp_layer,,8,0.23766576011602136,0.7623342398839786,1.0000000000000082,4,4,256,256,32,2.3312189653160728e-29,2.3312189653160728e-29,7.195350703022788e-31,376,744,0.16588653804501519,7,32,32,
qaoa,5x5,25,0.3,4,mpo_gatewise,horiz_first,0,0.20780812439136775,0.7921918756086322,0.8923660495273636,4,4,696,696,1504,0.21482792255153538,0.044612312646809114,0.0200820095087353,448,0,0.08727559295948595,7,32,32,
qaoa,5x5,25,0.3,4,mpo_gatewise,vert_first,0,0.24984450432877225,0.7501554956712277,0.8660429783848643,4,4,496,628,1108,0.2588749459303079,0.0432804843729325,0.022331755437196996,448,0,0.08723645599093288,7,32,32,
qaoa,5x5,25,0.3,4,mpo_layer,,0,0.17289722735347535,0.8271027726465247,0.9094519078249894,4,32,712,33448,33448,0.18794263893162075,0.18794263893162075,0.022788245193391052,24,0,0.00714968895772472,7,32,32,
qaoa,5x5,25,0.3,4,variational_layer,,0,0.19291919989495188,0.8070808001050481,0.9999999999999887,4,4,712,712,64,0.2217687924316791,0.2217687924316791,0.010582971031316907,144,0,155.6550937310094,7,32,32,sweeps=3 converged=True
qaoa,5x5,25,0.3,4,oracle_compress,,0,0.17289722735347468,0.8271027726465253,0.9094519078249965,4,4,712,712,512,0.18794263893161664,0.18794263893161664,0.0227882451933908,24,0,0.004239249043166637,7,32,32,
qaoa,5x5,25,0.3,8,tdvp_layer,,1,0.25438041032051906,0.7456195896794809,1.0000000000000049,4,4,256,256,32,2.7092327519783082e-30,2.7092327519783082e-30,3.8096887742509304e-31,47,93,0.01933305198326707,7,32,32,
qaoa,5x5,25,0.3,8,tdvp_layer,,2,0.24167629697488324,0.7583237030251168,1.000000000000006,4,4,256,256,32,5.623397629200315e-30,5.623397629200315e-30,1.0451095817667354e-30,94,186,0.04042518400819972,7,32,32,
qaoa,5x5,25,0.3,8,tdvp_layer,,4,0.23846941949364941,0.7615305805063506,1.000000000000002,4,4,256,256,32,8.033217935778342e-30,8.033217935778342e-30,4.527420927949036e-31,188,372,0.08459052897524089,7,32,32,
qaoa,5x5,25,0.3,8,tdvp_layer,,8,0.23766576011602136,0.7623342398839786,1.0000000000000082,4,4,256,256,32,2.3312189653160728e-29,2.3312189653160728e-29,7.195350703022788e-31,376,744,0.1702921480173245,7,32,32,
qaoa,5x5,25,0.3,8,mpo_gatewise,horiz_first,0,0.05312366601475327,0.9468763339852467,0.9727079593526644,8,8,2600,2600,5808,0.05690226297304608,0.0152976384780718,0.0152976384780718,448,0,0.09198808495420963,7,32,32,
qaoa,5x5,25,0.3,8,mpo_gatewise,vert_first,0,0.0719179407808972,0.9280820592191028,0.9632838818995819,8,8,2456,2456,5778,0.1054921084828873,0.022331755437196982,0.022331755437196982,448,0,0.09118076600134373,7,32,32,
qaoa,5x5,25,0.3,8,mpo_layer,,0,0.03024155429988995,0.96975844570011,0.9847631419280996,8,32,2600,33448,33448,0.030679939220381786,0.030679939220381786,0.002365606207024764,24,0,0.007932635024189949,7,32,32,
qaoa,5x5,25,0.3,8,variational_layer,,0,0.053123636545096775,0.9468763634549032,1.000000000000025,8,8,2600,2600,256,0.06281283263074643,0.06281283263074643,0.0015900536745215548,96,0,126.10205222095829,7,32,32,sweeps=2 converged=True
qaoa,5x5,25,0.3,8,oracle_compress,,0,0.03032634978346649,0.9696736502165335,0.9847200872413091,8,8,2600,2600,1024,0.030767169517239828,0.030767169517239828,0.0023656062070246914,24,0,0.005020609998609871,7,32,32,
qaoa,5x5,25,0.3,16,tdvp_layer,,1,0.25438041032051906,0.7456195896794809,1.0000000000000049,4,4,256,256,32,2.7092327519783082e-30,2.7092327519783082e-30,3.8096887742509304e-31,47,93,0.019153725006617606,7,32,32,
qaoa,5x5,25,0.3,16,tdvp_layer,,2,0.24167629697488324,0.7583237030251168,1.000000000000006,4,4,256,256,32,5.623397629200315e-30,5.623397629200315e-30,1.0451095817667354e-30,94,186,0.04038044798653573,7,32,32,
qaoa,5x5,25,0.3,16,tdvp_layer,,4,0.23846941949364941,0.7615305805063506,1.000000000000002,4,4,256,256,32,8.033217935778342e-30,8.033217935778342e-30,4.527420927949036e-31,188,372,0.08234803099185228,7,32,32,
qaoa,5x5,25,0.3,16,tdvp_layer,,8,0.23766576011602136,0.7623342398839786,1.0000000000000082,4,4,256,256,32,2.3312189653160728e-29,2.3312189653160728e-29,7.195350703022788e-31,376,744,0.16840044100536034,7,32,32,
qaoa,5x5,25,0.3,16,mpo_gatewise,horiz_first,0,0.02583591869956181,0.9741640813004382,0.9869979208418891,16,16,9168,9168,22192,0.025018328814037642,0.015299195752315529,0.015299195752315529,448,0,0.10060140100540593,7,32,32,
qaoa,5x5,25,0.3,16,mpo_gatewise,vert_first,0,0.023618771706240493,0.9763812282937595,0.9881180692351832,16,16,8892,8892,22186,0.06945508007703668,0.022331755437197006,0.022331755437197006,448,0,0.09875721001299098,7,32,32,
qaoa,5x5,25,0.3,16,mpo_layer,,0,0.0013683651151030762,0.9986316348848969,0.9993155832292877,16,32,9384,33448,33448,0.001369242325476189,0.001369242325476189,0.00010767278485391155,24,0,0.010150367044843733,7,32,32,
qaoa,5x5,25,0.3,16,variational_layer,,0,0.025835918699563587,0.9741640813004364,0.9999999999999927,16,16,9168,9168,1024,0.0036024959980288764,0.0036024959980288764,6.0595690719735055e-05,96,0,151.94829053099966,7,32,32,sweeps=2 converged=True
qaoa,5x5,25,0.3,16,oracle_compress,,0,0.0013683651150996345,0.9986316348849004,0.9993155832292928,16,16,9384,9384,2048,0.0013692423254761125,0.0013692423254761125,0.00010767278485390417,24,0,0.007121124013792723,7,32,32,
qaoa,5x5,25,0.3,32,tdvp_layer,,1,0.25438041032051906,0.7456195896794809,1.0000000000000049,4,4,256,256,32,2.7092327519783082e-30,2.7092327519783082e-30,3.8096887742509304e-31,47,93,0.019740744959563017,7,32,32,
qaoa,5x5,25,0.3,32,tdvp_layer,,2,0.24167629697488324,0.7583237030251168,1.000000000000006,4,4,256,256,32,5.623397629200315e-30,5.623397629200315e-30,1.0451095817667354e-30,94,186,0.042310402961447835,7,32,32,
qaoa,5x5,25,0.3,32,tdvp_layer,,4,0.23846941949364941,0.7615305805063506,1.000000000000002,4,4,256,256,32,8.033217935778342e-30,8.033217935778342e-30,4.527420927949036e-31,188,372,0.08563212299486622,7,32,32,
qaoa,5x5,25,0.3,32,tdvp_layer,,8,0.23766576011602136,0.7623342398839786,1.0000000000000082,4,4,256,256,32,2.3312189653160728e-29,2.3312189653160728e-29,7.195350703022788e-31,376,744,0.17236002400750294,7,32,32,
qaoa,5x5,25,0.3,32,mpo_gatewise,horiz_first,0,-6.661338147750939e-16,1.0000000000000007,1.0000000000000187,32,32,33448,33448,33448,7.929419005215291e-30,2.4793078570113537e-30,3.9008423476843254e-31,448,0,0.11045662401011214,7,32,32,
qaoa,5x5,25,0.3,32,mpo_gatewise,vert_first,0,-1.3322676295501878e-15,1.0000000000000013,1.0000000000000087,32,32,33448,33448,37544,1.9651502706567454e-29,9.699668949743123e-30,8.293476291299542e-31,448,0,0.11300307797500864,7,32,32,
qaoa,5x5,25,0.3,32,mpo_layer,,0,8.881784197001252e-16,0.9999999999999991,0.9999999999999974,32,32,33448,33448,33448,4.399814655071247e-30,4.399814655071247e-30,3.6670503828655417e-31,24,0,0.013630691973958164,7,32,32,
qaoa,5x5,25,0.3,32,variational_layer,,0,8.881784197001252e-16,0.9999999999999991,1.0000000000115246,32,32,33448,33448,0,0.0,0.0,0.0,0,0,2.403323728009127,7,32,32,sweeps=0 converged=True
qaoa,5x5,25,0.3,32,oracle_compress,,0,-1.7763568394002505e-15,1.0000000000000018,0.9999999999999993,32,32,33448,33448,4096,2.421027534756574e-30,2.421027534756574e-30,3.0346386097661448e-31,24,0,0.010611760022584349,7,32,32,
qaoa,5x5,25,0.3,64,tdvp_layer,,1,0.25438041032051906,0.7456195896794809,1.0000000000000049,4,4,256,256,32,2.7092327519783082e-30,2.7092327519783082e-30,3.8096887742509304e-31,47,93,0.01905245496891439,7,32,32,
qaoa,5x5,25,0.3,64,tdvp_layer,,2,0.24167629697488324,0.7583237030251168,1.000000000000006,4,4,256,256,32,5.623397629200315e-30,5.623397629200315e-30,1.0451095817667354e-30,94,186,0.03985226101940498,7,32,32,
qaoa,5x5,25,0.3,64,tdvp_layer,,4,0.23846941949364941,0.7615305805063506,1.000000000000002,4,4,256,256,32,8.033217935778342e-30,8.033217935778342e-30,4.527420927949036e-31,188,372,0.08736388297984377,7,32,32,
qaoa,5x5,25,0.3,64,tdvp_layer,,8,0.23766576011602136,0.7623342398839786,1.0000000000000082,4,4,256,256,32,2.3312189653160728e-29,2.3312189653160728e-29,7.195350703022788e-31,376,744,0.1666653860011138,7,32,32,
qaoa,5x5,25,0.3,64,mpo_gatewise,horiz_first,0,-6.661338147750939e-16,1.0000000000000007,1.0000000000000187,32,32,33448,33448,33448,7.929419005215291e-30,2.4793078570113537e-30,3.9008423476843254e-31,448,0,0.11033798102289438,7,32,32,
qaoa,5x5,25,0.3,64,mpo_gatewise,vert_first,0,-1.3322676295501878e-15,1.0000000000000013,1.0000000000000087,32,32,33448,33448,37544,1.9651502706567454e-29,9.699668949743123e-30,8.293476291299542e-31,448,0,0.11645656201289967,7,32,32,
qaoa,5x5,25,0.3,64,mpo_layer,,0,8.881784197001252e-16,0.9999999999999991,0.9999999999999974,32,32,33448,33448,33448,4.399814655071247e-30,4.399814655071247e-30,3.6670503828655417e-31,24,0,0.014128278999123722,7,32,32,
qaoa,5x5,25,0.3,64,variational_layer,,0,8.881784197001252e-16,0.9999999999999991,1.0000000000115246,32,32,33448,33448,0,0.0,0.0,0.0,0,0,2.395484722976107,7,32,32,sweeps=0 converged=True
qaoa,5x5,25,0.3,64,oracle_compress,,0,-1.7763568394002505e-15,1.0000000000000018,0.9999999999999993,32,32,33448,33448,4096,2.421027534756574e-30,2.421027534756574e-30,3.0346386097661448e-31,24,0,0.011556717043276876,7,32,32,
qaoa,5x5,25,0.7,4,tdvp_layer,,1,0.8029231041944249,0.1970768958055751,1.0000000000000044,4,4,256,256,32,7.611469082993943e-30,7.611469082993943e-30,1.8830187097791498e-30,47,93,0.0190242690150626,7,32,32,
qaoa,5x5,25,0.7,4,tdvp_layer,,2,0.7838310576400347,0.21616894235996537,1.0000000000000056,4,4,256,256,32,1.2025238404266714e-29,1.2025238404266714e-29,1.673164772298985e-30,94,186,0.03994950599735603,7,32,32,
qaoa,5x5,25,0.7,4,tdvp_layer,,4,0.7788003455239184,0.22119965447608156,1.000000000000022,4,4,256,256,32,1.5066103252138233e-29,1.5066103252138233e-29,1.1209054906472269e-30,188,372,0.08217492297990248,7,32,32,
qaoa,5x5,25,0.7,4,tdvp_layer,,8,0.7775260121786489,0.22247398782135114,1.0000000000000573,4,4,256,256,32,3.1140397796624734e-29,3.1140397796624734e-29,1.6796619973595897e-30,376,744,0.1647768510156311,7,32,32,
qaoa,5x5,25,0.7,4,mpo_gatewise,horiz_first,0,0.744873816212587,0.255126183787413,0.5018067179921744,4,4,696,696,1504,1.3005502129020372,0.13948457517901536,0.10392265772803616,448,0,0.08657384401885793,7,32,32,
qaoa,5x5,25,0.7,4,mpo_gatewise,vert_first,0,0.796513288138647,0.20348671186135298,0.4479956327822427,4,4,480,628,1108,1.5112226658854853,0.215200648738457,0.11757890635775578,448,0,0.08576629898743704,7,32,32,
qaoa,5x5,25,0.7,4,mpo_layer,,0,0.7059608202901202,0.29403917970987986,0.5422537963997174,4,32,712,33448,33448,1.171394287374199,1.171394287374199,0.12630897237501196,24,0,0.007214432000182569,7,32,32,
qaoa,5x5,25,0.7,4,variational_layer,,0,0.7269563365935527,0.2730436634064472,1.0000000000000064,4,4,712,712,64,0.7929377075343798,0.7929377075343798,0.0656796329292823,96,0,103.71943903900683,7,32,32,sweeps=2 converged=True
qaoa,5x5,25,0.7,4,oracle_compress,,0,0.7059608202901195,0.29403917970988047,0.5422537963996941,4,4,712,712,512,1.1713942873742018,1.1713942873742018,0.12630897237501254,24,0,0.004171106964349747,7,32,32,
qaoa,5x5,25,0.7,8,tdvp_layer,,1,0.8029231041944249,0.1970768958055751,1.0000000000000044,4,4,256,256,32,7.611469082993943e-30,7.611469082993943e-30,1.8830187097791498e-30,47,93,0.01888688199687749,7,32,32,
qaoa,5x5,25,0.7,8,tdvp_layer,,2,0.7838310576400347,0.21616894235996537,1.0000000000000056,4,4,256,256,32,1.2025238404266714e-29,1.2025238404266714e-29,1.673164772298985e-30,94,186,0.040051926975138485,7,32,32,
qaoa,5x5,25,0.7,8,tdvp_layer,,4,0.7788003455239184,0.22119965447608156,1.000000000000022,4,4,256,256,32,1.5066103252138233e-29,1.5066103252138233e-29,1.1209054906472269e-30,188,372,0.08260444301413372,7,32,32,
qaoa,5x5,25,0.7,8,tdvp_layer,,8,0.7775260121786489,0.22247398782135114,1.0000000000000573,4,4,256,256,32,3.1140397796624734e-29,3.1140397796624734e-29,1.6796619973595897e-30,376,744,0.1672838760423474,7,32,32,
qaoa,5x5,25,0.7,8,mpo_gatewise,horiz_first,0,0.5098746282651369,0.49012537173486315,0.6956607789611843,8,8,2600,2600,5808,0.7118174869405347,0.2123636176710297,0.09028453904595198,448,0,0.09197507100179791,7,32,32,
qaoa,5x5,25,0.7,8,mpo_gatewise,vert_first,0,0.5656230818794635,0.43437691812053647,0.6583093225022825,8,8,2504,2504,5778,0.9211952981205483,0.13840242822803725,0.11757890635775578,448,0,0.09204601199598983,7,32,32,
qaoa,5x5,25,0.7,8,mpo_layer,,0,0.46118139983005635,0.5388186001699437,0.7340426419289227,8,32,2600,33448,33448,0.606812210278932,0.606812210278932,0.05333163574517963,24,0,0.007903356978204101,7,32,32,
qaoa,5x5,25,0.7,8,variational_layer,,0,0.5098681252008784,0.49013187479912157,1.0000000000000002,8,8,2600,2600,256,1.0263237613853735,1.0263237613853735,0.031176678610150083,96,0,125.73869270802243,7,32,32,sweeps=2 converged=True
qaoa,5x5,25,0.7,8,oracle_compress,,0,0.46391836298104505,0.536081637018955,0.7321759604213667,8,8,2600,2600,1024,0.6116473350376266,0.6116473350376266,0.053331635745179726,24,0,0.004953760013449937,7,32,32,
qaoa,5x5,25,0.7,16,tdvp_layer,,1,0.8029231041944249,0.1970768958055751,1.0000000000000044,4,4,256,256,32,7.611469082993943e-30,7.611469082993943e-30,1.8830187097791498e-30,47,93,0.019618546008132398,7,32,32,
qaoa,5x5,25,0.7,16,tdvp_layer,,2,0.7838310576400347,0.21616894235996537,1.0000000000000056,4,4,256,256,32,1.2025238404266714e-29,1.2025238404266714e-29,1.673164772298985e-30,94,186,0.04273335397010669,7,32,32,
qaoa,5x5,25,0.7,16,tdvp_layer,,4,0.7788003455239184,0.22119965447608156,1.000000000000022,4,4,256,256,32,1.5066103252138233e-29,1.5066103252138233e-29,1.1209054906472269e-30,188,372,0.08922539895866066,7,32,32,
qaoa,5x5,25,0.7,16,tdvp_layer,,8,0.7775260121786489,0.22247398782135114,1.0000000000000573,4,4,256,256,32,3.1140397796624734e-29,3.1140397796624734e-29,1.6796619973595897e-30,376,744,0.1694962810142897,7,32,32,
qaoa,5x5,25,0.7,16,mpo_gatewise,horiz_first,0,0.23035044092892853,0.7696495590710715,0.8773923033605874,16,16,9168,9168,22192,0.2589851110640588,0.09026640909832064,0.09026640909832064,448,0,0.10278101800940931,7,32,32,
qaoa,5x5,25,0.7,16,mpo_gatewise,vert_first,0,0.23463479940926935,0.7653652005907307,0.8763213036103689,16,16,8892,8892,22186,0.4623990081282275,0.11757890635775582,0.11757890635775582,448,0,0.10065893502905965,7,32,32,
qaoa,5x5,25,0.7,16,mpo_layer,,0,0.12621707733553855,0.8737829226644614,0.9347635651139451,16,32,9384,33448,33448,0.13433042949986,0.13433042949986,0.013523005289854631,24,0,0.01006379205500707,7,32,32,
qaoa,5x5,25,0.7,16,variational_layer,,0,0.2303463649435784,0.7696536350564216,1.0000000000000304,16,16,9168,9168,1024,0.26555064314480875,0.26555064314480875,0.006069680328616794,96,0,152.43887128098868,7,32,32,sweeps=2 converged=True
qaoa,5x5,25,0.7,16,oracle_compress,,0,0.12621707733553844,0.8737829226644616,0.9347635651139028,16,16,9384,9384,2048,0.13433042949985916,0.13433042949985916,0.013523005289854402,24,0,0.007281975005753338,7,32,32,
qaoa,5x5,25,0.7,32,tdvp_layer,,1,0.8029231041944249,0.1970768958055751,1.0000000000000044,4,4,256,256,32,7.611469082993943e-30,7.611469082993943e-30,1.8830187097791498e-30,47,93,0.019155538990162313,7,32,32,
qaoa,5x5,25,0.7,32,tdvp_layer,,2,0.7838310576400347,0.21616894235996537,1.0000000000000056,4,4,256,256,32,1.2025238404266714e-29,1.2025238404266714e-29,1.673164772298985e-30,94,186,0.040380947990342975,7,32,32,
qaoa,5x5,25,0.7,32,tdvp_layer,,4,0.7788003455239184,0.22119965447608156,1.000000000000022,4,4,256,256,32,1.5066103252138233e-29,1.5066103252138233e-29,1.1209054906472269e-30,188,372,0.08272736798971891,7,32,32,
qaoa,5x5,25,0.7,32,tdvp_layer,,8,0.7775260121786489,0.22247398782135114,1.0000000000000573,4,4,256,256,32,3.1140397796624734e-29,3.1140397796624734e-29,1.6796619973595897e-30,376,744,0.17308668501209468,7,32,32,
qaoa,5x5,25,0.7,32,mpo_gatewise,horiz_first,0,-6.661338147750939e-16,1.0000000000000007,1.0000000000000067,32,32,33448,33448,33448,8.015304090463263e-30,2.3731005239895096e-30,1.692656930299167e-30,448,0,0.10942366597009823,7,32,32,
qaoa,5x5,25,0.7,32,mpo_gatewise,vert_first,0,6.661338147750939e-16,0.9999999999999993,0.9999999999999978,32,32,33448,33448,37544,8.431045027357284e-30,2.584380562532918e-30,2.602564811871657e-31,448,0,0.11153903300873935,7,32,32,
qaoa,5x5,25,0.7,32,mpo_layer,,0,1.9984014443252818e-15,0.999999999999998,1.0000000000000457,32,32,33448,33448,33448,2.4523508024925853e-30,2.4523508024925853e-30,1.9642156307038267e-31,24,0,0.013643826998304576,7,32,32,
qaoa,5x5,25,0.7,32,variational_layer,,0,-8.881784197001252e-16,1.0000000000000009,0.9999999999999034,32,32,33448,33448,0,0.0,0.0,0.0,0,0,2.371879782003816,7,32,32,sweeps=0 converged=True
qaoa,5x5,25,0.7,32,oracle_compress,,0,-4.440892098500626e-16,1.0000000000000004,0.9999999999999961,32,32,33448,33448,4096,1.7059520551084158e-30,1.7059520551084158e-30,2.414233408737588e-31,24,0,0.010533505992498249,7,32,32,
qaoa,5x5,25,0.7,64,tdvp_layer,,1,0.8029231041944249,0.1970768958055751,1.0000000000000044,4,4,256,256,32,7.611469082993943e-30,7.611469082993943e-30,1.8830187097791498e-30,47,93,0.019209871999919415,7,32,32,
qaoa,5x5,25,0.7,64,tdvp_layer,,2,0.7838310576400347,0.21616894235996537,1.0000000000000056,4,4,256,256,32,1.2025238404266714e-29,1.2025238404266714e-29,1.673164772298985e-30,94,186,0.04024297097930685,7,32,32,
qaoa,5x5,25,0.7,64,tdvp_layer,,4,0.7788003455239184,0.22119965447608156,1.000000000000022,4,4,256,256,32,1.5066103252138233e-29,1.5066103252138233e-29,1.1209054906472269e-30,188,372,0.08187023998470977,7,32,32,
qaoa,5x5,25,0.7,64,tdvp_layer,,8,0.7775260121786489,0.22247398782135114,1.0000000000000573,4,4,256,256,32,3.1140397796624734e-29,3.1140397796624734e-29,1.6796619973595897e-30,376,744,0.167327563976869,7,32,32,
qaoa,5x5,25,0.7,64,mpo_gatewise,horiz_first,0,-6.661338147750939e-16,1.0000000000000007,1.0000000000000067,32,32,33448,33448,33448,8.015304090463263e-30,2.3731005239895096e-30,1.692656930299167e-30,448,0,0.1081024439772591,7,32,32,
qaoa,5x5,25,0.7,64,mpo_gatewise,vert_first,0,6.661338147750939e-16,0.9999999999999993,0.9999999999999978,32,32,33448,33448,37544,8.431045027357284e-30,2.584380562532918e-30,2.602564811871657e-31,448,0,0.11050799099029973,7,32,32,
qaoa,5x5,25,0.7,64,mpo_layer,,0,1.9984014443252818e-15,0.999999999999998,1.0000000000000457,32,32,33448,33448,33448,2.4523508024925853e-30,2.4523508024925853e-30,1.9642156307038267e-31,24,0,0.013882155995815992,7,32,32,
qaoa,5x5,25,0.7,64,variational_layer,,0,-8.881784197001252e-16,1.0000000000000009,0.9999999999999034,32,32,33448,33448,0,0.0,0.0,0.0,0,0,2.3842464410117827,7,32,32,sweeps=0 converged=True
qaoa,5x5,25,0.7,64,oracle_compress,,0,-4.440892098500626e-16,1.0000000000000004,0.9999999999999961,32,32,33448,33448,4096,1.7059520551084158e-30,1.7059520551084158e-30,2.414233408737588e-31,24,0,0.01066387997707352,7,32,32,
oat,N16,16,0.5,2,tdvp_layer,,1,0.007827056424666856,0.9921729435753331,1.0000000000000022,2,2,120,120,16,0.00120048173575277,0.00120048173575277,0.00012866013363234337,29,57,0.013535608013626188,3,9,8,
oat,N16,16,0.5,2,tdvp_layer,,2,0.007788711561277029,0.992211288438723,0.9999999999999993,2,2,120,120,16,0.0006312053388363454,0.0006312053388363454,4.274910593115995e-05,58,114,0.026729379023890942,3,9,8,
oat,N16,16,0.5,2,tdvp_layer,,4,0.00804070000241841,0.9919592999975816,0.9999999999999983,2,2,120,120,16,0.00025024702589191534,0.00025024702589191534,1.1821206543314843e-05,116,228,0.05530497495783493,3,9,8,
oat,N16,16,0.5,2,tdvp_layer,,8,0.008225220391541166,0.9917747796084588,1.0000000000000018,2,2,120,120,16,0.00012298176303173253,0.00012298176303173253,3.1550733523688557e-06,232,456,0.1121002989821136,3,9,8,
oat,N16,16,0.5,2,mpo_gatewise,lexicographic,0,0.01917163371616326,0.9808283662838367,0.9532116756348815,2,2,120,120,424,0.0950694478244299,0.001110699649438844,0.001110699649438844,1710,0,0.3321056499844417,3,9,8,
oat,N16,16,0.5,2,mpo_gatewise,by_distance,0,0.015439279907834114,0.9845607200921659,0.9563816624287313,2,2,120,120,424,0.0891742675735996,0.0010267223957192901,0.0008476783828890886,1710,0,0.3318894419935532,3,9,8,
oat,N16,16,0.5,2,mpo_layer,,0,0.0072361031744092585,0.9927638968255907,0.9963753794757453,2,9,120,960,960,0.007259865582443011,0.007259865582443011,0.0009017234820403881,15,0,0.0032520610257051885,3,9,8,
oat,N16,16,0.5,2,variational_layer,,0,0.0191716337161556,0.9808283662838444,1.0000000000000062,2,2,120,120,16,0.003699805152330655,0.003699805152330655,0.00020169283062966995,30,0,0.16630967799574137,3,9,8,sweeps=1 converged=True
oat,N16,16,0.5,2,oracle_compress,,0,0.0072361031744093696,0.9927638968255906,0.9963753794757882,2,2,120,120,64,0.0072598655824426366,0.0072598655824426366,0.0009017234820404652,15,0,0.0022046330268494785,3,9,8,
oat,N16,16,0.5,4,tdvp_layer,,1,0.0008652906804903493,0.9991347093195097,1.0000000000000053,4,4,412,412,32,6.527165739734585e-33,6.527165739734585e-33,6.527165739734585e-33,29,57,0.014440560014918447,3,9,8,
oat,N16,16,0.5,4,tdvp_layer,,2,6.229766085508182e-05,0.9999377023391449,1.0000000000000018,4,4,412,412,64,1.7972604004629175e-06,1.7972604004629175e-06,3.070902038725869e-07,58,114,0.03410765097942203,3,9,8,
oat,N16,16,0.5,4,tdvp_layer,,4,1.2521863194114857e-05,0.9999874781368059,1.0000000000000013,4,4,400,400,64,1.2861573067485033e-06,1.2861573067485033e-06,1.4791174248707978e-07,116,228,0.06902442197315395,3,9,8,
oat,N16,16,0.5,4,tdvp_layer,,8,9.681729743138412e-06,0.9999903182702569,0.9999999999999999,4,4,400,400,64,7.054295101898163e-07,7.054295101898163e-07,4.7344776776440076e-08,232,456,0.13306664302945137,3,9,8,
oat,N16,16,0.5,4,mpo_gatewise,lexicographic,0,0.008196004182098537,0.9918039958179015,0.9946932562448196,4,4,412,424,1448,0.009429757808844464,0.001098098044238799,0.001098098044238799,1710,0,0.34630207502050325,3,9,8,
oat,N16,16,0.5,4,mpo_gatewise,by_distance,0,0.013924763433974197,0.9860752365660258,0.9768138083367971,4,4,424,424,1448,0.046912292034934716,0.0013833722218331078,0.0006229083700314754,1710,0,0.3493501479970291,3,9,8,
oat,N16,16,0.5,4,mpo_layer,,0,9.401045959034349e-06,0.999990598954041,0.9999952994658925,4,9,400,960,960,9.401083774112307e-06,9.401083774112307e-06,1.815720275872233e-06,15,0,0.003355645982082933,3,9,8,
oat,N16,16,0.5,4,variational_layer,,0,0.00819600418210309,0.9918039958178969,0.9999999999999908,4,4,412,412,64,8.030047486992494e-09,8.030047486992494e-09,3.814548145350789e-09,30,0,0.17278184602037072,3,9,8,sweeps=1 converged=True
oat,N16,16,0.5,4,oracle_compress,,0,9.401045965251598e-06,0.9999905989540347,0.9999952994659357,4,4,400,400,128,9.401083774005127e-06,9.401083774005127e-06,1.815720275871798e-06,15,0,0.0023496749927289784,3,9,8,
oat,N16,16,0.5,8,tdvp_layer,,1,0.0008652906804903493,0.9991347093195097,1.0000000000000053,4,4,412,412,32,6.527165739734585e-33,6.527165739734585e-33,6.527165739734585e-33,29,57,0.015063719998579472,3,9,8,
oat,N16,16,0.5,8,tdvp_layer,,2,5.415832545130339e-05,0.9999458416745487,0.9999999999994488,8,8,1280,1280,224,1.1225374522687203e-12,1.1225374522687203e-12,1.405930639205471e-13,58,114,0.03721596795367077,3,9,8,
oat,N16,16,0.5,8,tdvp_layer,,4,3.391816219444621e-06,0.9999966081837806,0.9999999999988701,8,8,1064,1064,256,2.2399877379029787e-12,2.2399877379029787e-12,6.559290379649308e-13,116,228,0.07972148503176868,3,9,8,
oat,N16,16,0.5,8,tdvp_layer,,8,2.1213360745786503e-07,0.9999997878663925,0.9999999999994253,8,8,928,928,224,1.2133650382219296e-12,1.2133650382219296e-12,9.305106127240677e-14,232,456,0.15149024699348956,3,9,8,
oat,N16,16,0.5,8,mpo_gatewise,lexicographic,0,0.0045856130234692705,0.9954143869765307,0.9977024826015275,8,8,1268,1292,4604,0.002527813927001969,0.0006956693217155486,0.0006956693217155486,1710,0,0.37219268101034686,3,9,8,
oat,N16,16,0.5,8,mpo_gatewise,by_distance,0,0.0018897806842369524,0.998110219315763,0.9975877053457368,8,8,1448,1448,4776,0.004830203637446559,0.0003195783165579736,0.00030299445920802974,1710,0,0.38765702198725194,3,9,8,
oat,N16,16,0.5,8,mpo_layer,,0,0.0,1.0,0.9999999999999267,8,9,928,960,960,4.354836887286285e-15,4.354836887286285e-15,4.354836887286285e-15,15,0,0.003502027946524322,3,9,8,
oat,N16,16,0.5,8,variational_layer,,0,0.004585613023465274,0.9954143869765347,0.9999999999999999,8,8,1268,1268,256,8.360038681296693e-17,8.360038681296693e-17,2.830451487903608e-17,30,0,0.17882459895918146,3,9,8,sweeps=1 converged=True
oat,N16,16,0.5,8,oracle_compress,,0,0.0,1.0,0.9999999999999715,8,8,928,928,256,6.598887010306222e-33,6.598887010306222e-33,1.0180221470781546e-33,15,0,0.0024064630270004272,3,9,8,
oat,N16,16,0.5,16,tdvp_layer,,1,0.0008652906804903493,0.9991347093195097,1.0000000000000053,4,4,412,412,32,6.527165739734585e-33,6.527165739734585e-33,6.527165739734585e-33,29,57,0.014908916025888175,3,9,8,
oat,N16,16,0.5,16,tdvp_layer,,2,5.415832220900807e-05,0.999945841677791,0.9999999999996156,9,9,1448,1448,252,7.411609887780174e-13,7.411609887780174e-13,9.431539792760666e-14,58,114,0.03888534504221752,3,9,8,
oat,N16,16,0.5,16,tdvp_layer,,4,3.391811203456996e-06,0.9999966081887965,0.9999999999996072,9,9,1164,1164,288,8.286500408903915e-13,8.286500408903915e-13,9.90792473317203e-14,116,228,0.07920282398117706,3,9,8,
oat,N16,16,0.5,16,tdvp_layer,,8,2.1213360745786503e-07,0.9999997878663925,0.9999999999994253,8,8,928,928,224,1.2133650382219296e-12,1.2133650382219296e-12,9.305106127240677e-14,232,456,0.15126121300272644,3,9,8,
oat,N16,16,0.5,16,mpo_gatewise,lexicographic,0,6.15474338161448e-12,0.9999999999938453,0.9999999999995244,9,14,958,1998,6800,9.622427842738602e-13,6.645719990536418e-14,6.619849061525205e-14,1710,0,0.3799088540254161,3,9,8,
oat,N16,16,0.5,16,mpo_gatewise,by_distance,0,9.990405551418835e-05,0.9999000959444858,0.9998958161891345,16,16,4776,4776,15016,0.00020837820512813613,1.5471298794368382e-05,1.4297539562548551e-05,1710,0,0.4937993990024552,3,9,8,
oat,N16,16,0.5,16,mpo_layer,,0,0.0,1.0,0.9999999999999267,8,9,928,960,960,4.354836887286285e-15,4.354836887286285e-15,4.354836887286285e-15,15,0,0.0035299460287205875,3,9,8,
oat,N16,16,0.5,16,variational_layer,,0,6.1530780470775426e-12,0.9999999999938469,1.0000000000000009,9,9,958,958,288,1.411342095572243e-32,1.411342095572243e-32,1.474582717482679e-33,30,0,0.1776061650016345,3,9,8,sweeps=1 converged=True
oat,N16,16,0.5,16,oracle_compress,,0,0.0,1.0,0.9999999999999715,8,8,928,928,256,6.598887010306222e-33,6.598887010306222e-33,1.0180221470781546e-33,15,0,0.0024187249946407974,3,9,8,
oat,N16,16,1.5,2,tdvp_layer,,1,0.23773472226646675,0.7622652777335333,1.0,2,2,120,120,16,0.06433379054372391,0.06433379054372391,0.007304239487388463,29,57,0.013680464995559305,3,9,9,
oat,N16,16,1.5,2,tdvp_layer,,2,0.2256920370253206,0.7743079629746794,0.9999999999999984,2,2,120,120,16,0.030625468235428437,0.030625468235428437,0.0020160212107085203,58,114,0.029063010995741934,3,9,9,
oat,N16,16,1.5,2,tdvp_layer,,4,0.22971415068376,0.77028584931624,0.9999999999999992,2,2,120,120,16,0.01554295406719922,0.01554295406719922,0.0005217229190123576,116,228,0.05641677597304806,3,9,9,
oat,N16,16,1.5,2,tdvp_layer,,8,0.23350980989159287,0.7664901901084071,1.0000000000000004,2,2,120,120,16,0.006986675003267382,0.006986675003267382,0.00012562600255066546,232,456,0.11225828301394358,3,9,9,
oat,N16,16,1.5,2,mpo_gatewise,lexicographic,0,0.2254144423904978,0.7745855576095022,0.6262076202609154,2,2,120,120,424,0.9286226825745498,0.009966711079379187,0.009966711079379187,1710,0,0.3345654900185764,3,9,9,
oat,N16,16,1.5,2,mpo_gatewise,by_distance,0,0.24287640718206094,0.7571235928179391,0.6498424805305676,2,2,120,120,424,0.8599054616825701,0.009950271061736446,0.008499966183944552,1710,0,0.33373078698059544,3,9,9,
oat,N16,16,1.5,2,mpo_layer,,0,0.1742138979579908,0.8257861020420092,0.908727738127316,2,9,120,960,960,0.1894774473301555,0.1894774473301555,0.028223772902725465,15,0,0.00331445800838992,3,9,9,
oat,N16,16,1.5,2,variational_layer,,0,0.22541444239050035,0.7745855576094997,0.999999999999999,2,2,120,120,16,0.17468707139738757,0.17468707139738757,0.012930802357273934,30,0,0.1652428179513663,3,9,9,sweeps=1 converged=True
oat,N16,16,1.5,2,oracle_compress,,0,0.17421389795799058,0.8257861020420094,0.9087277381273341,2,2,120,120,72,0.18947744733016275,0.18947744733016275,0.028223772902728043,15,0,0.0022353639942593873,3,9,9,
oat,N16,16,1.5,4,tdvp_layer,,1,0.06635399217803872,0.9336460078219613,1.0000000000000062,4,4,412,412,32,1.2057805914217858e-32,1.2057805914217858e-32,1.2057805914217858e-32,29,57,0.01531617296859622,3,9,9,
oat,N16,16,1.5,4,tdvp_layer,,2,0.01811169467582907,0.9818883053241709,1.0000000000000004,4,4,412,412,64,0.0057703190754804295,0.0057703190754804295,0.0008512257280555807,58,114,0.037683524016756564,3,9,9,
oat,N16,16,1.5,4,tdvp_layer,,4,0.019425925795532484,0.9805740742044675,0.9999999999999988,4,4,412,412,64,0.0033354782703554835,0.0033354782703554835,0.000325745919249321,116,228,0.07699856394901872,3,9,9,
oat,N16,16,1.5,4,tdvp_layer,,8,0.019978714566924682,0.9800212854330753,1.0000000000000024,4,4,412,412,64,0.0016988589480891915,0.0016988589480891915,9.431414136586505e-05,232,456,0.15076951100490987,3,9,9,
oat,N16,16,1.5,4,mpo_gatewise,lexicographic,0,0.12112834698457686,0.8788716530154231,0.8931429642719828,4,4,412,424,1448,0.21556595642955328,0.009963840798540746,0.009963840798540746,1710,0,0.3461229620152153,3,9,9,
oat,N16,16,1.5,4,mpo_gatewise,by_distance,0,0.2179042781811148,0.7820957218188852,0.7661998934535006,4,4,424,424,1448,0.5320256680766895,0.014160530063794034,0.005867459296005704,1710,0,0.3492625629878603,3,9,9,
oat,N16,16,1.5,4,mpo_layer,,0,0.01373844694389248,0.9862615530561075,0.9931070199409934,4,9,400,960,960,0.01382082747870082,0.01382082747870082,0.0023032033571092373,15,0,0.0033575030392967165,3,9,9,
oat,N16,16,1.5,4,variational_layer,,0,0.1211283469845783,0.8788716530154217,0.9999999999999989,4,4,412,412,64,0.00017077093044252334,0.00017077093044252334,3.299857298710255e-05,30,0,0.1685790180345066,3,9,9,sweeps=1 converged=True
oat,N16,16,1.5,4,oracle_compress,,0,0.013738446943890925,0.9862615530561091,0.993107019941015,4,4,400,400,144,0.01382082747870046,0.01382082747870046,0.0023032033571091424,15,0,0.0023319069878198206,3,9,9,
oat,N16,16,1.5,8,tdvp_layer,,1,0.06635399217803872,0.9336460078219613,1.0000000000000062,4,4,412,412,32,1.2057805914217858e-32,1.2057805914217858e-32,1.2057805914217858e-32,29,57,0.015459034009836614,3,9,9,
oat,N16,16,1.5,8,tdvp_layer,,2,0.00441887086839543,0.9955811291316046,0.9999998167517625,8,8,1336,1336,256,3.664964650595001e-07,3.664964650595001e-07,2.1506146840436503e-07,58,114,0.04371015302604064,3,9,9,
oat,N16,16,1.5,8,tdvp_layer,,4,0.0002741714153973174,0.9997258285846027,0.9999999195816963,8,8,1336,1336,256,1.6083659842026124e-07,1.6083659842026124e-07,1.4445240471751212e-07,116,228,0.09641544899204746,3,9,9,
oat,N16,16,1.5,8,tdvp_layer,,8,1.7683839930060508e-05,0.9999823161600699,0.9999999292421559,8,8,1288,1288,256,1.4151566586645325e-07,1.4151566586645325e-07,9.657326909527229e-08,232,456,0.18856030300958082,3,9,9,
oat,N16,16,1.5,8,mpo_gatewise,lexicographic,0,0.04267946747967055,0.9573205325203294,0.9773826739362382,8,8,1268,1292,4604,0.02922523464369569,0.007332052102177942,0.007332052102177942,1710,0,0.37199710198910907,3,9,9,
oat,N16,16,1.5,8,mpo_gatewise,by_distance,0,0.0748178233132778,0.9251821766867222,0.9182675595113735,8,8,1448,1448,4776,0.1704559985477207,0.005724414215697954,0.003449132773424467,1710,0,0.38964200200280175,3,9,9,
oat,N16,16,1.5,8,mpo_layer,,0,5.557328440763953e-07,0.9999994442671559,0.9999997221335593,8,9,928,960,960,5.557327794744089e-07,5.557327794744089e-07,5.557327794744089e-07,15,0,0.0034765799646265805,3,9,9,
oat,N16,16,1.5,8,variational_layer,,0,0.04267946747967799,0.957320532520322,1.0000000000000022,8,8,1268,1268,256,2.3672553951890587e-10,2.3672553951890587e-10,1.1836276975945293e-10,30,0,0.17837778700049967,3,9,9,sweeps=1 converged=True
oat,N16,16,1.5,8,oracle_compress,,0,5.557328390803917e-07,0.9999994442671609,0.9999997221335823,8,8,928,928,256,5.557327794744096e-07,5.557327794744096e-07,5.557327794744096e-07,15,0,0.002417739015072584,3,9,9,
oat,N16,16,1.5,16,tdvp_layer,,1,0.06635399217803872,0.9336460078219613,1.0000000000000062,4,4,412,412,32,1.2057805914217858e-32,1.2057805914217858e-32,1.2057805914217858e-32,29,57,0.015154659980908036,3,9,9,
oat,N16,16,1.5,16,tdvp_layer,,2,0.004418630723787342,0.9955813692762127,0.9999999999999064,16,16,3964,3964,512,1.766710000304529e-13,1.766710000304529e-13,7.621107632977175e-14,58,114,0.04688202100805938,3,9,9,
oat,N16,16,1.5,16,tdvp_layer,,4,0.00027372044298601406,0.999726279557014,0.9999999999993047,14,14,2586,2586,784,1.3685072747910053e-12,1.3685072747910053e-12,9.183273613465317e-14,116,228,0.1059513590298593,3,9,9,
oat,N16,16,1.5,16,tdvp_layer,,8,1.7154527052642976e-05,0.9999828454729474,0.9999999999985932,10,10,1666,1666,400,2.9120891075398788e-12,2.9120891075398788e-12,9.39085294440609e-14,232,456,0.18971327098552138,3,9,9,
oat,N16,16,1.5,16,mpo_gatewise,lexicographic,0,0.0,1.0,1.0000000000000635,9,16,960,2104,7036,3.66867627692873e-27,8.872139239430553e-28,8.778264239353403e-28,1710,0,0.380540462967474,3,9,9,
oat,N16,16,1.5,16,mpo_gatewise,by_distance,0,0.012357066386596949,0.987642933613403,0.9841101520531793,16,16,4776,4776,15016,0.0320312228227131,0.0011802122454263508,0.0010399863649689504,1710,0,0.48777526000048965,3,9,9,
oat,N16,16,1.5,16,mpo_layer,,0,0.0,1.0,0.9999999999999913,9,9,960,960,960,6.701695601820625e-32,6.701695601820625e-32,1.5506324995283478e-32,15,0,0.0034464289783500135,3,9,9,
oat,N16,16,1.5,16,variational_layer,,0,0.0,1.0,0.9999999999999472,9,9,960,960,0,0.0,0.0,0.0,0,0,0.004163525998592377,3,9,9,sweeps=0 converged=True
oat,N16,16,1.5,16,oracle_compress,,0,0.0,1.0,1.000000000000016,9,9,960,960,256,4.977661893945381e-32,4.977661893945381e-32,7.787862421711473e-33,15,0,0.0024272879818454385,3,9,9,
oat,N20,20,0.5,2,tdvp_layer,,1,0.007981129778369511,0.9920188702216305,0.9999999999997072,2,2,152,152,16,0.0009909990892013004,0.0009909990892013004,8.244165049145411e-05,37,73,0.01728206896223128,3,11,8,
oat,N20,20,0.5,2,tdvp_layer,,2,0.007739038885940852,0.9922609611140591,0.9999999999996521,2,2,152,152,16,0.0005247904207662092,0.0005247904207662092,2.698934524901227e-05,74,146,0.034973633009940386,3,11,8,
oat,N20,20,0.5,2,tdvp_layer,,4,0.008800363931040556,0.9911996360689594,1.0000000000002618,2,2,152,152,16,0.0002089412805751299,0.0002089412805751299,7.750386878915934e-06,148,292,0.07220006303396076,3,11,8,
oat,N20,20,0.5,2,tdvp_layer,,8,0.008199279741688548,0.9918007202583115,1.000000000000303,2,2,152,152,16,0.00010817827756195417,0.00010817827756195417,2.0431827723271177e-06,296,584,0.14781678101280704,3,11,8,
oat,N20,20,0.5,2,mpo_gatewise,lexicographic,0,0.020115506734754374,0.9798844932652456,0.9507486984754933,2,2,152,152,552,0.10039439290219704,0.0006923609287086527,0.0006923609287086527,3458,0,0.6772977929795161,3,11,8,
oat,N20,20,0.5,2,mpo_gatewise,by_distance,0,0.01557234267451102,0.984427657325489,0.9535768671665905,2,2,152,152,552,0.09505438659996697,0.0006504606537626738,0.0005589970520659334,3458,0,0.6733794570318423,3,11,8,
oat,N20,20,0.5,2,mpo_layer,,0,0.007355779933614359,0.9926442200663856,0.9963153216057867,2,11,152,1760,1760,0.007380917248471885,0.007380917248471885,0.0007157535452618379,19,0,0.0042089500348083675,3,11,8,
oat,N20,20,0.5,2,variational_layer,,0,0.02011550673472895,0.979884493265271,1.000000000000173,2,2,152,152,16,0.003246463363797455,0.003246463363797455,0.0001375064430966476,38,0,1.0250517439562827,3,11,8,sweeps=1 converged=True
oat,N20,20,0.5,2,oracle_compress,,0,0.007355779933612694,0.9926442200663873,0.9963153216059714,2,2,152,152,64,0.007380917248398695,0.007380917248398695,0.0007157535452607751,19,0,0.002906169043853879,3,11,8,
oat,N20,20,0.5,4,tdvp_layer,,1,0.0008980211970596175,0.9991019788029404,0.9999999999999953,4,4,540,540,32,8.048822416017702e-33,8.048822416017702e-33,8.048822416017702e-33,37,73,0.01893281302182004,3,11,8,
oat,N20,20,0.5,4,tdvp_layer,,2,6.69820300328583e-05,0.9999330179699671,1.0000000000000016,4,4,540,540,64,2.0672459666172473e-06,2.0672459666172473e-06,2.589769840425796e-07,74,146,0.044424185005482286,3,11,8,
oat,N20,20,0.5,4,tdvp_layer,,4,1.6132528788292966e-05,0.9999838674712117,1.0000000000000002,4,4,528,528,64,1.4662103544330845e-06,1.4662103544330845e-06,1.230851204304991e-07,148,292,0.08911305799847469,3,11,8,
oat,N20,20,0.5,4,tdvp_layer,,8,1.3352355756390821e-05,0.9999866476442436,1.0000000000000038,4,4,528,528,64,8.019717470655149e-07,8.019717470655149e-07,3.9178195945368577e-08,296,584,0.17240617098286748,3,11,8,
oat,N20,20,0.5,4,mpo_gatewise,lexicographic,0,0.00784202997164496,0.992157970028355,0.9946263976669427,4,4,540,552,1960,0.009639783917033249,0.0006922180418110532,0.0006922180418110532,3458,0,0.7084732470102608,3,11,8,
oat,N20,20,0.5,4,mpo_gatewise,by_distance,0,0.014153038262697537,0.9858469617373025,0.972585166053088,4,4,552,552,1960,0.05559047497010936,0.000982684484917185,0.00048317132012282355,3458,0,0.726412542979233,3,11,8,
oat,N20,20,0.5,4,mpo_layer,,0,1.2967952298215124e-05,0.9999870320477018,0.9999935160032112,4,11,528,1760,1760,1.2968026317205036e-05,1.2968026317205036e-05,1.8535237618147288e-06,19,0,0.004353764001280069,3,11,8,
oat,N20,20,0.5,4,variational_layer,,0,0.00784202997166561,0.9921579700283344,1.0000000000000326,4,4,540,540,64,2.242036318589646e-09,2.242036318589646e-09,5.541121752657531e-10,38,0,1.158345167990774,3,11,8,sweeps=1 converged=True
oat,N20,20,0.5,4,oracle_compress,,0,1.296795231486847e-05,0.9999870320476851,0.9999935160033862,4,4,528,528,128,1.2968026271600103e-05,1.2968026271600103e-05,1.8535237603633326e-06,19,0,0.0030314429895952344,3,11,8,
oat,N20,20,0.5,8,tdvp_layer,,1,0.0008980211970596175,0.9991019788029404,0.9999999999999953,4,4,540,540,32,8.048822416017702e-33,8.048822416017702e-33,8.048822416017702e-33,37,73,0.018786162021569908,3,11,8,
oat,N20,20,0.5,8,tdvp_layer,,2,5.5852641517972756e-05,0.999944147358482,0.9999999999969095,8,8,1718,1718,256,6.118541395654668e-12,6.118541395654668e-12,1.5448609339023929e-12,74,146,0.049860357015859336,3,11,8,
oat,N20,20,0.5,8,tdvp_layer,,4,3.4937395945178196e-06,0.9999965062604055,0.9999999999971693,8,8,1516,1516,256,5.605531571792085e-12,5.605531571792085e-12,9.454639507184623e-13,148,292,0.10322807001648471,3,11,8,
oat,N20,20,0.5,8,tdvp_layer,,8,2.184582216235853e-07,0.9999997815417784,0.9999999999990532,8,8,1440,1440,256,1.8119333134189876e-12,1.8119333134189876e-12,9.784992152024452e-14,296,584,0.197901738982182,3,11,8,
oat,N20,20,0.5,8,mpo_gatewise,lexicographic,0,0.004678278344431797,0.9953217216555682,0.9976533984438829,8,8,1780,1804,6652,0.0027870055741465206,0.0005136854722243575,0.0005136854722243575,3458,0,0.7685969690210186,3,11,8,
oat,N20,20,0.5,8,mpo_gatewise,by_distance,0,0.007325896912988128,0.9926741030870119,0.9959083164774103,8,8,1960,1960,6824,0.00819994161695071,0.0003269933577768684,0.00019338410506076483,3458,0,0.7993521729949862,3,11,8,
oat,N20,20,0.5,8,mpo_layer,,0,1.4737100428874328e-12,0.9999999999985263,0.9999999999994652,8,11,1440,1760,1760,4.225507167090788e-13,4.225507167090788e-13,1.3924609669218294e-13,19,0,0.004542968003079295,3,11,8,
oat,N20,20,0.5,8,variational_layer,,0,0.004678278344457998,0.995321721655542,0.999999999999966,8,8,1780,1780,256,1.0793550522753612e-13,1.0793550522753612e-13,3.5973430872295604e-14,38,0,1.1734371479833499,3,11,8,sweeps=1 converged=True
oat,N20,20,0.5,8,oracle_compress,,0,1.4841461393189093e-12,0.9999999999985159,0.9999999999998276,8,8,1440,1440,256,9.302910619915181e-33,9.302910619915181e-33,1.6089050494827404e-33,19,0,0.003342345997225493,3,11,8,
oat,N20,20,0.5,16,tdvp_layer,,1,0.0008980211970596175,0.9991019788029404,0.9999999999999953,4,4,540,540,32,8.048822416017702e-33,8.048822416017702e-33,8.048822416017702e-33,37,73,0.018800766032654792,3,11,8,
oat,N20,20,0.5,16,tdvp_layer,,2,5.5852594309624415e-05,0.9999441474056904,0.9999999999996299,10,10,2178,2178,320,7.503059250949145e-13,7.503059250949145e-13,9.808903768763899e-14,74,146,0.05053462099749595,3,11,8,
oat,N20,20,0.5,16,tdvp_layer,,4,3.4937267168189123e-06,0.9999965062732832,0.999999999999347,9,9,1718,1718,324,1.3175608966156903e-12,1.3175608966156903e-12,9.596665813368396e-14,148,292,0.10410816501826048,3,11,8,
oat,N20,20,0.5,16,tdvp_layer,,8,2.184582216235853e-07,0.9999997815417784,0.9999999999990532,8,8,1440,1440,256,1.8119333134189876e-12,1.8119333134189876e-12,9.784992152024452e-14,296,584,0.19719842600170523,3,11,8,
oat,N20,20,0.5,16,mpo_gatewise,lexicographic,0,3.632045730639355e-05,0.9999636795426936,0.9999818396112196,13,16,2184,3698,12680,0.0004305856403670269,0.00027673590244124116,0.00027673590244124116,3458,0,0.8137572149862535,3,11,8,
oat,N20,20,0.5,16,mpo_gatewise,by_distance,0,0.00026661317548448693,0.9997333868245155,0.9996985396054736,16,16,6824,6824,23208,0.0006030107988673752,1.5831464211364316e-05,1.4224171169490651e-05,3458,0,1.0461490459856577,3,11,8,
oat,N20,20,0.5,16,mpo_layer,,0,8.444356325298941e-13,0.9999999999991556,1.0000000000001017,9,11,1540,1760,1760,9.07931715945135e-14,9.07931715945135e-14,4.533912177743977e-14,19,0,0.004540672991424799,3,11,8,
oat,N20,20,0.5,16,variational_layer,,0,3.632045723567234e-05,0.9999636795427643,1.0000000000000082,13,13,2184,2184,528,1.740712773405667e-32,1.740712773405667e-32,1.572042030380284e-33,38,0,1.2015053960494697,3,11,8,sweeps=1 converged=True
oat,N20,20,0.5,16,oracle_compress,,0,1.4841461393189093e-12,0.9999999999985159,0.9999999999998276,8,8,1440,1440,256,9.302910619915181e-33,9.302910619915181e-33,1.6089050494827404e-33,19,0,0.0031828429782763124,3,11,8,
oat,N20,20,0.5,32,tdvp_layer,,1,0.0008980211970596175,0.9991019788029404,0.9999999999999953,4,4,540,540,32,8.048822416017702e-33,8.048822416017702e-33,8.048822416017702e-33,37,73,0.018703075009398162,3,11,8,
oat,N20,20,0.5,32,tdvp_layer,,2,5.5852594309624415e-05,0.9999441474056904,0.9999999999996299,10,10,2178,2178,320,7.503059250949145e-13,7.503059250949145e-13,9.808903768763899e-14,74,146,0.05029189999913797,3,11,8,
oat,N20,20,0.5,32,tdvp_layer,,4,3.4937267168189123e-06,0.9999965062732832,0.999999999999347,9,9,1718,1718,324,1.3175608966156903e-12,1.3175608966156903e-12,9.596665813368396e-14,148,292,0.10509899101452902,3,11,8,
oat,N20,20,0.5,32,tdvp_layer,,8,2.184582216235853e-07,0.9999997815417784,0.9999999999990532,8,8,1440,1440,256,1.8119333134189876e-12,1.8119333134189876e-12,9.784992152024452e-14,296,584,0.19832574296742678,3,11,8,
oat,N20,20,0.5,32,tdvp_layer,,16,1.3731207171296944e-08,0.9999999862687928,0.9999999999976772,8,8,1440,1440,256,4.779028500195932e-12,4.779028500195932e-12,9.831343177252377e-14,592,1168,0.3733526269788854,3,11,8,n16_topup
oat,N20,20,0.5,32,mpo_gatewise,lexicographic,0,3.2648217462849516e-11,0.9999999999673518,0.9999999999969325,12,20,2244,3730,12680,6.153692645885302e-12,2.356542808693516e-13,9.60701465994428e-14,3458,0,0.8221833469578996,3,11,8,
oat,N20,20,0.5,32,mpo_gatewise,by_distance,0,1.3421278130421044e-05,0.9999865787218696,0.9999702411280512,32,32,23208,23208,76456,5.951861658761497e-05,2.2358424120856926e-06,2.0779063637290446e-06,3458,0,2.111058092035819,3,11,8,
oat,N20,20,0.5,32,mpo_layer,,0,8.444356325298941e-13,0.9999999999991556,1.0000000000001017,9,11,1540,1760,1760,9.07931715945135e-14,9.07931715945135e-14,4.533912177743977e-14,19,0,0.004566914984025061,3,11,8,
oat,N20,20,0.5,32,variational_layer,,0,3.2650770975806154e-11,0.9999999999673492,0.9999999999999821,12,12,2244,2244,528,1.6734794927520974e-32,1.6734794927520974e-32,1.0703566763265297e-33,38,0,1.197983142978046,3,11,8,sweeps=1 converged=True
oat,N20,20,0.5,32,oracle_compress,,0,1.4841461393189093e-12,0.9999999999985159,0.9999999999998276,8,8,1440,1440,256,9.302910619915181e-33,9.302910619915181e-33,1.6089050494827404e-33,19,0,0.0032480370136909187,3,11,8,
oat,N20,20,1.5,2,tdvp_layer,,1,0.23732966965281832,0.7626703303471817,0.9999999999999966,2,2,152,152,16,0.052593269207568856,0.052593269207568856,0.004628287779205878,37,73,0.01763862097868696,3,47,11,
oat,N20,20,1.5,2,tdvp_layer,,2,0.22686294364472748,0.7731370563552725,0.999999999999994,2,2,152,152,16,0.026984996527227002,0.026984996527227002,0.0011891888131295822,74,146,0.03665268101030961,3,47,11,
oat,N20,20,1.5,2,tdvp_layer,,4,0.22828377499174068,0.7717162250082593,0.9999999999999912,2,2,152,152,16,0.011979313139180173,0.011979313139180173,0.0003018682120685115,148,292,0.07742905896157026,3,47,11,
oat,N20,20,1.5,2,tdvp_layer,,8,0.23035768695629544,0.7696423130437046,0.999999999999997,2,2,152,152,16,0.005628307557552796,0.005628307557552796,7.455841274361251e-05,296,584,0.1477130160201341,3,47,11,
oat,N20,20,1.5,2,mpo_gatewise,lexicographic,0,0.22500637167125492,0.7749936283287451,0.6156266273294231,2,2,152,152,552,0.9645943955120946,0.006219748940926069,0.006219748940926069,3458,0,0.6755405139992945,3,47,11,
oat,N20,20,1.5,2,mpo_gatewise,by_distance,0,0.2430975137232887,0.7569024862767113,0.6365412014946032,2,2,152,152,552,0.9019128088861451,0.006217760284088642,0.005471898426610868,3458,0,0.673286902019754,3,47,11,
oat,N20,20,1.5,2,mpo_layer,,0,0.17166861245775045,0.8283313875422496,0.910127127132312,2,47,152,24768,24768,0.18689318227756863,0.18689318227756863,0.021674928296406156,19,0,0.005649839993566275,3,47,11,
oat,N20,20,1.5,2,variational_layer,,0,0.2250063716712638,0.7749936283287362,1.0000000000000882,2,2,152,152,16,0.12585193919142887,0.12585193919142887,0.006920984323201754,38,0,0.9401216100086458,3,47,11,sweeps=1 converged=True
oat,N20,20,1.5,2,oracle_compress,,0,0.17166861245774268,0.8283313875422573,0.9101271271323217,2,2,152,152,88,0.18689318227754798,0.18689318227754798,0.021674928296401188,19,0,0.0029252959648147225,3,47,11,
oat,N20,20,1.5,4,tdvp_layer,,1,0.06890946181282132,0.9310905381871787,0.9999999999999916,4,4,540,540,32,2.729951359177519e-31,2.729951359177519e-31,2.729951359177519e-31,37,73,0.01975055004004389,3,47,11,
oat,N20,20,1.5,4,tdvp_layer,,2,0.019637289374260458,0.9803627106257395,1.000000000000001,4,4,540,540,64,0.00574092855769319,0.00574092855769319,0.0006099630038663356,74,146,0.0484659579815343,3,47,11,
oat,N20,20,1.5,4,tdvp_layer,,4,0.022242778239475958,0.977757221760524,0.9999999999999999,4,4,540,540,64,0.0032538971547993348,0.0032538971547993348,0.00023318071730884835,148,292,0.1009550919989124,3,47,11,
oat,N20,20,1.5,4,tdvp_layer,,8,0.022150804625705622,0.9778491953742944,1.0000000000000098,4,4,540,540,64,0.001721291685037538,0.001721291685037538,6.221110516896157e-05,296,584,0.19381041004089639,3,47,11,
oat,N20,20,1.5,4,mpo_gatewise,lexicographic,0,0.11721778328416121,0.8827822167158388,0.8893038571913092,4,4,540,552,1960,0.22426324550071844,0.006218342409120812,0.006218342409120812,3458,0,0.7064382520038635,3,47,11,
oat,N20,20,1.5,4,mpo_gatewise,by_distance,0,0.2170661045969533,0.7829338954030467,0.7271930910842729,4,4,552,552,1960,0.6366203671602823,0.009323323881986055,0.004376598912670931,3458,0,0.7119941800483502,3,47,11,
oat,N20,20,1.5,4,mpo_layer,,0,0.014742658737067815,0.9852573412629322,0.9926013002524304,4,47,528,24768,24768,0.01484168693289087,0.01484168693289087,0.0018547294766925939,19,0,0.005910734995268285,3,47,11,
oat,N20,20,1.5,4,variational_layer,,0,0.11721778328410115,0.8827822167158988,0.9999999999998608,4,4,540,540,64,7.818200997494186e-05,7.818200997494186e-05,1.3986631981740008e-05,38,0,1.0405407790094614,3,47,11,sweeps=1 converged=True
oat,N20,20,1.5,4,oracle_compress,,0,0.014742658737067038,0.985257341262933,0.9926013002524325,4,4,528,528,176,0.014841686932888962,0.014841686932888962,0.001854729476692492,19,0,0.0030627980013377964,3,47,11,
oat,N20,20,1.5,8,tdvp_layer,,1,0.06890946181282132,0.9310905381871787,0.9999999999999916,4,4,540,540,32,2.729951359177519e-31,2.729951359177519e-31,2.729951359177519e-31,37,73,0.01983712799847126,3,47,11,
oat,N20,20,1.5,8,tdvp_layer,,2,0.004635451465654805,0.9953645485343452,0.9999999999999996,8,8,1848,1848,256,7.891164197508221e-07,7.891164197508221e-07,2.258834066330903e-07,74,146,0.061321031011175364,3,47,11,
oat,N20,20,1.5,8,tdvp_layer,,4,0.00029291672292797166,0.999707083277072,0.9999999999999916,8,8,1848,1848,256,3.7785457176768776e-06,3.7785457176768776e-06,9.580193473697379e-07,148,292,0.13074470299761742,3,47,11,
oat,N20,20,1.5,8,tdvp_layer,,8,2.965397708265538e-05,0.9999703460229173,1.0000000000000036,8,8,1800,1800,256,2.7172368421494785e-06,2.7172368421494785e-06,4.554138609278443e-07,296,584,0.24994289997266605,3,47,11,
oat,N20,20,1.5,8,mpo_gatewise,lexicographic,0,0.04668678697319084,0.9533132130268092,0.9747967713484582,8,8,1780,1804,6652,0.03584717129307413,0.004672882272413196,0.004672882272413196,3458,0,0.7667627560440451,3,47,11,
oat,N20,20,1.5,8,mpo_gatewise,by_distance,0,0.0887004991283501,0.9112995008716499,0.882742660755072,8,8,1960,1960,6824,0.24935951438512013,0.0051571971083891385,0.0019877471283300057,3458,0,0.7977924920269288,3,47,11,
oat,N20,20,1.5,8,mpo_layer,,0,1.1532811466707926e-05,0.9999884671885333,0.9999942335775147,8,47,1440,24768,24768,1.1532863429556218e-05,1.1532863429556218e-05,3.1355100077086475e-06,19,0,0.0064084589830599725,3,47,11,
oat,N20,20,1.5,8,variational_layer,,0,0.046686786973184735,0.9533132130268153,1.0000000000000033,8,8,1780,1780,256,7.503915900718921e-09,7.503915900718921e-09,1.8846541795765573e-09,38,0,1.1400682689854875,3,47,11,sweeps=1 converged=True
oat,N20,20,1.5,8,oracle_compress,,0,1.15328114606017e-05,0.9999884671885394,0.9999942335775103,8,8,1440,1440,352,1.1532863429554121e-05,1.1532863429554121e-05,3.1355100077080224e-06,19,0,0.0033065620227716863,3,47,11,
oat,N20,20,1.5,16,tdvp_layer,,1,0.06890946181282132,0.9310905381871787,0.9999999999999916,4,4,540,540,32,2.729951359177519e-31,2.729951359177519e-31,2.729951359177519e-31,37,73,0.020112255995627493,3,47,11,
oat,N20,20,1.5,16,tdvp_layer,,2,0.004634385455387635,0.9953656145446124,0.9999999999998984,16,16,6066,6066,512,1.8299163986852944e-13,1.8299163986852944e-13,9.373103090227943e-14,74,146,0.06455852097133175,3,47,11,
oat,N20,20,1.5,16,tdvp_layer,,4,0.0002829942102550165,0.999717005789745,0.9999999999990178,16,16,4668,4668,960,1.883061804352046e-12,1.883061804352046e-12,9.685186840862625e-14,148,292,0.15581512299831957,3,47,11,
oat,N20,20,1.5,16,tdvp_layer,,8,1.7678183098945865e-05,0.999982321816901,0.9999999999981801,12,12,2650,2650,528,3.65998109671784e-12,3.65998109671784e-12,9.506739645138576e-14,296,584,0.2693625279935077,3,47,11,
oat,N20,20,1.5,16,mpo_gatewise,lexicographic,0,0.017135432135400364,0.9828645678645996,0.991267142997,16,16,4566,4644,14708,0.007645979568466085,0.0021856714626992246,0.0021856714626992246,3458,0,0.8718908869777806,3,47,11,
oat,N20,20,1.5,16,mpo_gatewise,by_distance,0,0.017952710353816848,0.9820472896461832,0.9700287899179112,16,16,6824,6824,23208,0.0608527029051449,0.0012844183620729379,0.0011595271347974948,3458,0,1.0802620349568315,3,47,11,
oat,N20,20,1.5,16,mpo_layer,,0,4.551914400963142e-15,0.9999999999999954,0.9999999999999276,11,47,1760,24768,24768,3.4935323409465224e-27,3.4935323409465224e-27,1.4331885274950937e-27,19,0,0.006991830945480615,3,47,11,
oat,N20,20,1.5,16,variational_layer,,0,0.01713543213534585,0.9828645678646541,0.9999999999999899,16,16,4566,4566,1024,1.8585885838296325e-30,1.8585885838296325e-30,1.7819783777731111e-31,38,0,1.1867996230139397,3,47,11,sweeps=1 converged=True
oat,N20,20,1.5,16,oracle_compress,,0,1.887379141862766e-15,0.9999999999999981,0.9999999999999044,11,11,1760,1760,400,5.832877030636005e-32,5.832877030636005e-32,7.654057586671992e-33,19,0,0.0034577909973450005,3,47,11,
oat,N20,20,1.5,32,tdvp_layer,,1,0.06890946181282132,0.9310905381871787,0.9999999999999916,4,4,540,540,32,2.729951359177519e-31,2.729951359177519e-31,2.729951359177519e-31,37,73,0.020482639025431126,3,47,11,
oat,N20,20,1.5,32,tdvp_layer,,2,0.004634385455387635,0.9953656145446124,0.9999999999998984,16,16,6066,6066,512,1.8299163986852944e-13,1.8299163986852944e-13,9.373103090227943e-14,74,146,0.06527826399542391,3,47,11,
oat,N20,20,1.5,32,tdvp_layer,,4,0.0002829942102550165,0.999717005789745,0.9999999999990178,16,16,4668,4668,960,1.883061804352046e-12,1.883061804352046e-12,9.685186840862625e-14,148,292,0.1581819549901411,3,47,11,
oat,N20,20,1.5,32,tdvp_layer,,8,1.7678183098945865e-05,0.999982321816901,0.9999999999981801,12,12,2650,2650,528,3.65998109671784e-12,3.65998109671784e-12,9.506739645138576e-14,296,584,0.27246215799823403,3,47,11,
oat,N20,20,1.5,32,mpo_gatewise,lexicographic,0,0.0,1.0,1.000000000000612,11,20,1760,4024,14116,2.9376455700369935e-26,5.39921565371619e-27,5.377696185402119e-27,3458,0,0.8802972820121795,3,47,11,
oat,N20,20,1.5,32,mpo_gatewise,by_distance,0,0.0030870617757622343,0.9969129382242378,0.9936117153255614,32,32,23208,23208,76456,0.012817204164081154,0.0002983510291239754,0.000252587338235068,3458,0,2.3172436429886147,3,47,11,
oat,N20,20,1.5,32,mpo_layer,,0,4.551914400963142e-15,0.9999999999999954,0.9999999999999276,11,47,1760,24768,24768,3.4935323409465224e-27,3.4935323409465224e-27,1.4331885274950937e-27,19,0,0.006587299983948469,3,47,11,
oat,N20,20,1.5,32,variational_layer,,0,0.0,1.0,0.9999999999980298,11,11,1760,1760,0,0.0,0.0,0.0,0,0,0.03174838004633784,3,47,11,sweeps=0 converged=True
oat,N20,20,1.5,32,oracle_compress,,0,1.887379141862766e-15,0.9999999999999981,0.9999999999999044,11,11,1760,1760,400,5.832877030636005e-32,5.832877030636005e-32,7.654057586671992e-33,19,0,0.003530615009367466,3,47,11,
