sequence,gate_count,layer,position_in_layer,gate_type,theta,q0,q1,exact_norm,tdvp_norm,tebd_norm,mpo_norm,infidelity_exact_tdvp,infidelity_exact_tebd,infidelity_exact_mpo,infidelity_tdvp_tebd,infidelity_tdvp_mpo,infidelity_tebd_mpo,exact_state_hash,gate_matrix_hash
commuting,1,1,1,rzz,0.05,2,9,0.9999999999999994,1.000000000000003,0.9999999999999997,1.0000000000000016,0.0,1.3322676295501878e-15,0.0,0.0,0.0,0.0,3c457ffc32fc19656cc7ad0dfe6f8e838263959f696b975dceb4b9230f26743a,40476707a467b4705373b05fdff89c2d1421387aff9ff078af311c16afb8f886
commuting,2,1,2,rzz,0.05,2,8,0.9999999999999993,1.0000000000000013,1.0000000000000007,1.0000000000000016,0.0,0.0,0.0,0.0,0.0,0.0,f7396ef865989b244ebc869bd4345f1f409fdc83135aeb6fa3784fd30c6d0d1c,64824f732706baf404290ffe42b3f5c33237b2e2101d68ae706f620c01f5b1d9
commuting,3,1,3,rzz,0.05,3,9,0.9999999999999992,0.9999999999998856,1.0000000000000004,1.000000000000004,9.418243962500128e-12,0.0,0.0,9.416023516450878e-12,9.408918089093277e-12,0.0,5eb337eb861488efaefe9f7b59494f20c751ebd53fec61b68581a92cedfaf709,c5bd595a7eb5e4900bde8732bacdb007a08bbca4966bdcb2dc854f8323013d51
commuting,4,2,1,rzz,0.05,2,9,0.9999999999999993,0.9999999999998895,0.9999999999999988,1.0000000000000056,9.410250356722827e-12,3.3306690738754696e-15,0.0,9.412026713562227e-12,9.398704037266725e-12,0.0,451ae11dbefcfb275da088fbb5d8281cd4e675d2f882ce2499881bb02631a5e8,40476707a467b4705373b05fdff89c2d1421387aff9ff078af311c16afb8f886
commuting,5,2,2,rzz,0.05,2,8,0.9999999999999997,0.9999999999998092,0.999999999999992,1.000000000000007,1.0534684236063185e-11,1.6431300764452317e-14,0.0,1.0550005313803013e-11,1.0520029292138133e-11,1.3322676295501878e-15,1798180cf5339acbf6deba706fb94997868b7febe34bae0c8a5c05c923ba10d4,64824f732706baf404290ffe42b3f5c33237b2e2101d68ae706f620c01f5b1d9
commuting,6,2,3,rzz,0.05,3,9,0.9999999999999993,0.9999999999996636,0.999999999999965,1.0000000000000082,1.2593481812928076e-11,7.016609515630989e-14,0.0,1.2662759729664685e-11,1.2576606422953773e-11,5.284661597215745e-14,dba9dafb011d696433b0f446853bec0f4d9373854c19d634810bf3be41681c83,c5bd595a7eb5e4900bde8732bacdb007a08bbca4966bdcb2dc854f8323013d51
commuting,7,3,1,rzz,0.05,2,9,0.9999999999999996,0.9999999999996655,0.9999999999999735,1.000000000000009,1.25865984301754e-11,5.3290705182007514e-14,0.0,1.2637890733913082e-11,1.2567724638756772e-11,3.441691376337985e-14,9260a9730ef8c6ca0bd2d3cff891879ae47829c39ecdb68f85bc32c65f119b08,40476707a467b4705373b05fdff89c2d1421387aff9ff078af311c16afb8f886
commuting,8,3,2,rzz,0.05,2,8,0.9999999999999996,0.9999999999995196,1.0000000000014206,1.0000000000000104,1.580691133540313e-11,0.0,0.0,1.2965184481572578e-11,1.5785595053330326e-11,0.0,11eda851bc0c4310e6e473528e35c495001f40a49838549691bd95365caa1c80,64824f732706baf404290ffe42b3f5c33237b2e2101d68ae706f620c01f5b1d9
commuting,9,3,3,rzz,0.05,3,9,0.9999999999999999,0.9999999999995152,0.9999999999902522,1.0000000000000102,1.581579311960013e-11,1.94968485800473e-11,0.0,3.5311531476622804e-11,1.5795365015947027e-11,1.9475532297974496e-11,9c3ef04b3384fa00fea7d087300ba0a7bc014601f0c394dec080b7c150873760,c5bd595a7eb5e4900bde8732bacdb007a08bbca4966bdcb2dc854f8323013d51
commuting,10,4,1,rzz,0.05,2,9,0.9999999999999999,0.9999999999995188,0.9999999999890498,1.0000000000000104,1.580868769224253e-11,2.1900259383755838e-11,0.0,3.7707614808368817e-11,1.5787371410169726e-11,2.187916514628796e-11,08a3d9bc7ebe71183d56f92919aaba53159412a4d2da13bb9826c5c056e0dddd,40476707a467b4705373b05fdff89c2d1421387aff9ff078af311c16afb8f886
commuting,11,4,2,rzz,0.05,2,8,0.9999999999999999,0.9999999999995175,1.0000000003614355,1.000000000000014,1.581090813829178e-11,0.0,0.0,0.0,1.5782486428861375e-11,0.0,c7fd527da7862fa84d04e74cc2bfd9b8f750f935a00bce3981c453be0c234481,64824f732706baf404290ffe42b3f5c33237b2e2101d68ae706f620c01f5b1d9
commuting,12,4,3,rzz,0.05,3,9,1.0,0.9999999999995218,0.9999999997419751,1.0000000000000164,1.5801138175675078e-11,5.160498695033766e-10,0.0,5.318514517682615e-10,1.5769607841775724e-11,5.160174509910576e-10,58aff7eb56a4621db42ae5e345ac3403ed32d14e41214474adfb2f2b54cc0d52,c5bd595a7eb5e4900bde8732bacdb007a08bbca4966bdcb2dc854f8323013d51
commuting,13,5,1,rzz,0.05,2,9,0.9999999999999999,0.9999999999995273,1.0000000003226672,1.0000000000000175,1.5790924123848527e-11,0.0,0.0,0.0,1.575495289785067e-11,0.0,1a6aa7c7a0ae06239829f7d6450860e3caf0d8b43a088b40c5ce58317bbb3369,40476707a467b4705373b05fdff89c2d1421387aff9ff078af311c16afb8f886
commuting,14,5,2,rzz,0.05,2,8,1.0,0.9999999999995226,0.9999999993766768,1.0000000000000187,1.5799583863440603e-11,1.2466485621587253e-09,0.0,1.2624474798883512e-09,1.5762946503627973e-11,1.246611258665098e-09,f3d8d1f7d04f1d888d871d2c7af881fd4140795cb68b63c140106990391a645c,64824f732706baf404290ffe42b3f5c33237b2e2101d68ae706f620c01f5b1d9
commuting,15,5,3,rzz,0.05,3,9,0.9999999999999998,0.9999999999995192,1.0000000008073229,1.0000000000000184,1.580735542461298e-11,0.0,0.0,0.0,1.5770051930985574e-11,0.0,db485d848236bcd7a79a2611237f47aaa8b48918606fb7b5926a8a9031df3cd3,c5bd595a7eb5e4900bde8732bacdb007a08bbca4966bdcb2dc854f8323013d51
commuting,16,6,1,rzz,0.05,2,9,0.9999999999999999,0.999999999999518,1.0000000009396097,1.0000000000000204,1.580913178145238e-11,0.0,0.0,0.0,1.5768719663356023e-11,0.0,55aaf7ad55f93d0c6a571c1527e99679a95d9adf01298265d09eb686716e126e,40476707a467b4705373b05fdff89c2d1421387aff9ff078af311c16afb8f886
commuting,17,6,2,rzz,0.05,2,8,1.0000000000000004,0.9999999999995169,0.9999999994232148,1.0000000000000235,1.581268449513118e-11,1.1535719046662507e-09,0.0,1.1693856993844065e-09,1.5766277172701848e-11,1.1535259414330312e-09,230cd5d1dc9246261621265c254413f8396e5d9a41b56a6f36d097cebc9683e5,64824f732706baf404290ffe42b3f5c33237b2e2101d68ae706f620c01f5b1d9
commuting,18,6,3,rzz,0.05,3,9,1.0,0.9999999999995204,0.9999999996633349,1.000000000000021,1.5804468844748953e-11,6.733320567775536e-10,0.0,6.891389681129567e-10,1.5762502414418122e-11,6.732898683026178e-10,e9c933bbe8b6fc25ba0e33555ebdc8a15473e8ef339f5b0f978355eddf85bd16,c5bd595a7eb5e4900bde8732bacdb007a08bbca4966bdcb2dc854f8323013d51
commuting,19,7,1,rzz,0.05,2,9,1.0000000000000004,0.9999999999995218,1.0000000004030922,1.0000000000000238,1.5802470443304628e-11,0.0,0.0,0.0,1.5755174942455596e-11,0.0,1d1018ff65b72d7a9d022dfdde3a390e6ca726b3e13f7891d138bf2a060fdc41,40476707a467b4705373b05fdff89c2d1421387aff9ff078af311c16afb8f886
commuting,20,7,2,rzz,0.05,2,8,1.0,0.9999999999995229,0.9999999990869609,1.0000000000000233,1.5799583863440603e-11,1.8260823964055817e-09,0.0,1.8418848668488863e-09,1.575273245180142e-11,1.8260353229493376e-09,d9c58eac27c305016a0e54294bbcde42e9571a1f2c2fd99e92a6aa4a0e141919,64824f732706baf404290ffe42b3f5c33237b2e2101d68ae706f620c01f5b1d9
commuting,21,7,3,rzz,0.05,3,9,1.0000000000000004,0.9999999999995232,1.00000000047098,1.000000000000026,1.5798917729625828e-11,0.0,0.0,0.0,1.574829155970292e-11,0.0,3c358a432a9b934c0bb00da8d6fffc986fa6547dd51a43fd7999fca593b634f8,c5bd595a7eb5e4900bde8732bacdb007a08bbca4966bdcb2dc854f8323013d51
commuting,22,8,1,rzz,0.05,2,9,0.9999999999999999,0.9999999999995246,1.0000000007266223,1.0000000000000235,1.5795809105156877e-11,0.0,0.0,0.0,1.574917973812262e-11,0.0,991067aec8d3c7848af9940a117edd7b12ab5e42cb19164854ac00c209a4d0ae,40476707a467b4705373b05fdff89c2d1421387aff9ff078af311c16afb8f886
commuting,23,8,2,rzz,0.05,2,8,1.0000000000000002,0.9999999999995222,0.9999999984847914,1.0000000000000242,1.5799805908045528e-11,3.0304232456757063e-09,0.0,3.046229046788085e-09,1.5752066317986646e-11,3.0303752840410425e-09,6782d87ecd32b04b100eea46a86d86a0270811105fa75db16fb8d424fa341044,64824f732706baf404290ffe42b3f5c33237b2e2101d68ae706f620c01f5b1d9
commuting,24,8,3,rzz,0.05,3,9,1.0000000000000004,0.9999999999995254,0.9999999995300232,1.0000000000000275,1.5795142971342102e-11,9.399598877024573e-10,0.0,9.557612479227373e-10,1.5741408176950245e-11,9.399059308634605e-10,067b71d3a8dfde3ccb05327ba20d6b81a38497d33bc8d6abf36916f792852ff2,c5bd595a7eb5e4900bde8732bacdb007a08bbca4966bdcb2dc854f8323013d51
commuting,25,9,1,rzz,0.05,2,9,1.0000000000000007,0.9999999999995307,1.0000000001236884,1.0000000000000253,1.57844848303057e-11,0.0,0.0,0.0,1.5733858660382793e-11,0.0,f9694252c81605e28c080075bcba116a1c36cbec9441c72a94ecf90746dca047,40476707a467b4705373b05fdff89c2d1421387aff9ff078af311c16afb8f886
commuting,26,9,2,rzz,0.05,2,8,1.0000000000000004,0.9999999999995298,0.9999999983424749,1.0000000000000255,1.5785595053330326e-11,3.3150577838370054e-09,0.0,3.3308502622730884e-09,1.573541297261727e-11,3.3150078238008973e-09,fec1de1dd8070a84452e29acfe4d22921986c534e1e4feaaa87141a6094a8afa,64824f732706baf404290ffe42b3f5c33237b2e2101d68ae706f620c01f5b1d9
commuting,27,9,3,rzz,0.05,3,9,1.0000000000000004,0.9999999999995317,0.9999999986983487,1.0000000000000266,1.5781598250441675e-11,2.6033120104074214e-09,0.0,2.619100047951406e-09,1.5729639812889218e-11,2.603259829925264e-09,87df95052f5ffb78bd18fe1a14689d9e7babb6b4e56477019525d5e3a8e89927,c5bd595a7eb5e4900bde8732bacdb007a08bbca4966bdcb2dc854f8323013d51
commuting,28,10,1,rzz,0.05,2,9,1.0000000000000004,0.9999999999995299,0.9999999993785579,1.0000000000000275,1.5784706874910626e-11,1.2428960083354923e-09,0.0,1.2586869324593408e-09,1.5730972080518768e-11,1.2428413853626807e-09,b03cc64a8048713daef438956168f5c4b7f849e27ed8aa94a587f29edc1661d5,40476707a467b4705373b05fdff89c2d1421387aff9ff078af311c16afb8f886
commuting,29,10,2,rzz,0.05,2,8,1.0000000000000007,0.9999999999995292,0.9999999967083668,1.000000000000028,1.5786039142540176e-11,6.583279477112569e-09,0.0,6.599072177593257e-09,1.5731638214333543e-11,6.583225964362782e-09,61997f57f25086df5d0e05eda7f48cf389822793f90aa6429e5900bfd92aeef6,64824f732706baf404290ffe42b3f5c33237b2e2101d68ae706f620c01f5b1d9
commuting,30,10,3,rzz,0.05,3,9,1.0000000000000009,0.9999999999995319,0.9999999978283385,1.0000000000000289,1.578048802741705e-11,4.3433374674606284e-09,0.0,4.359124616826193e-09,1.5724310742371017e-11,4.343281290175582e-09,164fba0435513ba60c5c1099bf781ef04142dce64b39dd095050b0a9d1f72eef,c5bd595a7eb5e4900bde8732bacdb007a08bbca4966bdcb2dc854f8323013d51
commuting,31,11,1,rzz,0.05,2,9,1.0000000000000007,0.9999999999995389,0.999999998562931,1.0000000000000304,1.5765611038887073e-11,2.8741526936215678e-09,0.0,2.889926520310837e-09,1.570676921858194e-11,2.874092963622843e-09,8166066163d0c0426d463f6aa826213be57fe389575b7a6802bff5949af0e5f1,40476707a467b4705373b05fdff89c2d1421387aff9ff078af311c16afb8f886
commuting,32,11,2,rzz,0.05,2,8,1.0000000000000007,0.9999999999995366,0.9999999978012277,1.0000000000000318,1.5770940109405274e-11,4.397560537938716e-09,0.0,4.413339027564689e-09,1.570854557542134e-11,4.397498809538547e-09,29f6f5038698f6a86906de559570e3b7d904134a729e83d0385f010e9d33302b,64824f732706baf404290ffe42b3f5c33237b2e2101d68ae706f620c01f5b1d9
commuting,33,11,3,rzz,0.05,3,9,1.0000000000000007,0.9999999999995398,1.000000000122739,1.0000000000000338,1.5764056726652598e-11,0.0,0.0,0.0,1.569877561280464e-11,0.0,273a5e2d30974a72f7be8e369bd81f443dfe3aaa50cbed9c260dc807ff18e5a1,c5bd595a7eb5e4900bde8732bacdb007a08bbca4966bdcb2dc854f8323013d51
commuting,34,12,1,rzz,0.05,2,9,1.0000000000000007,0.9999999999995403,1.0000000009730494,1.000000000000034,1.5763390592837823e-11,0.0,0.0,0.0,1.5697221300570163e-11,0.0,95b1ddb082506fa0557a4683250a7ac9233b3ba1ffb0263d019bbd1385c34c2b,40476707a467b4705373b05fdff89c2d1421387aff9ff078af311c16afb8f886
commuting,35,12,2,rzz,0.05,2,8,1.000000000000001,0.9999999999995424,1.0000000002739586,1.0000000000000355,1.5758283566924547e-11,0.0,0.0,0.0,1.5689671784002712e-11,0.0,eb0f060a77de1192459c3dc508219c49a69c4bf9f5bff25e234fb079e5d3b2bb,64824f732706baf404290ffe42b3f5c33237b2e2101d68ae706f620c01f5b1d9
commuting,36,12,3,rzz,0.05,3,9,1.0000000000000007,0.9999999999995396,1.0000000018295927,1.0000000000000342,1.5764278771257523e-11,0.0,0.0,0.0,1.5698109478989863e-11,0.0,60ca791c76268311c70860ebd28b352ebd3cc0a189741bc57339c8fb7ad50068,c5bd595a7eb5e4900bde8732bacdb007a08bbca4966bdcb2dc854f8323013d51
mixed,1,1,1,rxx,0.05,2,9,0.9999999999999997,0.9999999999999644,1.0000000000000013,0.999999999999999,4.699116651352142e-10,0.0,3.552713678800501e-15,4.699076683323256e-10,4.699125533136339e-10,0.0,383c4a93e9e80e86d074bbe039aee611b744a69904d2f496f34c1e1c590d65fa,4cea9d9d874308fdc8cd223c38d24a7579054c3ccfd4a373df3a5363794dfaf4
mixed,2,1,2,rzz,0.05,2,8,0.9999999999999993,0.9999999999998496,1.0000000000000027,0.9999999999999976,4.736682157613359e-10,0.0,5.329070518200751e-15,4.736613323785832e-10,4.736722125642245e-10,0.0,6f817b47d1e16579a99d1039440f9901ceec7d5b5d743d03d2940395721f343a,64824f732706baf404290ffe42b3f5c33237b2e2101d68ae706f620c01f5b1d9
mixed,3,1,3,ryy,0.05,3,9,0.9999999999999994,0.9999999999997978,1.0000000000000049,0.9999999999999973,4.739986181334643e-10,0.0,6.217248937900877e-15,4.739870718140082e-10,4.740023928917481e-10,0.0,b836ef587a59550235678a3eb208c16e4bd979e008c871e5216b0dfbcb25d9a8,b284c1e73bdbddcd49f4bf63688996198da2369baffe0c4e1488eac4e855c903
mixed,4,2,1,rxx,0.05,2,9,0.9999999999999996,0.9999999999997201,1.000000000000021,0.9999999999999984,4.740778880574226e-10,0.0,3.552713678800501e-15,4.740348114040671e-10,4.740803305480767e-10,0.0,04dddf76da1ac20f99a9f1245b11c7a0a4a3315b3afd2c7dfc714ee45f89ad8d,4cea9d9d874308fdc8cd223c38d24a7579054c3ccfd4a373df3a5363794dfaf4
mixed,5,2,2,rzz,0.05,2,8,0.9999999999999996,0.9999999999996845,1.0000000009576122,0.9999999999999979,4.741782522188487e-10,0.0,5.329070518200751e-15,0.0,4.741822490217373e-10,0.0,500594e4319098bb60e09f78adf73cc5956981b97592cae0c51f42e941457cf2,64824f732706baf404290ffe42b3f5c33237b2e2101d68ae706f620c01f5b1d9
mixed,6,2,3,ryy,0.05,3,9,0.9999999999999996,0.9999999999996457,1.0000000020206687,0.9999999999999967,4.74411177009415e-10,0.0,6.661338147750939e-15,0.0,4.744176163029579e-10,0.0,03f364530cae9308a8fc21bf9d502f79670e15ff0a6357825bf415fb931f0cbc,b284c1e73bdbddcd49f4bf63688996198da2369baffe0c4e1488eac4e855c903
mixed,7,3,1,rxx,0.05,2,9,1.0,0.9999999999995604,1.0000000027846814,0.9999999999999984,4.745392967464568e-10,0.0,4.218847493575595e-15,0.0,4.745421833263208e-10,0.0,450e039dd9a7288e4dd084b789175446bd86b63fab948319208945ab4bb0c2bb,4cea9d9d874308fdc8cd223c38d24a7579054c3ccfd4a373df3a5363794dfaf4
mixed,8,3,2,rzz,0.05,2,8,0.9999999999999996,0.9999999999994992,1.000000002250155,0.9999999999999982,4.747493509427159e-10,0.0,4.6629367034256575e-15,0.0,4.747526816117897e-10,0.0,880c8ef668e879569f302505ec376594167cd02b88924eb813ba8f8d4c1f60be,64824f732706baf404290ffe42b3f5c33237b2e2101d68ae706f620c01f5b1d9
mixed,9,3,3,ryy,0.05,3,9,0.9999999999999996,0.9999999999994718,1.0000000032313168,0.9999999999999998,4.749367565892726e-10,0.0,8.881784197001252e-16,0.0,4.749369786338775e-10,0.0,98770b95322ccbe7a0a9fa1fafece1fb88d7bca73faaf3857eddbd56b26fe9be,b284c1e73bdbddcd49f4bf63688996198da2369baffe0c4e1488eac4e855c903
mixed,10,4,1,rxx,0.05,2,9,0.9999999999999997,0.9999999999993834,1.000000003472284,0.9999999999999997,4.75133932198446e-10,0.0,0.0,0.0,4.751328219754214e-10,0.0,52bdb5428e163c518b22a10e9aabcdd4ad5c9e5fbca700abe2f481abc301f8cd,4cea9d9d874308fdc8cd223c38d24a7579054c3ccfd4a373df3a5363794dfaf4
mixed,11,4,2,rzz,0.05,2,8,0.9999999999999999,0.9999999999993375,1.0000000045458413,1.0000000000000016,4.753482052421987e-10,0.0,0.0,0.0,4.753446525285199e-10,0.0,d087ec117651e587e23762d9d43b8bae301b86e5750c65a3e341a243dcfb1565,64824f732706baf404290ffe42b3f5c33237b2e2101d68ae706f620c01f5b1d9
mixed,12,4,3,ryy,0.05,3,9,1.0,0.9999999999992933,1.0000000050287257,1.0000000000000009,4.756368632286012e-10,0.0,0.0,0.0,4.756348648271569e-10,0.0,52dcf07847b469d63e39dbe9097c3315da05b69df5da9fc3f3c3698f5c85b509,b284c1e73bdbddcd49f4bf63688996198da2369baffe0c4e1488eac4e855c903
mixed,13,5,1,rxx,0.05,2,9,0.9999999999999998,0.9999999999992151,1.0000000053795273,1.0000000000000027,4.758642369040444e-10,0.0,0.0,0.0,4.758589078335262e-10,0.0,f20fba037c8d8f680619a02e92308e724d5716950acc2341cb73bd3d5100f9f1,4cea9d9d874308fdc8cd223c38d24a7579054c3ccfd4a373df3a5363794dfaf4
mixed,14,5,2,rzz,0.05,2,8,1.0000000000000002,0.9999999999991713,1.0000000051777662,1.000000000000004,4.760454253016633e-10,0.0,0.0,0.0,4.760378757850958e-10,0.0,bb08ce1cc146711068399428b41b852da0110d7106856a8515689f7955ce38ed,64824f732706baf404290ffe42b3f5c33237b2e2101d68ae706f620c01f5b1d9
mixed,15,5,3,ryy,0.05,3,9,0.9999999999999994,0.9999999999991221,1.0000000042137973,1.0000000000000024,4.764144634350487e-10,0.0,0.0,0.0,4.764086902753206e-10,0.0,13d52c267c90c6c8e2887f560b2913846787fd6ea2410bf22d3cf94a8cd62d40,b284c1e73bdbddcd49f4bf63688996198da2369baffe0c4e1488eac4e855c903
mixed,16,6,1,rxx,0.05,2,9,0.9999999999999999,0.9999999999990474,1.0000000044131903,1.0000000000000018,4.765623451419287e-10,0.0,0.0,0.0,4.765574601606204e-10,0.0,9fc4d9df62e9ca3199e5641b8314a56ca9a8dcdc85ab1c434f8684086d96dec8,4cea9d9d874308fdc8cd223c38d24a7579054c3ccfd4a373df3a5363794dfaf4
mixed,17,6,2,rzz,0.05,2,8,1.0000000000000002,0.9999999999990131,1.000000004038155,1.0000000000000013,4.767102268488088e-10,0.0,0.0,0.0,4.767084504919694e-10,0.0,7f0fdfd7eb254a3e934643b735c03bcef9f8235c1b99bbf365d96b887b16cf76,64824f732706baf404290ffe42b3f5c33237b2e2101d68ae706f620c01f5b1d9
mixed,18,6,3,ryy,0.05,3,9,1.0000000000000002,0.9999999999989704,1.000000002741163,1.000000000000001,4.770843720081075e-10,0.0,0.0,0.0,4.770837058742927e-10,0.0,a26925a16cf94549d9f70ecb94b396c9ed23bd1cbb623e2b6f681547e42c0fa7,b284c1e73bdbddcd49f4bf63688996198da2369baffe0c4e1488eac4e855c903
mixed,19,7,1,rxx,0.05,2,9,1.0000000000000002,0.9999999999989005,1.000000002943175,1.0000000000000007,4.771738559838923e-10,0.0,0.0,0.0,4.771731898500775e-10,0.0,344b34f32ee86c4e14eb782561211881249be4d471024c86a3008eccdb28efe4,4cea9d9d874308fdc8cd223c38d24a7579054c3ccfd4a373df3a5363794dfaf4
mixed,20,7,2,rzz,0.05,2,8,1.0000000000000002,0.9999999999988454,1.0000000023867328,1.0000000000000018,4.774900475013055e-10,0.0,0.0,0.0,4.774882711444661e-10,0.0,a4efe2b98908b316fb3dc0d1a4a3ab14826d514faaa160dbb7ba403e6e0c0688,64824f732706baf404290ffe42b3f5c33237b2e2101d68ae706f620c01f5b1d9
mixed,21,7,3,ryy,0.05,3,9,1.0000000000000007,0.9999999999987684,1.000000001380461,1.0000000000000024,4.781337548109832e-10,0.0,0.0,0.0,4.781299800526995e-10,0.0,1cbf1ecff68dc8416d0c8949e9520f87350c2a21fadebcbdadc31a6258934c74,b284c1e73bdbddcd49f4bf63688996198da2369baffe0c4e1488eac4e855c903
mixed,22,8,1,rxx,0.05,2,9,1.0000000000000004,0.9999999999986935,1.0000000016834663,0.999999999999999,4.781592899405496e-10,0.0,8.881784197001252e-16,0.0,4.781628426542284e-10,0.0,15429e49122f20c3ef396872d8b86ccbd870b877ce7f128d414d7d7fc1d57e39,4cea9d9d874308fdc8cd223c38d24a7579054c3ccfd4a373df3a5363794dfaf4
mixed,23,8,2,rzz,0.05,2,8,1.0000000000000004,0.9999999999986374,1.0000000009224785,0.999999999999999,4.784730389673086e-10,0.0,6.661338147750939e-16,0.0,4.784759255471727e-10,0.0,fb2ff43ce65c6938a7b814f20ef0e736a8108e22871025cd921dbd308a51d3fc,64824f732706baf404290ffe42b3f5c33237b2e2101d68ae706f620c01f5b1d9
mixed,24,8,3,ryy,0.05,3,9,1.0000000000000004,0.9999999999985432,1.000000000303655,1.0,4.792906072026426e-10,0.0,0.0,0.0,4.792912733364574e-10,0.0,cdc5df30a26a6e60b1f3c457d40a888c77591cdc6804d0e6b6fe6f106dced6e0,b284c1e73bdbddcd49f4bf63688996198da2369baffe0c4e1488eac4e855c903
mixed,25,9,1,rxx,0.05,2,9,1.0000000000000007,0.9999999999984801,1.000000000855701,0.9999999999999979,4.792652941176812e-10,0.0,2.886579864025407e-15,0.0,4.79271733411224e-10,0.0,ab2168ed1e6804e0231a5fbcf73e64af6d6a66c8cb4ddce226d2e39bb19a5f4f,4cea9d9d874308fdc8cd223c38d24a7579054c3ccfd4a373df3a5363794dfaf4
mixed,26,9,2,rzz,0.05,2,8,1.0000000000000004,0.999999999998412,1.0000000016214432,0.9999999999999974,4.796818497965205e-10,0.0,4.440892098500626e-15,0.0,4.796878450008535e-10,0.0,582570c4bbedbba9c90ee602c4557a56235e931ac621ba1f69c87aee00d2f36f,64824f732706baf404290ffe42b3f5c33237b2e2101d68ae706f620c01f5b1d9
mixed,27,9,3,ryy,0.05,3,9,1.0000000000000009,0.9999999999983492,1.0000000014607149,0.9999999999999961,4.801232744711115e-10,0.0,6.217248937900877e-15,0.0,4.801323782999134e-10,0.0,95fb8bccb01b3d2b8004f8491d8d6d50b6175484c06f0677411c0b097f0450d6,b284c1e73bdbddcd49f4bf63688996198da2369baffe0c4e1488eac4e855c903
mixed,28,10,1,rxx,0.05,2,9,1.0000000000000004,0.9999999999982802,1.0000000026058802,0.9999999999999981,4.801397057718759e-10,0.0,2.6645352591003757e-15,0.0,4.801443687085793e-10,0.0,9283380046a64c0e0f2b22ed4714573eb0e15c8a6f69f9fd3cba2ae94a2e6fb6,4cea9d9d874308fdc8cd223c38d24a7579054c3ccfd4a373df3a5363794dfaf4
mixed,29,10,2,rzz,0.05,2,8,1.0000000000000007,0.9999999999981807,1.0000000035669574,1.000000000000001,4.807649833793448e-10,0.0,0.0,0.0,4.807638731563202e-10,0.0,d4cafd33b55bb4a93a251ca4019e4d295098e5f6d27ed3ef00af5255e7ea6018,64824f732706baf404290ffe42b3f5c33237b2e2101d68ae706f620c01f5b1d9
mixed,30,10,3,ryy,0.05,3,9,1.0000000000000007,0.9999999999981201,1.0000000034447374,1.0000000000000007,4.812599208037227e-10,0.0,0.0,0.0,4.812594767145129e-10,0.0,0a26757fba52438f0640ef94756fd315a2374065001e0594516d3d9de5d3dc3e,b284c1e73bdbddcd49f4bf63688996198da2369baffe0c4e1488eac4e855c903
mixed,31,11,1,rxx,0.05,2,9,1.0000000000000007,0.9999999999980298,1.0000000053884657,1.0000000000000002,4.81288786602363e-10,0.0,0.0,0.0,4.812907850038073e-10,0.0,122ebea87b6fdac96e1ead9ddf3527274aa57856aa1c2c088b963546699cd251,4cea9d9d874308fdc8cd223c38d24a7579054c3ccfd4a373df3a5363794dfaf4
mixed,32,11,2,rzz,0.05,2,8,1.0000000000000007,0.9999999999979466,1.0000000053884666,0.9999999999999999,4.816214094205407e-10,0.0,0.0,0.0,4.816222975989604e-10,0.0,89aa6b3c4c1f3bc2a5be2bc8053bc98643ab4f38c386c1ea49418470a181285f,64824f732706baf404290ffe42b3f5c33237b2e2101d68ae706f620c01f5b1d9
mixed,33,11,3,ryy,0.05,3,9,1.0000000000000007,0.9999999999978731,1.000000005065653,1.0000000000000018,4.822657828640331e-10,0.0,0.0,0.0,4.822637844625888e-10,0.0,f0b72dad79bc7b9d27eabbb5e20516d1acb445a71d4541d9c410c35a28ab907c,b284c1e73bdbddcd49f4bf63688996198da2369baffe0c4e1488eac4e855c903
mixed,34,12,1,rxx,0.05,2,9,1.0000000000000007,0.9999999999977949,1.0000000072944168,1.0000000000000007,4.823001997777965e-10,0.0,0.0,0.0,4.823008659116113e-10,0.0,422ebec0b3da6b87d4df8d59fcf28736c09acb5c1ae73f902572f179f7819cae,4cea9d9d874308fdc8cd223c38d24a7579054c3ccfd4a373df3a5363794dfaf4
mixed,35,12,2,rzz,0.05,2,8,1.0000000000000007,0.999999999997726,1.0000000072944148,1.0000000000000016,4.824300958716776e-10,0.0,0.0,0.0,4.824283195148382e-10,0.0,19a3ed3f1254b37d26fd463debebce761ddc168f6a9f2ad5c5a131a6bd21ee5e,64824f732706baf404290ffe42b3f5c33237b2e2101d68ae706f620c01f5b1d9
mixed,36,12,3,ryy,0.05,3,9,1.000000000000001,0.9999999999976277,1.0000000067517563,1.0000000000000027,4.832791944409109e-10,0.0,0.0,0.0,4.832758637718371e-10,0.0,819794a390d3dd444315280fd3951b0f7c1da7bc8913ee9cd921f87e6a9780ef,b284c1e73bdbddcd49f4bf63688996198da2369baffe0c4e1488eac4e855c903
commuting,1,1,1,rzz,0.05,2,9,1.0000000000000016,1.000000000000001,1.0000000000000009,1.0000000000000013,0.0,0.0,0.0,0.0,0.0,0.0,7b7c82a26f6e10daa668c57b09a283ad5ecae7566ef24d957db012575b101550,40476707a467b4705373b05fdff89c2d1421387aff9ff078af311c16afb8f886
commuting,2,1,2,rzz,0.05,2,8,1.0000000000000018,1.000000000000003,1.000000000000003,1.0000000000000027,0.0,0.0,0.0,0.0,0.0,0.0,1cf2e44904a264d25e4929a12ca0be7b2286e7c6257ff30cd13da230a3e66b6f,64824f732706baf404290ffe42b3f5c33237b2e2101d68ae706f620c01f5b1d9
commuting,3,1,3,rzz,0.05,3,9,1.0000000000000018,0.9999999999999749,1.000000000000002,1.0000000000000036,9.230460840115029e-11,0.0,0.0,9.230327613352074e-11,9.230038955365671e-11,0.0,02f2908079657bfcc6865d9d9a895e22fbc7554250906a53cc5f4302524b3b39,c5bd595a7eb5e4900bde8732bacdb007a08bbca4966bdcb2dc854f8323013d51
commuting,4,2,1,rzz,0.05,2,9,1.0000000000000024,0.9999999999999791,1.0000000000000058,1.0000000000000053,9.229572661695329e-11,0.0,0.0,9.228950936801539e-11,9.228995345722524e-11,0.0,98686c356321f6a19e9d43e8024faa0bc43a43dea2a0a9a63116bd6fff4a2f41,40476707a467b4705373b05fdff89c2d1421387aff9ff078af311c16afb8f886
commuting,5,2,2,rzz,0.05,2,8,1.0000000000000016,0.9999999999999646,1.0000000000000098,1.0000000000000049,9.259015776308388e-11,0.0,0.0,9.257505872994898e-11,9.258394051414598e-11,0.0,65947bfb597db213b081cc6dcaa03fefdbc999e4c2f726602e450ed8be7e9f02,64824f732706baf404290ffe42b3f5c33237b2e2101d68ae706f620c01f5b1d9
commuting,6,2,3,rzz,0.05,3,9,1.0000000000000024,0.9999999999998751,1.000000000000013,1.000000000000006,9.382183918660303e-11,0.0,0.0,9.3801189038345e-11,9.381428967003558e-11,0.0,22252a841605fb2316735ae5b6035c2c001045e22cb8264d0abb2c07ed379b14,c5bd595a7eb5e4900bde8732bacdb007a08bbca4966bdcb2dc854f8323013d51
commuting,7,3,1,rzz,0.05,2,9,1.0000000000000018,0.9999999999998775,1.00000000000001,1.0000000000000058,9.381762033910945e-11,0.0,0.0,9.37994126815056e-11,9.380940468872723e-11,0.0,a0149cc5bd8c2ab0b540a22350186b5723742c77253cc5f044a4c593b19a5dc7,40476707a467b4705373b05fdff89c2d1421387aff9ff078af311c16afb8f886
commuting,8,3,2,rzz,0.05,2,8,1.0000000000000022,0.9999999999997904,0.999999999999947,1.0000000000000082,9.573875026092082e-11,1.0236256287043943e-13,0.0,9.584866234035871e-11,9.57269818968598e-11,9.015010959956271e-14,826404033a55f4709b3649c4310917b99162373d98ee32fd2880c8b5a4d9e69c,64824f732706baf404290ffe42b3f5c33237b2e2101d68ae706f620c01f5b1d9
commuting,9,3,3,rzz,0.05,3,9,1.000000000000002,0.9999999999997934,0.9999999999985176,1.0000000000000073,9.5732310967378e-11,2.9616309404900676e-12,0.0,9.870149142443552e-11,9.572187487094652e-11,2.950306665638891e-12,c232d4a49108deb2896197bd093d1ff86a530fc4d2167ee1addf499643647a7e,c5bd595a7eb5e4900bde8732bacdb007a08bbca4966bdcb2dc854f8323013d51
commuting,10,4,1,rzz,0.05,2,9,1.0000000000000022,0.999999999999791,0.9999999999984749,1.0000000000000084,9.573719594868635e-11,3.0455638011517294e-12,0.0,9.87909754002203e-11,9.5723429183181e-11,3.0320190802513025e-12,86c44ffbc024497400101e267beda5c9f8bf72a9dd415bdb3aa6c72f8bb931d7,40476707a467b4705373b05fdff89c2d1421387aff9ff078af311c16afb8f886
commuting,11,4,2,rzz,0.05,2,8,1.0000000000000018,0.9999999999997904,0.9999999999966049,1.0000000000000082,9.573875026092082e-11,6.787015394138507e-12,0.0,1.0253464743925633e-10,9.57260937184401e-11,6.77391476244793e-12,379da480096adcd6050d4f28d9039d854454877a5d33d4320ee25f74299a0e35,64824f732706baf404290ffe42b3f5c33237b2e2101d68ae706f620c01f5b1d9
commuting,12,4,3,rzz,0.05,3,9,1.0000000000000022,0.9999999999997898,0.9999999999708622,1.0000000000000082,9.573897230552575e-11,5.827138771508089e-11,0.0,1.5402035202782827e-10,9.572720394146472e-11,5.825961935101986e-11,052f658e3a2679d75ef6e085485d9a84dd2f69f50f9b4a7da61ccb31a09f5d08,c5bd595a7eb5e4900bde8732bacdb007a08bbca4966bdcb2dc854f8323013d51
commuting,13,5,1,rzz,0.05,2,9,1.0000000000000018,0.9999999999997912,0.9999999999699408,1.0000000000000073,9.57376400378962e-11,6.011346975753895e-11,0.0,1.5586021362423708e-10,9.57260937184401e-11,6.010192343808285e-11,dc185daf86fc554b0e354d1ae5a804ec1b98724e12a5e2756edd64629c0bc52c,40476707a467b4705373b05fdff89c2d1421387aff9ff078af311c16afb8f886
commuting,14,5,2,rzz,0.05,2,8,1.0000000000000024,0.9999999999998009,0.9999999997940516,1.000000000000009,9.571765602345295e-11,4.118918539575134e-10,0.0,5.076183917651633e-10,9.57038892579476e-11,4.118776431027982e-10,10eb67522a03018a51a899bef0bd3c20198a8c69c16633aa1a3daa2a050f6406,64824f732706baf404290ffe42b3f5c33237b2e2101d68ae706f620c01f5b1d9
commuting,15,5,3,rzz,0.05,3,9,1.0000000000000024,0.9999999999998029,0.9999999995948301,1.0000000000000073,9.57136592205643e-11,8.103357984623472e-10,0.0,9.060583394671085e-10,9.57030010795279e-11,8.103246962321009e-10,a768800b3cca9afafb00dc23e89bee1cc4c686243884253c7915fd2851a88137,c5bd595a7eb5e4900bde8732bacdb007a08bbca4966bdcb2dc854f8323013d51
commuting,16,6,1,rzz,0.05,2,9,1.000000000000002,0.9999999999998062,0.9999999995869093,1.0000000000000093,9.570766401623132e-11,8.261766826223038e-10,0.0,9.218930063781272e-10,9.569300907230627e-11,8.261622497229837e-10,bd47a3afbaa73d96315f504459b13429554f8c2b0bb436aa8f6df7d8b29183f2,40476707a467b4705373b05fdff89c2d1421387aff9ff078af311c16afb8f886
commuting,17,6,2,rzz,0.05,2,8,1.0000000000000022,0.9999999999998129,0.999999999951551,1.0000000000000073,9.569345316151612e-11,9.689404834034576e-11,0.0,1.9259527306303426e-10,9.568257297587479e-11,9.688294611009951e-11,0aaef1f8d0ac0e334ae13c4c0a7efe7fc4f90527ac56ea8649b14d03387eb041,64824f732706baf404290ffe42b3f5c33237b2e2101d68ae706f620c01f5b1d9
commuting,18,6,3,rzz,0.05,3,9,1.0000000000000022,0.999999999999819,1.0000000004684348,1.000000000000008,9.568101866364032e-11,0.0,0.0,0.0,9.567058256720884e-11,0.0,f2d4d265d908f6d0a7591bcc1447049baf6d016e3bfb6b123b2a93b7667de9d2,c5bd595a7eb5e4900bde8732bacdb007a08bbca4966bdcb2dc854f8323013d51
commuting,19,7,1,rzz,0.05,2,9,1.0000000000000024,0.9999999999998236,1.0000000005233036,1.0000000000000075,9.567213687944331e-11,0.0,0.0,0.0,9.566192282761676e-11,0.0,2694c0a196defb5a2d004e8a2a4d37c6f48cc7a1d6081ed5f245257bc1f8b0c6,40476707a467b4705373b05fdff89c2d1421387aff9ff078af311c16afb8f886
commuting,20,7,2,rzz,0.05,2,8,1.0000000000000022,0.9999999999998286,1.000000000360989,1.0000000000000082,9.566214487222169e-11,0.0,0.0,0.0,9.565082059737051e-11,0.0,98d19c031cc9a71d1517d8b61fca155b0c0b37f2c1d7de690544fe8d0023d41c,64824f732706baf404290ffe42b3f5c33237b2e2101d68ae706f620c01f5b1d9
commuting,21,7,3,rzz,0.05,3,9,1.0000000000000018,0.9999999999998277,1.0000000014724146,1.0000000000000075,9.566392122906109e-11,0.0,0.0,0.0,9.565193082039514e-11,0.0,56e56f05081800c85b2b6944c3de97a30a67dc7bd362c1cc7110ca75b637ae1b,c5bd595a7eb5e4900bde8732bacdb007a08bbca4966bdcb2dc854f8323013d51
commuting,22,8,1,rzz,0.05,2,9,1.0000000000000024,0.9999999999998326,1.0000000016599995,1.000000000000009,9.565370717723454e-11,0.0,0.0,0.0,9.564060654554396e-11,0.0,f884a97d7bde960ed24abf781bb80787060aaf6a864cfe51da5a654bd2f959ca,40476707a467b4705373b05fdff89c2d1421387aff9ff078af311c16afb8f886
commuting,23,8,2,rzz,0.05,2,8,1.000000000000002,0.9999999999998369,1.0000000015691093,1.0000000000000084,9.564526948224739e-11,0.0,0.0,0.0,9.563194680595188e-11,0.0,47fd6e3fc26e1d63c6ded49de3d723bd00c87265209e49207679dda131bba2bf,64824f732706baf404290ffe42b3f5c33237b2e2101d68ae706f620c01f5b1d9
commuting,24,8,3,rzz,0.05,3,9,1.0000000000000022,0.999999999999838,1.000000001187425,1.0000000000000109,9.564127267935874e-11,0.0,0.0,0.0,9.562528546780413e-11,0.0,7cbcd051a96a01137c4bcfded4980f9913810679c67303edd8ba9266a657b068,c5bd595a7eb5e4900bde8732bacdb007a08bbca4966bdcb2dc854f8323013d51
commuting,25,9,1,rzz,0.05,2,9,1.0000000000000022,0.9999999999998409,1.0000000011766124,1.0000000000000104,9.563638769805038e-11,0.0,0.0,0.0,9.561995639728593e-11,0.0,e5da0333413b92f74e6dd4c91ecebed21705a15604e5a93865619a8f4e15f555,40476707a467b4705373b05fdff89c2d1421387aff9ff078af311c16afb8f886
commuting,26,9,2,rzz,0.05,2,8,1.0000000000000029,0.999999999999846,1.0000000018712079,1.0000000000000084,9.562683978003861e-11,0.0,0.0,0.0,9.561529346058251e-11,0.0,7f6cfc63fb0984eaaccbdea990daa841065c452f960da96b785c25da6c73801a,64824f732706baf404290ffe42b3f5c33237b2e2101d68ae706f620c01f5b1d9
commuting,27,9,3,rzz,0.05,3,9,1.0000000000000024,0.9999999999998455,1.0000000017064687,1.000000000000008,9.562661773543368e-11,0.0,0.0,0.0,9.561595959439728e-11,0.0,9f3bb3fda6a42ee4a4144ca365e463d3285afaabc59466172e029d88974e12b9,c5bd595a7eb5e4900bde8732bacdb007a08bbca4966bdcb2dc854f8323013d51
commuting,28,10,1,rzz,0.05,2,9,1.0000000000000027,0.9999999999998515,1.0000000013873154,1.0000000000000095,9.561440528216281e-11,0.0,0.0,0.0,9.560063851665745e-11,0.0,05646630a1259e278a0f3ffe850f9cae245446860cdc30f458444faedb2eda74,40476707a467b4705373b05fdff89c2d1421387aff9ff078af311c16afb8f886
commuting,29,10,2,rzz,0.05,2,8,1.0000000000000024,0.9999999999998552,1.000000002052479,1.0000000000000087,9.560796598861998e-11,0.0,0.0,0.0,9.559641966916388e-11,0.0,e9c3724ffa3fb83f03d36b653737f65ff8b0376b5224c255f7ed437f9fdd08d3,64824f732706baf404290ffe42b3f5c33237b2e2101d68ae706f620c01f5b1d9
commuting,30,10,3,rzz,0.05,3,9,1.0000000000000029,0.999999999999858,1.0000000026601605,1.0000000000000107,9.560174873968208e-11,0.0,0.0,0.0,9.558487334970778e-11,0.0,7cd3588506df93d4c0a179f2dcd62c748cd371701497ee53fa8b6dc70d4c4172,c5bd595a7eb5e4900bde8732bacdb007a08bbca4966bdcb2dc854f8323013d51
commuting,31,11,1,rzz,0.05,2,9,1.0000000000000029,0.9999999999998607,1.0000000020090352,1.0000000000000129,9.559641966916388e-11,0.0,0.0,0.0,9.557732383314033e-11,0.0,fad176ff80ac3bf1b0c46997c44d90918d857cf3cfd6788945369aa1867011cc,40476707a467b4705373b05fdff89c2d1421387aff9ff078af311c16afb8f886
commuting,32,11,2,rzz,0.05,2,8,1.0000000000000029,0.9999999999998663,1.0000000027488776,1.0000000000000135,9.558576152812748e-11,0.0,0.0,0.0,9.556444524605467e-11,0.0,c5a25a2da5ef19ab4f787d607ff5f5bfe97ea95ead74cc32cf4967a8660686e8,64824f732706baf404290ffe42b3f5c33237b2e2101d68ae706f620c01f5b1d9
commuting,33,11,3,rzz,0.05,3,9,1.0000000000000022,0.9999999999998648,1.0000000026431561,1.0000000000000153,9.558798197417673e-11,0.0,0.0,0.0,9.556355706763497e-11,0.0,516a7fca30d23cd878dcbd995e55fc5d7fa64664ff3ccb3318df628e51fd3229,c5bd595a7eb5e4900bde8732bacdb007a08bbca4966bdcb2dc854f8323013d51
commuting,34,12,1,rzz,0.05,2,9,1.0000000000000027,0.9999999999998689,1.0000000022637112,1.0000000000000147,9.558176472523883e-11,0.0,0.0,0.0,9.555778390790692e-11,0.0,89269f1eb59e6239f42429985387312a83465370c84075f172c26d76f88f2526,40476707a467b4705373b05fdff89c2d1421387aff9ff078af311c16afb8f886
commuting,35,12,2,rzz,0.05,2,8,1.0000000000000029,0.9999999999998677,1.0000000036046068,1.0000000000000138,9.558287494826345e-11,0.0,0.0,0.0,9.556266888921527e-11,0.0,656693d0e871adc194e67fa0b18ccb41bdf0aef36d6d20c49cbfc41a030d48f4,64824f732706baf404290ffe42b3f5c33237b2e2101d68ae706f620c01f5b1d9
commuting,36,12,3,rzz,0.05,3,9,1.0000000000000029,0.9999999999998682,1.000000003295902,1.0000000000000158,9.557998836839943e-11,0.0,0.0,0.0,9.555511937264782e-11,0.0,5ce4a0bdf650c626c969c35f3652492cabb4d5ee4a98d9182c0ef88d7888d6fc,c5bd595a7eb5e4900bde8732bacdb007a08bbca4966bdcb2dc854f8323013d51
mixed,1,1,1,rxx,0.05,2,9,1.0000000000000013,1.0000000000000022,1.000000000000002,1.0000000000000022,0.0,0.0,0.0,0.0,0.0,0.0,1e49397bc095bfcfe8d21dc6c34454db67fe0ecf5a51ff5a6ec88e8ce428545d,4cea9d9d874308fdc8cd223c38d24a7579054c3ccfd4a373df3a5363794dfaf4
mixed,2,1,2,rzz,0.05,2,8,1.0000000000000013,0.9999999999999964,1.0000000000000038,1.0000000000000075,2.2248869413488137e-12,0.0,0.0,2.219779915435538e-12,2.211564265053312e-12,0.0,65b22c9c0d2bd75d7227ef202d281cf7f5b433652746341ee8c1d6916d00eaf0,64824f732706baf404290ffe42b3f5c33237b2e2101d68ae706f620c01f5b1d9
mixed,3,1,3,ryy,0.05,3,9,1.0000000000000018,0.9999999999999682,1.0000000000000064,1.0000000000000098,2.4233948181517917e-12,0.0,0.0,2.4145130339547904e-12,2.4074076065971894e-12,0.0,4f2af3e56d940f69b3df46ce2608a56e86a11580a5eb42130b35919bd0712a08,b284c1e73bdbddcd49f4bf63688996198da2369baffe0c4e1488eac4e855c903
mixed,4,2,1,rxx,0.05,2,9,1.0000000000000016,0.9999999999998871,1.0000000000000047,1.0000000000000102,2.597033699203166e-12,0.0,0.0,2.5908164502652653e-12,2.580824443043639e-12,0.0,5394fd6af9617d52525f31e25d9fc454729948a621dfe6bc3e91fd147fba9da5,4cea9d9d874308fdc8cd223c38d24a7579054c3ccfd4a373df3a5363794dfaf4
mixed,5,2,2,rzz,0.05,2,8,1.0000000000000016,0.9999999999998223,1.0000000029146665,1.0000000000000124,2.793765219166744e-12,0.0,0.0,0.0,2.772448937093941e-12,0.0,bdff9514335af7931a2197d03584840e23e00f60c91306ae265a8da7ad1efd7d,64824f732706baf404290ffe42b3f5c33237b2e2101d68ae706f620c01f5b1d9
mixed,6,2,3,ryy,0.05,3,9,1.000000000000002,0.9999999999998015,1.0000000025167022,1.0000000000000149,2.943867372096065e-12,0.0,0.0,0.0,2.9176661087149114e-12,0.0,144a9b810bad5c039e3ad95e8d7dea090e1c2892f4a86e6e77be71dba6c86c08,b284c1e73bdbddcd49f4bf63688996198da2369baffe0c4e1488eac4e855c903
mixed,7,3,1,rxx,0.05,2,9,1.0000000000000016,0.9999999999997534,1.0000000029308684,1.0000000000000153,3.0615510127063317e-12,0.0,0.0,0.0,3.035349749325178e-12,0.0,a55d82e027a4d9e3a7eff32967cbae58741a67b1abcd0c5519588ec5fdce8ea3,4cea9d9d874308fdc8cd223c38d24a7579054c3ccfd4a373df3a5363794dfaf4
mixed,8,3,2,rzz,0.05,2,8,1.0000000000000018,0.9999999999997324,1.000000001766732,1.000000000000016,3.12105896682624e-12,0.0,0.0,0.0,3.092637257395836e-12,0.0,239b8bace51e463aa1657d098879f35d7457d3f844add17db7b1b172549ac378,64824f732706baf404290ffe42b3f5c33237b2e2101d68ae706f620c01f5b1d9
mixed,9,3,3,ryy,0.05,3,9,1.000000000000001,0.9999999999996886,1.0000000021129185,1.0000000000000153,3.3946179200938786e-12,0.0,0.0,0.0,3.3653080322437745e-12,0.0,8c609a94875e9a3478fa3dacb66f94f83a161abd6fd5fdf1f9869b83c2078e37,b284c1e73bdbddcd49f4bf63688996198da2369baffe0c4e1488eac4e855c903
mixed,10,4,1,rxx,0.05,2,9,1.000000000000002,0.9999999999996316,1.0000000018380177,1.000000000000017,3.4723335318176396e-12,0.0,0.0,0.0,3.4421354655478353e-12,0.0,1da894fb72f5586888f5729d20a0c0fd0b34fdab5a7061d4733a52b3b203fcd6,4cea9d9d874308fdc8cd223c38d24a7579054c3ccfd4a373df3a5363794dfaf4
mixed,11,4,2,rzz,0.05,2,8,1.0000000000000018,0.999999999999569,1.0000000009994408,1.000000000000017,3.767208767158081e-12,0.0,0.0,0.0,3.737010700888277e-12,0.0,291e6107d6e386f6d42b005b29123f8f2f1af61cce246dd8389eecd027e4563d,64824f732706baf404290ffe42b3f5c33237b2e2101d68ae706f620c01f5b1d9
mixed,12,4,3,ryy,0.05,3,9,1.000000000000002,0.9999999999995262,1.0000000017957313,1.0000000000000178,4.04343225568482e-12,0.0,0.0,0.0,4.011901921785466e-12,0.0,96b49f49c3724fd26a9745fe5b5212242f32731f52ca06455bd4a8da72e4aa6d,b284c1e73bdbddcd49f4bf63688996198da2369baffe0c4e1488eac4e855c903
mixed,13,5,1,rxx,0.05,2,9,1.0000000000000022,0.999999999999458,1.0000000012388564,1.0000000000000155,4.135136677518858e-12,0.0,0.0,0.0,4.108047235718004e-12,0.0,fb9f89ef1b234c71e5e00ef979b75d7f412a68564956c7f6f0c2dc4b3d4a4743,4cea9d9d874308fdc8cd223c38d24a7579054c3ccfd4a373df3a5363794dfaf4
mixed,14,5,2,rzz,0.05,2,8,1.0000000000000018,0.9999999999994166,1.0000000004341032,1.0000000000000147,4.342304293913912e-12,0.0,0.0,0.0,4.316547119742609e-12,0.0,c4ae9eda105f61a7bc74760d5031d58b3abd11e484272a8d20a3b8c2021534ef,64824f732706baf404290ffe42b3f5c33237b2e2101d68ae706f620c01f5b1d9
mixed,15,5,3,ryy,0.05,3,9,1.0000000000000016,0.9999999999993886,0.9999999999151484,1.000000000000015,4.502176409459935e-12,1.698094997948374e-10,0.0,1.7431434073955643e-10,4.475975146078781e-12,1.6978263239764146e-10,5e33348ecf4d6e483887baa1f6513f39f22873adcb6cd6869f72dc298ff16fd3,b284c1e73bdbddcd49f4bf63688996198da2369baffe0c4e1488eac4e855c903
mixed,16,6,1,rxx,0.05,2,9,1.0000000000000022,0.999999999999333,1.000000000780037,1.0000000000000138,4.482858528831457e-12,0.0,0.0,0.0,4.459543845314329e-12,0.0,a3a23eadd875d4aec3b1962a76f2e93a31f567daed2538823e5532684f22964c,4cea9d9d874308fdc8cd223c38d24a7579054c3ccfd4a373df3a5363794dfaf4
mixed,17,6,2,rzz,0.05,2,8,1.0000000000000018,0.9999999999993046,0.9999999995786345,1.0000000000000147,4.6704862199931085e-12,8.428502340507293e-10,0.0,8.475224966275618e-10,4.644284956611955e-12,8.428235886981383e-10,c209692386894169ee2286dec1334cb792e2a931155fdd2c75722c9cc2274211,64824f732706baf404290ffe42b3f5c33237b2e2101d68ae706f620c01f5b1d9
mixed,18,6,3,ryy,0.05,3,9,1.0000000000000024,0.9999999999992628,0.9999999993173405,1.0000000000000153,4.908740081077667e-12,1.365445312373481e-09,0.0,1.3703573831236326e-09,4.8827608623014385e-12,1.3654193331547049e-09,c10aead21b3e1ab1d32d18053f676fd11f1f5bbc3042f2a97469166d026d35ec,b284c1e73bdbddcd49f4bf63688996198da2369baffe0c4e1488eac4e855c903
mixed,19,7,1,rxx,0.05,2,9,1.0000000000000027,0.9999999999992205,1.0000000001146074,1.000000000000017,4.878764059412788e-12,0.0,0.0,0.0,4.849232126957759e-12,0.0,5e5ec1bea54ed9a57735d8c79550608e63adaea854a0e9c1988ade5fafc9e50c,4cea9d9d874308fdc8cd223c38d24a7579054c3ccfd4a373df3a5363794dfaf4
mixed,20,7,2,rzz,0.05,2,8,1.0000000000000024,0.9999999999991773,0.9999999985471991,1.0000000000000189,5.17985654369113e-12,2.905754969972918e-09,0.0,2.9109372690072632e-09,5.147438031372076e-12,2.905722773505204e-09,9252e77e2d8be85d0d42a7e05f6170e5aaa565ea63247d256671e5beb1075ea0,64824f732706baf404290ffe42b3f5c33237b2e2101d68ae706f620c01f5b1d9
mixed,21,7,3,ryy,0.05,3,9,1.0000000000000024,0.999999999999114,0.9999999984271409,1.0000000000000202,5.522249324485529e-12,3.1458800009431798e-09,0.0,3.1514049148029244e-09,5.487388321512299e-12,3.1458453619848115e-09,1310235922ad527d8f697e65a922de02565d90f1178be4b89de033720f0b1144,b284c1e73bdbddcd49f4bf63688996198da2369baffe0c4e1488eac4e855c903
mixed,22,8,1,rxx,0.05,2,9,1.000000000000003,0.9999999999990525,0.9999999990889548,1.0000000000000209,5.482947429413798e-12,1.8222523490152298e-09,0.0,1.8277388491583224e-09,5.446310069601168e-12,1.822216155744627e-09,a185f79c208fe958e6d9f6f996bff62ba181d67ed7401c66b086b88e6fe8f691,4cea9d9d874308fdc8cd223c38d24a7579054c3ccfd4a373df3a5363794dfaf4
mixed,23,8,2,rzz,0.05,2,8,1.000000000000002,0.9999999999990145,0.9999999971690358,1.0000000000000193,5.594635865691089e-12,5.662142088525002e-09,0.0,5.6677407211935815e-09,5.559996907322784e-12,5.662107005477424e-09,3d61a321281998f6f196e1ec82a2e1b9c5d5ec0d6d54d03f998adfd2ddd26100,64824f732706baf404290ffe42b3f5c33237b2e2101d68ae706f620c01f5b1d9
mixed,24,8,3,ryy,0.05,3,9,1.0000000000000024,0.999999999998984,0.9999999971583392,1.0000000000000202,5.7904792072349665e-12,5.683543635726096e-09,0.0,5.689340776271479e-09,5.754507981237111e-12,5.683508330633913e-09,258e5f0a6e58a63ac8b4b954d173931acac68eefa68fdd31c395808486d1fc59,b284c1e73bdbddcd49f4bf63688996198da2369baffe0c4e1488eac4e855c903
mixed,25,9,1,rxx,0.05,2,9,1.0000000000000029,0.9999999999989311,0.999999997686826,1.0000000000000229,5.864198016070077e-12,4.626570015986431e-09,0.0,4.632441097385254e-09,5.823785897973721e-12,4.62652938182373e-09,c72e3718398b582716044e4be76af29aa020b5a56f30091348421713b54aeac7,4cea9d9d874308fdc8cd223c38d24a7579054c3ccfd4a373df3a5363794dfaf4
mixed,26,9,2,rzz,0.05,2,8,1.0000000000000024,0.9999999999988537,0.9999999975028564,1.000000000000023,6.347367076386945e-12,4.99453678415307e-09,0.0,5.00088925825537e-09,6.306066779870889e-12,4.994495039767344e-09,eb623df883fdd6dc1b29fea90f7096bccc5a6332c799e32ae582e8cc244a5e4e,64824f732706baf404290ffe42b3f5c33237b2e2101d68ae706f620c01f5b1d9
mixed,27,9,3,ryy,0.05,3,9,1.0000000000000027,0.9999999999988148,0.9999999977211335,1.0000000000000233,6.614708780716683e-12,4.557984656372582e-09,0.0,4.564605582402237e-09,6.573630528805552e-12,4.5579426899422515e-09,1be08956e56f5e8058604d7df1b3d7b6591d9fd91f86be200994aa59ceb350a7,b284c1e73bdbddcd49f4bf63688996198da2369baffe0c4e1488eac4e855c903
mixed,28,10,1,rxx,0.05,2,9,1.0000000000000027,0.9999999999987383,0.9999999981051232,1.0000000000000249,6.7263972169939734e-12,3.7900051985673144e-09,0.0,3.796739145300876e-09,6.682654429823742e-12,3.789961011690934e-09,22d571f36ea983c5413e3574cc2d5b5b66cd01b045e38054099d45548ab70e06,4cea9d9d874308fdc8cd223c38d24a7579054c3ccfd4a373df3a5363794dfaf4
mixed,29,10,2,rzz,0.05,2,8,1.0000000000000027,0.9999999999986648,0.9999999979997041,1.000000000000024,7.128964085723055e-12,4.000884956667505e-09,0.0,4.008017917556117e-09,7.086331521577449e-12,4.0008427681925696e-09,a522f39d847229c95f6d99e5435f4e81ee7ac168e388baaec1e0a60a1ab674ed,64824f732706baf404290ffe42b3f5c33237b2e2101d68ae706f620c01f5b1d9
mixed,30,10,3,ryy,0.05,3,9,1.0000000000000033,0.9999999999986137,0.9999999981738945,1.0000000000000238,7.48712203346713e-12,3.6525071855919578e-09,0.0,3.6600020791865973e-09,7.445377647741225e-12,3.652465219161627e-09,5076acf2bc836283cad251f9e7bea447b7c4ae026a75fbd2cfd4e772cf25a0a9,b284c1e73bdbddcd49f4bf63688996198da2369baffe0c4e1488eac4e855c903
mixed,31,11,1,rxx,0.05,2,9,1.0000000000000024,0.9999999999985315,0.9999999984811687,1.0000000000000229,7.581713035165194e-12,3.0379598836560717e-09,0.0,3.0455489241631994e-09,7.540634783254063e-12,3.0379194715379754e-09,833621ce8b4e6ab0ad6139f9a0349ebdb9796d8e23008e23632197be9b67fff3,4cea9d9d874308fdc8cd223c38d24a7579054c3ccfd4a373df3a5363794dfaf4
mixed,32,11,2,rzz,0.05,2,8,1.0000000000000033,0.9999999999984774,0.9999999984940967,1.000000000000022,7.883027564048461e-12,3.012170957106264e-09,0.0,3.020057981473201e-09,7.844391802791506e-12,3.012131655211192e-09,4571291eeb0619406afb80dfa827ad62307f1ae7e779d3fa3aaa15e028151328,64824f732706baf404290ffe42b3f5c33237b2e2101d68ae706f620c01f5b1d9
mixed,33,11,3,ryy,0.05,3,9,1.0000000000000024,0.9999999999984067,0.9999999986498247,1.0000000000000204,8.386180638808582e-12,2.7007154290714652e-09,0.0,2.7091120458067053e-09,8.350653502020577e-12,2.700680346023887e-09,04f60cd821529982ed9395bdf00268b777e86d553bc52e9c988c44a96598863b,b284c1e73bdbddcd49f4bf63688996198da2369baffe0c4e1488eac4e855c903
mixed,34,12,1,rxx,0.05,2,9,1.0000000000000027,0.9999999999983297,0.9999999988731427,1.0000000000000218,8.451017663446692e-12,2.2540798116921223e-09,0.0,2.2625390450059513e-09,8.411049634560186e-12,2.2540402877524457e-09,40710b840e9d0100e3870f2e90de48a753def80da43c9d5657cdfa7e20e58d9a,4cea9d9d874308fdc8cd223c38d24a7579054c3ccfd4a373df3a5363794dfaf4
mixed,35,12,2,rzz,0.05,2,8,1.0000000000000027,0.9999999999982633,0.9999999990489095,1.000000000000023,8.964828879243214e-12,1.902645374585177e-09,0.0,1.911616198668753e-09,8.925749028776409e-12,1.9026069608685248e-09,1a6da936c3fcf9b1a99582f70bd54e0660264c3762f04aff76a92ef7c6c40e57,64824f732706baf404290ffe42b3f5c33237b2e2101d68ae706f620c01f5b1d9
mixed,36,12,3,ryy,0.05,3,9,1.0000000000000029,0.9999999999982285,0.9999999992137523,1.000000000000023,9.190426197847046e-12,1.5729599844860331e-09,0.0,1.5821619570033363e-09,9.15001407975069e-12,1.5729200164571466e-09,38f1647303a915ee4bd8af59de24e67d41cb69abdb88a6de76129ad56661b3e2,b284c1e73bdbddcd49f4bf63688996198da2369baffe0c4e1488eac4e855c903
commuting,1,1,1,rzz,0.05,2,9,0.9999999999999996,0.9999999999999973,1.000000000000001,0.999999999999997,6.661338147750939e-15,0.0,6.661338147750939e-15,2.886579864025407e-15,1.1546319456101628e-14,3.1086244689504383e-15,ec7d5e3d346dc1eb6821d10b4a64eb3108c64dbe70d75bbc681b4e63996f4c05,40476707a467b4705373b05fdff89c2d1421387aff9ff078af311c16afb8f886
commuting,2,1,2,rzz,0.05,2,8,0.9999999999999998,1.0000000000000013,1.0000000000000027,0.9999999999999973,0.0,0.0,5.329070518200751e-15,0.0,2.220446049250313e-15,0.0,b400d06cffc53d18271d0e2323e90c30651d515a7fd6a2459edd9699f4120b18,64824f732706baf404290ffe42b3f5c33237b2e2101d68ae706f620c01f5b1d9
commuting,3,1,3,rzz,0.05,3,9,0.9999999999999999,0.9999999999999248,1.000000000000004,0.9999999999999984,1.197930643570544e-10,0.0,4.218847493575595e-15,1.197850707512771e-10,1.1979639502612827e-10,0.0,e090b01efbf03af162f0ac40c207874d32c57a10b6713c830b902d80866a446f,c5bd595a7eb5e4900bde8732bacdb007a08bbca4966bdcb2dc854f8323013d51
commuting,4,2,1,rzz,0.05,2,9,0.9999999999999996,0.9999999999999326,1.0000000000000022,0.9999999999999968,1.1977907554694411e-10,0.0,5.995204332975845e-15,1.1977308034261114e-10,1.1978396052825246e-10,0.0,806874468263cbea2659404f14b7b9182f9ad5d54d862912a7d67c27fcac76cc,40476707a467b4705373b05fdff89c2d1421387aff9ff078af311c16afb8f886
commuting,5,2,2,rzz,0.05,2,8,1.0000000000000002,0.9999999999999339,1.0000000000000004,0.9999999999999968,1.197744126102407e-10,0.0,7.771561172376096e-15,1.19773524431821e-10,1.1978107394838844e-10,5.551115123125783e-15,e2519bea09f341c2677f63f3541a61497edc09e31ae0cfa61e05e84f357624fb,64824f732706baf404290ffe42b3f5c33237b2e2101d68ae706f620c01f5b1d9
commuting,6,2,3,rzz,0.05,3,9,1.0000000000000002,0.9999999999999329,0.9999999999999992,0.9999999999999966,1.1977752123470964e-10,2.220446049250313e-15,7.105427357601002e-15,1.197779653239195e-10,1.1978351643904261e-10,7.993605777301127e-15,7b4f4dea2bada6a29b17457cc933d25c53437d662156d58e6490f7f0bcb396c8,c5bd595a7eb5e4900bde8732bacdb007a08bbca4966bdcb2dc854f8323013d51
commuting,7,3,1,rzz,0.05,2,9,0.9999999999999999,0.9999999999999333,0.9999999999999993,0.9999999999999967,1.1977752123470964e-10,6.661338147750939e-16,6.661338147750939e-15,1.1977685510089486e-10,1.19782406216018e-10,6.8833827526759706e-15,2bc046dfdb49d0b630706e243812817d3d4400352e26a405e19457981c12b0cd,40476707a467b4705373b05fdff89c2d1421387aff9ff078af311c16afb8f886
commuting,8,3,2,rzz,0.05,2,8,1.0000000000000004,0.9999999999999373,1.000000000000103,0.9999999999999996,1.197690835397225e-10,0.0,1.5543122344752192e-15,1.195625820571422e-10,1.197699717181422e-10,0.0,7ef9e84d40dd9b35eb4411641e8b636b3052278b9202f84449a558a99af89968,64824f732706baf404290ffe42b3f5c33237b2e2101d68ae706f620c01f5b1d9
commuting,9,3,3,rzz,0.05,3,9,0.9999999999999998,0.9999999999999356,1.0000000000001545,1.0000000000000002,1.197728582980062e-10,0.0,0.0,1.1946110767269147e-10,1.197710819411668e-10,0.0,bc956eaa697041e820415f812cae6442eda3ea669120df5205eae5e273377269,c5bd595a7eb5e4900bde8732bacdb007a08bbca4966bdcb2dc854f8323013d51
commuting,10,4,1,rzz,0.05,2,9,1.0000000000000002,0.9999999999999383,1.0000000000001645,1.0000000000000024,1.1976708513827816e-10,0.0,0.0,1.1943757094456942e-10,1.197630883353895e-10,0.0,957f5f260a009ed34f46053d0df2db24577af73bf08948cd4a88b6f7b280e64f,40476707a467b4705373b05fdff89c2d1421387aff9ff078af311c16afb8f886
commuting,11,4,2,rzz,0.05,2,8,0.9999999999999998,0.9999999999999416,1.0000000000009863,1.0000000000000013,1.1975975766631564e-10,0.0,0.0,1.1778777952997643e-10,1.1975576086342699e-10,0.0,34edf36dcde917312b74de8176e7f0ea9128c3d7d8716ca1cae231e671df63ce,64824f732706baf404290ffe42b3f5c33237b2e2101d68ae706f620c01f5b1d9
commuting,12,4,3,rzz,0.05,3,9,1.0000000000000002,0.9999999999999387,0.9999999999879587,1.000000000000003,1.1976553082604369e-10,2.4083846028588596e-11,0.0,1.4384937685463228e-10,1.1975886948789594e-10,2.4076740601230995e-11,6643efc4979505b799683756e114f1843b213a8c2f2fc8ae272356d08815601b,c5bd595a7eb5e4900bde8732bacdb007a08bbca4966bdcb2dc854f8323013d51
commuting,13,5,1,rzz,0.05,2,9,1.0,0.9999999999999387,0.9999999999882053,1.0000000000000036,1.1976686309367324e-10,2.3588686559605776e-11,0.0,1.4335577169788394e-10,1.1975975766631564e-10,2.3580692953828475e-11,b1a7164d65fce32b5162b947ae4618166ef1f52999f5412026fb5818bfced110,40476707a467b4705373b05fdff89c2d1421387aff9ff078af311c16afb8f886
commuting,14,5,2,rzz,0.05,2,8,1.0,0.9999999999999465,0.9999999999826297,1.0000000000000033,1.19749765659094e-10,3.473976661894085e-11,0.0,1.5449108659026933e-10,1.1974243818713148e-10,3.47331052807931e-11,7ae8e96e4a762cf49271a3cc4a42f373531ccec04f93fa8ebbb8c551c28ef86f,64824f732706baf404290ffe42b3f5c33237b2e2101d68ae706f620c01f5b1d9
commuting,15,5,3,rzz,0.05,3,9,0.9999999999999998,0.9999999999999508,0.9999999999769174,1.000000000000003,1.1974066183029208e-10,4.616351745312386e-11,0.0,1.6590595564025534e-10,1.1973400049214433e-10,4.615730020418596e-11,5953b0f66db7f82c772392699ca10502f50c50f3c3be68675454633fd2bf9cf3,c5bd595a7eb5e4900bde8732bacdb007a08bbca4966bdcb2dc854f8323013d51
commuting,16,6,1,rzz,0.05,2,9,1.0000000000000002,0.9999999999999488,0.999999999978269,1.0000000000000036,1.197453247669955e-10,4.346256687881578e-11,0.0,1.632081136904162e-10,1.1973888547345268e-10,4.345634962987788e-11,147f0697348a6450f40d5990ada645df58445b91971dcf6799672b71834a8d41,40476707a467b4705373b05fdff89c2d1421387aff9ff078af311c16afb8f886
commuting,17,6,2,rzz,0.05,2,8,1.0000000000000002,0.9999999999999506,1.0000000000288904,1.0000000000000042,1.1974155000871178e-10,0.0,0.0,6.196110291512014e-11,1.1973444458135418e-10,0.0,d7a7835251a1deee2c19a39e4baa9f7f305efe8130df180d50a5170fdada6429,64824f732706baf404290ffe42b3f5c33237b2e2101d68ae706f620c01f5b1d9
commuting,18,6,3,rzz,0.05,3,9,1.0000000000000002,0.9999999999999513,1.0000000008964651,1.0000000000000067,1.1973977365187238e-10,0.0,0.0,0.0,1.1972778324320643e-10,0.0,c2db93d97bdc432d18f0169fd7b9e2198defc6bae794b0a7266bf48784851700,c5bd595a7eb5e4900bde8732bacdb007a08bbca4966bdcb2dc854f8323013d51
commuting,19,7,1,rzz,0.05,2,9,1.0000000000000002,0.9999999999999508,1.0000000010836516,1.0000000000000073,1.1974110591950193e-10,0.0,0.0,0.0,1.197275611986015e-10,0.0,06e93b8575fdd896436ed465acb66756888d86b21fbca3fb6ed6eb5a4b387b51,40476707a467b4705373b05fdff89c2d1421387aff9ff078af311c16afb8f886
commuting,20,7,2,rzz,0.05,2,8,1.0000000000000007,0.9999999999999477,1.0000000002361826,1.0000000000000084,1.1974732316843983e-10,0.0,0.0,0.0,1.1973178004609508e-10,0.0,88d2d172324383dbfa6664ad75dc9ff277102f102602dd4419056ae101ac8fd3,64824f732706baf404290ffe42b3f5c33237b2e2101d68ae706f620c01f5b1d9
commuting,21,7,3,rzz,0.05,3,9,1.0000000000000004,0.9999999999999494,0.9999999992444855,1.0000000000000078,1.1974421454397088e-10,1.5110275253249483e-09,0.0,1.6307701855566847e-09,1.1972911551083598e-10,1.5110122042472085e-09,9db03c69305090405abd073fb952ad43543e17cda6d87e958f660b8e4fb9839b,c5bd595a7eb5e4900bde8732bacdb007a08bbca4966bdcb2dc854f8323013d51
commuting,22,8,1,rzz,0.05,2,9,1.0000000000000009,0.9999999999999503,0.9999999985488701,1.0000000000000067,1.1974155000871178e-10,2.902259543802188e-09,0.0,3.0219986513202457e-09,1.1972911551083598e-10,2.9022471093043123e-09,5263fa540b8fb5e20ed5c70bb5b7a778945d10446cf0183206658595845bd159,40476707a467b4705373b05fdff89c2d1421387aff9ff078af311c16afb8f886
commuting,23,8,2,rzz,0.05,2,8,1.0000000000000002,0.9999999999999546,0.9999999984993249,1.0000000000000078,1.197337784475394e-10,3.001350279419057e-09,0.0,3.1210818374205473e-09,1.1971890145900943e-10,3.0013354024305272e-09,a40c9345613480da33fed9739e74a7c2f591d3fcfb42ca86072bbe8bfcff0c56,64824f732706baf404290ffe42b3f5c33237b2e2101d68ae706f620c01f5b1d9
commuting,24,8,3,rzz,0.05,3,9,1.0000000000000007,0.9999999999999565,0.9999999974082189,1.0000000000000056,1.1972867142162613e-10,5.183563134281144e-09,0.0,5.303285810498437e-09,1.1971845736979958e-10,5.1835522540955026e-09,ef8fbe80eeae028fac264198021c6ccc1c6b1e966def41fcb3524c21755ae9c8,c5bd595a7eb5e4900bde8732bacdb007a08bbca4966bdcb2dc854f8323013d51
commuting,25,9,1,rzz,0.05,2,9,1.0000000000000004,0.9999999999999596,0.9999999978150481,1.0000000000000062,1.1972445257413256e-10,4.369903550127674e-09,0.0,4.4896220074974735e-09,1.1971290625467645e-10,4.369891559719008e-09,a3e3df1a91fb6f06fdba53d95b07f9729606a7df182ef8d867f1cec369d3c671,40476707a467b4705373b05fdff89c2d1421387aff9ff078af311c16afb8f886
commuting,26,9,2,rzz,0.05,2,8,1.0000000000000002,0.999999999999964,0.9999999976139485,1.0000000000000064,1.19714238522306e-10,4.772104489347839e-09,0.0,4.891810512219763e-09,1.1970247015824498e-10,4.772092276894568e-09,8ccc6e3439209b13d4ec9ef3ddcd4c03641c6aa244448c938fac2b53448e25ae,64824f732706baf404290ffe42b3f5c33237b2e2101d68ae706f620c01f5b1d9
commuting,27,9,3,rzz,0.05,3,9,1.0000000000000004,0.9999999999999696,0.9999999972413893,1.000000000000006,1.1970313629205975e-10,5.517222456674631e-09,0.0,5.636923372520641e-09,1.1969225610641843e-10,5.51721113239978e-09,74bc1079f65296687cccee22bc4aa1fbb014a3bf8f4d3ff1ccf15ecd852795ab,c5bd595a7eb5e4900bde8732bacdb007a08bbca4966bdcb2dc854f8323013d51
commuting,28,10,1,rzz,0.05,2,9,1.0000000000000002,0.9999999999999775,0.9999999975148886,1.0000000000000082,1.1968803725892485e-10,4.970224232181408e-09,0.0,5.08990716241442e-09,1.1967205004737025e-10,4.970208244969854e-09,3d30b044a1565f0f4f4172bd74a448e409feede3eb5cb7d123d51232a5a69c88,40476707a467b4705373b05fdff89c2d1421387aff9ff078af311c16afb8f886
commuting,29,10,2,rzz,0.05,2,8,1.0000000000000007,0.9999999999999779,0.999999996846763,1.000000000000008,1.1968603885748053e-10,6.306477118300791e-09,0.0,6.426155829686309e-09,1.196716059581604e-10,6.306462907446075e-09,0fc1590fbee1c6a2b36f0db8411145b0d114f9a1e5ec449581a5b1b46f74c160,64824f732706baf404290ffe42b3f5c33237b2e2101d68ae706f620c01f5b1d9
commuting,30,10,3,rzz,0.05,3,9,1.0000000000000004,0.9999999999999757,0.9999999963885234,1.000000000000008,1.1969158997260365e-10,7.222955344943216e-09,0.0,7.3426416058453015e-09,1.196769350286786e-10,7.2229418002223156e-09,d79135eaf5885ad64f9b837dd53a05b400b4c10f1a6184ba614390c155e6837d,c5bd595a7eb5e4900bde8732bacdb007a08bbca4966bdcb2dc854f8323013d51
commuting,31,11,1,rzz,0.05,2,9,1.0000000000000007,0.9999999999999737,0.9999999963832844,1.0000000000000078,1.1969403246325783e-10,7.2334329637158135e-09,0.0,7.353125441866837e-09,1.1967937751933277e-10,7.2334178646826786e-09,a8e6bf39f2f22a7e609b923fbe99a3478aca344238d880c332050228870ace9d,40476707a467b4705373b05fdff89c2d1421387aff9ff078af311c16afb8f886
commuting,32,11,2,rzz,0.05,2,8,1.0000000000000007,0.9999999999999754,0.9999999965215999,1.0000000000000082,1.196902577049741e-10,6.956803355606667e-09,0.0,7.0765000526051836e-09,1.1967404844881457e-10,6.956787146350507e-09,fa34aa87ed6c300d3704ca09f39aa8695853b11d7567dfff67eff3fc01cd84b3,64824f732706baf404290ffe42b3f5c33237b2e2101d68ae706f620c01f5b1d9
commuting,33,11,3,rzz,0.05,3,9,1.0000000000000009,0.9999999999999772,0.9999999956376668,1.0000000000000102,1.19687593169715e-10,8.724671651805238e-09,0.0,8.844367904714545e-09,1.1966871937829637e-10,8.724653444147634e-09,4c456b385dfd0cefa58b3b7ebc38028a8fed8815f65965d4e4770eca7e9ae438,c5bd595a7eb5e4900bde8732bacdb007a08bbca4966bdcb2dc854f8323013d51
commuting,34,12,1,rzz,0.05,2,9,1.0000000000000009,0.999999999999982,0.9999999962128407,1.0000000000000118,1.196751586718392e-10,7.574323168668684e-09,0.0,7.69400720912472e-09,1.1965362034516147e-10,7.574301630342006e-09,d7dc940fa53297b9a7fdd3fa6844fc549c22604a9eb917d542699425015fe53e,40476707a467b4705373b05fdff89c2d1421387aff9ff078af311c16afb8f886
commuting,35,12,2,rzz,0.05,2,8,1.0000000000000007,0.9999999999999788,0.9999999955007629,1.0000000000000122,1.1968448454524605e-10,8.998478850941183e-09,0.0,9.118178656564169e-09,1.1966228008475355e-10,8.99845664648069e-09,bfb7e9d66a2ff68b6aa540982f0a014537353e89c03b6b4720285bda19ff15c1,64824f732706baf404290ffe42b3f5c33237b2e2101d68ae706f620c01f5b1d9
commuting,36,12,3,rzz,0.05,3,9,1.0000000000000009,0.9999999999999791,0.9999999960791545,1.0000000000000144,1.1968426250064113e-10,7.841696403332321e-09,0.0,7.96140220415964e-09,1.1965628488042057e-10,7.84167020206894e-09,02ea2826bf17a902b8ee08017f3da4d9945f36f2ca792fb83798b5bad5c82566,c5bd595a7eb5e4900bde8732bacdb007a08bbca4966bdcb2dc854f8323013d51
mixed,1,1,1,rxx,0.05,2,9,0.9999999999999994,1.0000000000000002,1.0000000000000016,1.0000000000000018,0.0,0.0,0.0,0.0,0.0,0.0,85e9d255c60c2b2716f98fc0345d15041ff097040ce7795d6e793b1de199af50,4cea9d9d874308fdc8cd223c38d24a7579054c3ccfd4a373df3a5363794dfaf4
mixed,2,1,2,rzz,0.05,2,8,0.9999999999999997,0.9999999999999915,1.0,1.0000000000000036,1.978861519091879e-12,0.0,0.0,1.977973340672179e-12,1.970867913314578e-12,0.0,e17891328090b153ec247e1806cc18b3ce5de789c18625f2e4d6f10a6d1f06cc,64824f732706baf404290ffe42b3f5c33237b2e2101d68ae706f620c01f5b1d9
mixed,3,1,3,ryy,0.05,3,9,0.9999999999999999,0.9999999999999274,1.0000000000000018,1.000000000000003,2.3665513992909837e-12,0.0,0.0,2.361000284167858e-12,2.3596680165383077e-12,0.0,0f3377d860cf6c42bd1f7dd22b366530e04d3b184cb8963b3f789d6c0a64d8b3,b284c1e73bdbddcd49f4bf63688996198da2369baffe0c4e1488eac4e855c903
mixed,4,2,1,rxx,0.05,2,9,0.9999999999999992,0.9999999999998672,1.0000000000000047,1.0000000000000044,2.367883666920534e-12,0.0,0.0,2.3576696150939824e-12,2.3578916596989075e-12,0.0,cc2b1c1876c34a07f2ebe9489056ed211e205bc776e6f808c964483f36867f19,4cea9d9d874308fdc8cd223c38d24a7579054c3ccfd4a373df3a5363794dfaf4
mixed,5,2,2,rzz,0.05,2,8,0.9999999999999996,0.9999999999998075,0.9999999997655609,1.0000000000000056,2.5273116932567063e-12,4.688860411050655e-10,0.0,4.714122425752976e-10,2.5148771953809046e-12,4.688733845625848e-10,a4e0aaffd1249e7e11dc98fb08f62892de4ab16b497fa748469fed510234a74f,64824f732706baf404290ffe42b3f5c33237b2e2101d68ae706f620c01f5b1d9
mixed,6,2,3,ryy,0.05,3,9,0.9999999999999996,0.9999999999997747,1.0000000009526802,1.000000000000009,2.773559160118566e-12,0.0,0.0,0.0,2.7551294579097885e-12,0.0,a2bddac9fa40cef081ed1ecb8230e17a33019e83bc60a9616c56786c8b040dd6,b284c1e73bdbddcd49f4bf63688996198da2369baffe0c4e1488eac4e855c903
mixed,7,3,1,rxx,0.05,2,9,1.0000000000000002,0.9999999999997309,1.0000000008728895,1.0000000000000095,2.8921309791485328e-12,0.0,0.0,0.0,2.873257187729905e-12,0.0,49326690758ce21b58a755135532adbb306ce61453e14526c3f911a3252705d0,4cea9d9d874308fdc8cd223c38d24a7579054c3ccfd4a373df3a5363794dfaf4
mixed,8,3,2,rzz,0.05,2,8,0.9999999999999997,0.9999999999996669,1.0000000023274342,1.0000000000000087,3.0966340602844866e-12,0.0,0.0,0.0,3.078870491890484e-12,0.0,20d30a15dc8689849c23dfc927787d875fcba35dc7f29a2c6ed366c0631dc2b1,64824f732706baf404290ffe42b3f5c33237b2e2101d68ae706f620c01f5b1d9
mixed,9,3,3,ryy,0.05,3,9,0.9999999999999994,0.9999999999996387,1.0000000029069895,1.0000000000000078,3.3351099659739702e-12,0.0,0.0,0.0,3.318678665209518e-12,0.0,b4cf4be3eeeab9d83a3885c68191cf009cd38ae5d524e896f56cc2c93fbdb49e,b284c1e73bdbddcd49f4bf63688996198da2369baffe0c4e1488eac4e855c903
mixed,10,4,1,rxx,0.05,2,9,1.0000000000000004,0.9999999999995637,1.0000000029552916,1.0000000000000082,3.5726976932437537e-12,0.0,0.0,0.0,3.5569325262940765e-12,0.0,acb449511359a1ad3252baab1ab833b01ca074ac6ed469b55fb10ba6953be735,4cea9d9d874308fdc8cd223c38d24a7579054c3ccfd4a373df3a5363794dfaf4
mixed,11,4,2,rzz,0.05,2,8,0.9999999999999999,0.9999999999995149,1.0000000058635703,1.000000000000007,3.6983749396313215e-12,0.0,0.0,0.0,3.683719995706269e-12,0.0,eb6c6e1ab6c82b419c6727af05e1ddd57de61ba122479369af30026fa1783937,64824f732706baf404290ffe42b3f5c33237b2e2101d68ae706f620c01f5b1d9
mixed,12,4,3,ryy,0.05,3,9,0.9999999999999999,0.9999999999994882,1.0000000057928677,1.0000000000000098,3.880895604879697e-12,0.0,0.0,0.0,3.8617997688561445e-12,0.0,c968f598110a1c297f1e242267187b58923537fa80e43cffebfccba9bcce16d2,b284c1e73bdbddcd49f4bf63688996198da2369baffe0c4e1488eac4e855c903
mixed,13,5,1,rxx,0.05,2,9,0.9999999999999999,0.9999999999994337,1.000000005746709,1.000000000000009,3.929301328753354e-12,0.0,0.0,0.0,3.909095269705176e-12,0.0,7c1556be1805292c63a6e4174a963efcfcce5d57cf028915898f4ccd05e4b37c,4cea9d9d874308fdc8cd223c38d24a7579054c3ccfd4a373df3a5363794dfaf4
mixed,14,5,2,rzz,0.05,2,8,0.9999999999999999,0.9999999999994162,1.0000000053744653,1.000000000000009,4.0394354527961696e-12,0.0,0.0,0.0,4.021227795192317e-12,0.0,8ff527deb04f6f6af81d6a73cbc1133d0343b17b4034791ac38a1e9bac175828,64824f732706baf404290ffe42b3f5c33237b2e2101d68ae706f620c01f5b1d9
mixed,15,5,3,ryy,0.05,3,9,1.0000000000000002,0.9999999999993717,1.0000000051707711,1.0000000000000095,4.330980019062736e-12,0.0,0.0,0.0,4.312106227644108e-12,0.0,f88c716a8b46fd5cdb64f8cc384b95c85ef19c6f70b6d9e26339305c26a65b5a,b284c1e73bdbddcd49f4bf63688996198da2369baffe0c4e1488eac4e855c903
mixed,16,6,1,rxx,0.05,2,9,1.0000000000000009,0.9999999999992952,1.0000000050610296,1.0000000000000109,4.559019828320743e-12,0.0,0.0,0.0,4.53859172466764e-12,0.0,6b33fa68b880f50306dfe49d307242496be6f36b38df9aa8f83d176cd83f1a8b,4cea9d9d874308fdc8cd223c38d24a7579054c3ccfd4a373df3a5363794dfaf4
mixed,17,6,2,rzz,0.05,2,8,1.0,0.9999999999992322,1.0000000045785615,1.0000000000000107,4.802380715318577e-12,0.0,0.0,0.0,4.781508522455624e-12,0.0,f6fd6bdeeecf634d9579676c466c83d500bb307090cbb1ace4f6a890b58d5a97,64824f732706baf404290ffe42b3f5c33237b2e2101d68ae706f620c01f5b1d9
mixed,18,6,3,ryy,0.05,3,9,1.0000000000000002,0.9999999999991968,1.0000000042543233,1.0000000000000095,5.041744799427761e-12,0.0,0.0,0.0,5.022871008009133e-12,0.0,f2d0e261ed81d6f6aad376f6fe9d426bf838fc6aa6147d7a8038482664465c7d,b284c1e73bdbddcd49f4bf63688996198da2369baffe0c4e1488eac4e855c903
mixed,19,7,1,rxx,0.05,2,9,1.0,0.9999999999991214,1.0000000042673283,1.0000000000000089,5.167422045815329e-12,0.0,0.0,0.0,5.149658477421326e-12,0.0,09fd2bd510b0933eee871fadc222c760176f80f44de4fa88d1253b68618dcf91,4cea9d9d874308fdc8cd223c38d24a7579054c3ccfd4a373df3a5363794dfaf4
mixed,20,7,2,rzz,0.05,2,8,1.0000000000000007,0.999999999999075,1.0000000042673283,1.000000000000009,5.3650417441986065e-12,0.0,0.0,0.0,5.347722265014454e-12,0.0,cbf566cb4c776281bb89f08ab416f84e78bd03978709fa6502eb64990bdc074d,64824f732706baf404290ffe42b3f5c33237b2e2101d68ae706f620c01f5b1d9
mixed,21,7,3,ryy,0.05,3,9,1.0000000000000009,0.9999999999990595,1.0000000041930388,1.000000000000009,5.470957020747846e-12,0.0,0.0,0.0,5.454525719983394e-12,0.0,7e772837f7387a541fa4cc4e21c5b3cb84200ae00c05a647e7d3b0f7aacd0420,b284c1e73bdbddcd49f4bf63688996198da2369baffe0c4e1488eac4e855c903
mixed,22,8,1,rxx,0.05,2,9,1.0000000000000009,0.9999999999989765,1.0000000047611022,1.0000000000000082,5.7842619582970656e-12,0.0,0.0,0.0,5.7691629251621634e-12,0.0,0519f3fba16a41e8e14bf5a4f75901d48c9f4484043b65572f16373e4f89e7f1,4cea9d9d874308fdc8cd223c38d24a7579054c3ccfd4a373df3a5363794dfaf4
mixed,23,8,2,rzz,0.05,2,8,1.0000000000000004,0.9999999999989023,1.0000000047611042,1.000000000000008,6.103562100179261e-12,0.0,0.0,0.0,6.089795334673909e-12,0.0,294d6874c8345cdbf1876860f60fa279f8f37de5832d0671b44c66d2629caf6c,64824f732706baf404290ffe42b3f5c33237b2e2101d68ae706f620c01f5b1d9
mixed,24,8,3,ryy,0.05,3,9,1.0000000000000004,0.9999999999988848,1.0000000045549415,1.0000000000000067,6.2874150330571865e-12,0.0,0.0,0.0,6.275868713601085e-12,0.0,a796ea734dea85edc2545fbc3243be7165d07acf145c21ba8884cb5e6d0607c4,b284c1e73bdbddcd49f4bf63688996198da2369baffe0c4e1488eac4e855c903
mixed,25,9,1,rxx,0.05,2,9,1.0,0.9999999999988267,1.0000000044376929,1.0000000000000033,6.481704062366589e-12,0.0,0.0,0.0,6.475264768823763e-12,0.0,1e9f1bfb4811da11e39e0db0d5c5d65269046b88f9ae0fa00a5e5cdcc10c8298,4cea9d9d874308fdc8cd223c38d24a7579054c3ccfd4a373df3a5363794dfaf4
mixed,26,9,2,rzz,0.05,2,8,1.0000000000000004,0.9999999999987607,1.0000000044376913,1.0000000000000044,6.577183242484352e-12,0.0,0.0,0.0,6.569633725916901e-12,0.0,61d622f6df5145de592db499ba3f7747054b6eae0c2dae6e721e058aad6fd5f9,64824f732706baf404290ffe42b3f5c33237b2e2101d68ae706f620c01f5b1d9
mixed,27,9,3,ryy,0.05,3,9,1.0000000000000002,0.9999999999987241,1.0000000044112214,1.0000000000000044,6.917577621834425e-12,0.0,0.0,0.0,6.909806060662049e-12,0.0,9e4e85fe514b1045d86268705a31c1119d46e1f361a5ce5fa202477c1a7b3866,b284c1e73bdbddcd49f4bf63688996198da2369baffe0c4e1488eac4e855c903
mixed,28,10,1,rxx,0.05,2,9,1.0000000000000009,0.9999999999986524,1.0000000045271502,1.0000000000000033,7.150058323190933e-12,0.0,0.0,0.0,7.146283564907208e-12,0.0,9bab73de3fee09ac67192aab0a71b3430bf3404473b850d4f3bfc83215d404d3,4cea9d9d874308fdc8cd223c38d24a7579054c3ccfd4a373df3a5363794dfaf4
mixed,29,10,2,rzz,0.05,2,8,1.0000000000000002,0.9999999999985828,1.0000000045271527,1.0000000000000033,7.323253115032458e-12,0.0,0.0,0.0,7.317257910699482e-12,0.0,14586ea5bb35a003b6c455308ee6f7b226801842157cf7c2c36672bfeb18e82f,64824f732706baf404290ffe42b3f5c33237b2e2101d68ae706f620c01f5b1d9
mixed,30,10,3,ryy,0.05,3,9,1.000000000000001,0.9999999999985323,1.0000000053087166,1.0000000000000022,7.850609051729407e-12,0.0,0.0,0.0,7.848610650285082e-12,0.0,fbbfc3cc2e1df4b6a51573cc2509c0e7d68178d9acc3643288630d8e10ddada6,b284c1e73bdbddcd49f4bf63688996198da2369baffe0c4e1488eac4e855c903
mixed,31,11,1,rxx,0.05,2,9,1.000000000000001,0.9999999999984461,1.0000000054241986,1.000000000000003,8.034239940002408e-12,0.0,0.0,0.0,8.030021092508832e-12,0.0,ebba3aac4bc4484554113c2352205144730c386756106bf8cda1238f07d274d3,4cea9d9d874308fdc8cd223c38d24a7579054c3ccfd4a373df3a5363794dfaf4
mixed,32,11,2,rzz,0.05,2,8,1.0000000000000009,0.9999999999983721,1.0000000054241978,1.000000000000002,8.418821195732562e-12,0.0,0.0,0.0,8.417044838893162e-12,0.0,d43616e77b7be362d8fcc8ccc0aa875a9d7fabf36516daa33f99eb4196a2fbd8,64824f732706baf404290ffe42b3f5c33237b2e2101d68ae706f620c01f5b1d9
mixed,33,11,3,ryy,0.05,3,9,1.000000000000001,0.9999999999983622,1.0000000055555947,1.0000000000000018,8.5078610823075e-12,0.0,0.0,0.0,8.505418591653324e-12,0.0,42b10b61ebd390fcdaa5068fc637e9bc8bf14f62f1a0d84629a281d7fad45a8a,b284c1e73bdbddcd49f4bf63688996198da2369baffe0c4e1488eac4e855c903
mixed,34,12,1,rxx,0.05,2,9,1.0000000000000009,0.9999999999983131,1.000000005564209,1.0000000000000036,8.655076655372795e-12,0.0,0.0,0.0,8.65085780787922e-12,0.0,cd535e3b1ea7cc1eb6579fb7af1b35b253cb4d299557a22301883cfd61ad342e,4cea9d9d874308fdc8cd223c38d24a7579054c3ccfd4a373df3a5363794dfaf4
mixed,35,12,2,rzz,0.05,2,8,1.0000000000000007,0.9999999999982383,1.0000000055642047,1.0000000000000027,8.996803302352419e-12,0.0,0.0,0.0,8.993250588673618e-12,0.0,e8953022ef976d3506315bc73612379b56c5de11f0bb8bd0e694c54f2a4e850b,64824f732706baf404290ffe42b3f5c33237b2e2101d68ae706f620c01f5b1d9
mixed,36,12,3,ryy,0.05,3,9,1.000000000000001,0.9999999999982162,1.0000000056895664,1.0000000000000024,9.118927835061186e-12,0.0,0.0,0.0,9.115819210592235e-12,0.0,eb3db74a994055589da648d2c6c56ddd185624a9e59b85d70406c7b73a27def8,b284c1e73bdbddcd49f4bf63688996198da2369baffe0c4e1488eac4e855c903
