seed,experiment,sequence,gate_count,chi_max,objective_initial,objective_final,sweeps,converged,failed,trace
11,C,commuting,1,8,0.0540253875700798,0.0540253875700798,1,True,False,"[0.0540253875700798, 0.0540253875700798]"
11,C,commuting,2,8,8.881784197001252e-16,8.881784197001252e-16,0,True,False,[8.881784197001252e-16]
11,C,commuting,3,8,0.2005491543164939,0.2005491543164939,1,True,False,"[0.2005491543164939, 0.2005491543164939]"
11,C,commuting,4,8,0.002690295534063525,0.002690295534063525,1,True,False,"[0.002690295534063525, 0.002690295534063525]"
11,C,commuting,5,8,0.0,0.0,0,True,False,[0.0]
11,C,commuting,6,8,0.0018343554634092651,0.0018343554634092651,1,True,False,"[0.0018343554634092651, 0.0018343554634092651]"
11,C,commuting,7,8,0.0028395849483575653,0.0028395849483575653,1,True,False,"[0.0028395849483575653, 0.0028395849483575653]"
11,C,commuting,8,8,1.1102230246251565e-15,1.1102230246251565e-15,0,True,False,[1.1102230246251565e-15]
11,C,commuting,9,8,0.0015578775847620019,0.0015578775847620019,1,True,False,"[0.0015578775847620019, 0.0015578775847620019]"
11,C,commuting,10,8,0.0023895860195228824,0.0023895860195228824,1,True,False,"[0.0023895860195228824, 0.0023895860195228824]"
11,C,commuting,11,8,4.440892098500626e-16,4.440892098500626e-16,0,True,False,[4.440892098500626e-16]
11,C,commuting,12,8,0.0013318499916794568,0.0013318499916794568,1,True,False,"[0.0013318499916794568, 0.0013318499916794568]"
11,C,commuting,13,8,0.001874834792010338,0.001874834792010338,1,True,False,"[0.001874834792010338, 0.001874834792010338]"
11,C,commuting,14,8,0.0,0.0,0,True,False,[0.0]
11,C,commuting,15,8,0.0011536540256202876,0.0011536540256202876,1,True,False,"[0.0011536540256202876, 0.0011536540256202876]"
11,C,commuting,16,8,0.0015165324324906138,0.0015165324324906138,1,True,False,"[0.0015165324324906138, 0.0015165324324906138]"
11,C,commuting,17,8,0.0,0.0,0,True,False,[0.0]
11,C,commuting,18,8,0.0010103425577410174,0.0010103425577410174,1,True,False,"[0.0010103425577410174, 0.0010103425577410174]"
11,C,commuting,19,8,0.0012805402196260918,0.0012805402196260918,1,True,False,"[0.0012805402196260918, 0.0012805402196260918]"
11,C,commuting,20,8,2.220446049250313e-16,2.220446049250313e-16,0,True,False,[2.220446049250313e-16]
11,C,commuting,21,8,0.0008934315116975178,0.0008934315116975178,1,True,False,"[0.0008934315116975178, 0.0008934315116975178]"
11,C,commuting,22,8,0.0011224226717454489,0.0011224226717454489,1,True,False,"[0.0011224226717454489, 0.0011224226717454489]"
11,C,commuting,23,8,0.0,0.0,0,True,False,[0.0]
11,C,commuting,24,8,0.0007921925061202817,0.0007921925061202817,1,True,False,"[0.0007921925061202817, 0.0007921925061202817]"
11,C,commuting,25,8,0.0010146397563695064,0.0010146397563695064,1,True,False,"[0.0010146397563695064, 0.0010146397563695064]"
11,C,commuting,26,8,4.440892098500626e-16,4.440892098500626e-16,0,True,False,[4.440892098500626e-16]
11,C,commuting,27,8,0.0006958790497184619,0.0006958790497184619,1,True,False,"[0.0006958790497184619, 0.0006958790497184619]"
11,C,commuting,28,8,0.0009328436839999288,0.0009328436839999288,1,True,False,"[0.0009328436839999288, 0.0009328436839999288]"
11,C,commuting,29,8,0.0,0.0,0,True,False,[0.0]
11,C,commuting,30,8,0.0005960069642247934,0.0005960069642247934,1,True,False,"[0.0005960069642247934, 0.0005960069642247934]"
11,C,commuting,31,8,0.0008464620502319775,0.0008464620502319775,1,True,False,"[0.0008464620502319775, 0.0008464620502319775]"
11,C,commuting,32,8,0.0,0.0,0,True,False,[0.0]
11,C,commuting,33,8,0.0004886456405219786,0.0004886456405219786,1,True,False,"[0.0004886456405219786, 0.0004886456405219786]"
11,C,commuting,34,8,0.0007167591384540373,0.0007167591384540373,1,True,False,"[0.0007167591384540373, 0.0007167591384540373]"
11,C,commuting,35,8,0.0,0.0,0,True,False,[0.0]
11,C,commuting,36,8,0.00037615945488989055,0.00037615945488989055,1,True,False,"[0.00037615945488989055, 0.00037615945488989055]"
11,C,commuting,1,16,0.0,0.0,0,True,False,[0.0]
11,C,commuting,2,16,0.0,0.0,0,True,False,[0.0]
11,C,commuting,3,16,0.10302850402724961,0.10302850402724961,1,True,False,"[0.10302850402724961, 0.10302850402724961]"
11,C,commuting,4,16,0.0020735004292711245,0.0020735004292711245,1,True,False,"[0.0020735004292711245, 0.0020735004292711245]"
11,C,commuting,5,16,0.0,0.0,0,True,False,[0.0]
11,C,commuting,6,16,0.001946612225140143,0.001946612225140143,1,True,False,"[0.001946612225140143, 0.001946612225140143]"
11,C,commuting,7,16,0.0012730735375228175,0.0012730735375228175,1,True,False,"[0.0012730735375228175, 0.0012730735375228175]"
11,C,commuting,8,16,8.881784197001252e-16,8.881784197001252e-16,0,True,False,[8.881784197001252e-16]
11,C,commuting,9,16,0.0015621942881802742,0.0015621942881802742,1,True,False,"[0.0015621942881802742, 0.0015621942881802742]"
11,C,commuting,10,16,0.0009031720823728939,0.0009031720823728939,1,True,False,"[0.0009031720823728939, 0.0009031720823728939]"
11,C,commuting,11,16,0.0,0.0,0,True,False,[0.0]
11,C,commuting,12,16,0.0011139532383104278,0.0011139532383104278,1,True,False,"[0.0011139532383104278, 0.0011139532383104278]"
11,C,commuting,13,16,0.0006526874062955379,0.0006526874062955379,1,True,False,"[0.0006526874062955379, 0.0006526874062955379]"
11,C,commuting,14,16,0.0,0.0,0,True,False,[0.0]
11,C,commuting,15,16,0.0007152964123049443,0.0007152964123049443,1,True,False,"[0.0007152964123049443, 0.0007152964123049443]"
11,C,commuting,16,16,0.0004846594731082732,0.0004846594731082732,1,True,False,"[0.0004846594731082732, 0.0004846594731082732]"
11,C,commuting,17,16,0.0,0.0,0,True,False,[0.0]
11,C,commuting,18,16,0.00048811538201576354,0.00048811538201576354,1,True,False,"[0.00048811538201576354, 0.00048811538201576354]"
11,C,commuting,19,16,0.0003825581345939799,0.0003825581345939799,1,True,False,"[0.0003825581345939799, 0.0003825581345939799]"
11,C,commuting,20,16,0.0,0.0,0,True,False,[0.0]
11,C,commuting,21,16,0.00038963488763865683,0.00038963488763865683,1,True,False,"[0.00038963488763865683, 0.00038963488763865683]"
11,C,commuting,22,16,0.0003220095392655331,0.0003220095392655331,1,True,False,"[0.0003220095392655331, 0.0003220095392655331]"
11,C,commuting,23,16,0.0,0.0,0,True,False,[0.0]
11,C,commuting,24,16,0.0003457096352739164,0.0003457096352739164,1,True,False,"[0.0003457096352739164, 0.0003457096352739164]"
11,C,commuting,25,16,0.00028440841476373713,0.00028440841476373713,1,True,False,"[0.00028440841476373713, 0.00028440841476373713]"
11,C,commuting,26,16,0.0,0.0,0,True,False,[0.0]
11,C,commuting,27,16,0.00031985231604614306,0.00031985231604614306,1,True,False,"[0.00031985231604614306, 0.00031985231604614306]"
11,C,commuting,28,16,0.0002588145261612773,0.0002588145261612773,1,True,False,"[0.0002588145261612773, 0.0002588145261612773]"
11,C,commuting,29,16,4.440892098500626e-16,4.440892098500626e-16,0,True,False,[4.440892098500626e-16]
11,C,commuting,30,16,0.00029934221304595,0.00029934221304595,1,True,False,"[0.00029934221304595, 0.00029934221304595]"
11,C,commuting,31,16,0.00023942932500919945,0.00023942932500919945,1,True,False,"[0.00023942932500919945, 0.00023942932500919945]"
11,C,commuting,32,16,4.440892098500626e-16,4.440892098500626e-16,0,True,False,[4.440892098500626e-16]
11,C,commuting,33,16,0.0002801479485192715,0.0002801479485192715,1,True,False,"[0.0002801479485192715, 0.0002801479485192715]"
11,C,commuting,34,16,0.0002234994926930689,0.0002234994926930689,1,True,False,"[0.0002234994926930689, 0.0002234994926930689]"
11,C,commuting,35,16,2.220446049250313e-16,2.220446049250313e-16,0,True,False,[2.220446049250313e-16]
11,C,commuting,36,16,0.00026163493524911097,0.00026163493524911097,1,True,False,"[0.00026163493524911097, 0.00026163493524911097]"
11,C,commuting,1,32,0.0,0.0,0,True,False,[0.0]
11,C,commuting,2,32,0.0,0.0,0,True,False,[0.0]
11,C,commuting,3,32,4.440892098500626e-16,4.440892098500626e-16,0,True,False,[4.440892098500626e-16]
11,C,commuting,4,32,0.0,0.0,0,True,False,[0.0]
11,C,commuting,5,32,0.0,0.0,0,True,False,[0.0]
11,C,commuting,6,32,0.0,0.0,0,True,False,[0.0]
11,C,commuting,7,32,0.0,0.0,0,True,False,[0.0]
11,C,commuting,8,32,0.0,0.0,0,True,False,[0.0]
11,C,commuting,9,32,0.0,0.0,0,True,False,[0.0]
11,C,commuting,10,32,0.0,0.0,0,True,False,[0.0]
11,C,commuting,11,32,0.0,0.0,0,True,False,[0.0]
11,C,commuting,12,32,0.0,0.0,0,True,False,[0.0]
11,C,commuting,13,32,4.440892098500626e-16,4.440892098500626e-16,0,True,False,[4.440892098500626e-16]
11,C,commuting,14,32,8.881784197001252e-16,8.881784197001252e-16,0,True,False,[8.881784197001252e-16]
11,C,commuting,15,32,0.0,0.0,0,True,False,[0.0]
11,C,commuting,16,32,0.0,0.0,0,True,False,[0.0]
11,C,commuting,17,32,8.881784197001252e-16,8.881784197001252e-16,0,True,False,[8.881784197001252e-16]
11,C,commuting,18,32,0.0,0.0,0,True,False,[0.0]
11,C,commuting,19,32,0.0,0.0,0,True,False,[0.0]
11,C,commuting,20,32,0.0,0.0,0,True,False,[0.0]
11,C,commuting,21,32,8.881784197001252e-16,8.881784197001252e-16,0,True,False,[8.881784197001252e-16]
11,C,commuting,22,32,8.881784197001252e-16,8.881784197001252e-16,0,True,False,[8.881784197001252e-16]
11,C,commuting,23,32,0.0,0.0,0,True,False,[0.0]
11,C,commuting,24,32,1.3322676295501878e-15,1.3322676295501878e-15,0,True,False,[1.3322676295501878e-15]
11,C,commuting,25,32,0.0,0.0,0,True,False,[0.0]
11,C,commuting,26,32,0.0,0.0,0,True,False,[0.0]
11,C,commuting,27,32,0.0,0.0,0,True,False,[0.0]
11,C,commuting,28,32,0.0,0.0,0,True,False,[0.0]
11,C,commuting,29,32,0.0,0.0,0,True,False,[0.0]
11,C,commuting,30,32,4.440892098500626e-16,4.440892098500626e-16,0,True,False,[4.440892098500626e-16]
11,C,commuting,31,32,0.0,0.0,0,True,False,[0.0]
11,C,commuting,32,32,0.0,0.0,0,True,False,[0.0]
11,C,commuting,33,32,8.881784197001252e-16,8.881784197001252e-16,0,True,False,[8.881784197001252e-16]
11,C,commuting,34,32,0.0,0.0,0,True,False,[0.0]
11,C,commuting,35,32,0.0,0.0,0,True,False,[0.0]
11,C,commuting,36,32,0.0,0.0,0,True,False,[0.0]
11,C,commuting,1,64,0.0,0.0,0,True,False,[0.0]
11,C,commuting,2,64,0.0,0.0,0,True,False,[0.0]
11,C,commuting,3,64,4.440892098500626e-16,4.440892098500626e-16,0,True,False,[4.440892098500626e-16]
11,C,commuting,4,64,0.0,0.0,0,True,False,[0.0]
11,C,commuting,5,64,0.0,0.0,0,True,False,[0.0]
11,C,commuting,6,64,0.0,0.0,0,True,False,[0.0]
11,C,commuting,7,64,0.0,0.0,0,True,False,[0.0]
11,C,commuting,8,64,0.0,0.0,0,True,False,[0.0]
11,C,commuting,9,64,0.0,0.0,0,True,False,[0.0]
11,C,commuting,10,64,0.0,0.0,0,True,False,[0.0]
11,C,commuting,11,64,0.0,0.0,0,True,False,[0.0]
11,C,commuting,12,64,0.0,0.0,0,True,False,[0.0]
11,C,commuting,13,64,4.440892098500626e-16,4.440892098500626e-16,0,True,False,[4.440892098500626e-16]
11,C,commuting,14,64,8.881784197001252e-16,8.881784197001252e-16,0,True,False,[8.881784197001252e-16]
11,C,commuting,15,64,0.0,0.0,0,True,False,[0.0]
11,C,commuting,16,64,0.0,0.0,0,True,False,[0.0]
11,C,commuting,17,64,8.881784197001252e-16,8.881784197001252e-16,0,True,False,[8.881784197001252e-16]
11,C,commuting,18,64,0.0,0.0,0,True,False,[0.0]
11,C,commuting,19,64,0.0,0.0,0,True,False,[0.0]
11,C,commuting,20,64,0.0,0.0,0,True,False,[0.0]
11,C,commuting,21,64,8.881784197001252e-16,8.881784197001252e-16,0,True,False,[8.881784197001252e-16]
11,C,commuting,22,64,8.881784197001252e-16,8.881784197001252e-16,0,True,False,[8.881784197001252e-16]
11,C,commuting,23,64,0.0,0.0,0,True,False,[0.0]
11,C,commuting,24,64,1.3322676295501878e-15,1.3322676295501878e-15,0,True,False,[1.3322676295501878e-15]
11,C,commuting,25,64,0.0,0.0,0,True,False,[0.0]
11,C,commuting,26,64,0.0,0.0,0,True,False,[0.0]
11,C,commuting,27,64,0.0,0.0,0,True,False,[0.0]
11,C,commuting,28,64,0.0,0.0,0,True,False,[0.0]
11,C,commuting,29,64,0.0,0.0,0,True,False,[0.0]
11,C,commuting,30,64,4.440892098500626e-16,4.440892098500626e-16,0,True,False,[4.440892098500626e-16]
11,C,commuting,31,64,0.0,0.0,0,True,False,[0.0]
11,C,commuting,32,64,0.0,0.0,0,True,False,[0.0]
11,C,commuting,33,64,8.881784197001252e-16,8.881784197001252e-16,0,True,False,[8.881784197001252e-16]
11,C,commuting,34,64,0.0,0.0,0,True,False,[0.0]
11,C,commuting,35,64,0.0,0.0,0,True,False,[0.0]
11,C,commuting,36,64,0.0,0.0,0,True,False,[0.0]
22,C,commuting,1,8,0.12840858206262995,0.12840858206262995,1,True,False,"[0.12840858206262995, 0.12840858206262995]"
22,C,commuting,2,8,0.0,0.0,0,True,False,[0.0]
22,C,commuting,3,8,0.2571600214410277,0.2571600214410277,1,True,False,"[0.2571600214410277, 0.2571600214410277]"
22,C,commuting,4,8,0.0023947093140639364,0.0023947093140639364,1,True,False,"[0.0023947093140639364, 0.0023947093140639364]"
22,C,commuting,5,8,0.0,0.0,0,True,False,[0.0]
22,C,commuting,6,8,0.0021192687553983625,0.0021192687553983625,1,True,False,"[0.0021192687553983625, 0.0021192687553983625]"
22,C,commuting,7,8,0.0010435051308028687,0.0010435051308028687,1,True,False,"[0.0010435051308028687, 0.0010435051308028687]"
22,C,commuting,8,8,2.220446049250313e-16,2.220446049250313e-16,0,True,False,[2.220446049250313e-16]
22,C,commuting,9,8,0.0012991828217612245,0.0012991828217612245,1,True,False,"[0.0012991828217612245, 0.0012991828217612245]"
22,C,commuting,10,8,0.000941102606057509,0.000941102606057509,1,True,False,"[0.000941102606057509, 0.000941102606057509]"
22,C,commuting,11,8,0.0,0.0,0,True,False,[0.0]
22,C,commuting,12,8,0.0009273172024353293,0.0009273172024353293,1,True,False,"[0.0009273172024353293, 0.0009273172024353293]"
22,C,commuting,13,8,0.0008585576735640199,0.0008585576735640199,1,True,False,"[0.0008585576735640199, 0.0008585576735640199]"
22,C,commuting,14,8,6.661338147750939e-16,6.661338147750939e-16,0,True,False,[6.661338147750939e-16]
22,C,commuting,15,8,0.0006874505539553599,0.0006874505539553599,1,True,False,"[0.0006874505539553599, 0.0006874505539553599]"
22,C,commuting,16,8,0.0007266490877666509,0.0007266490877666509,1,True,False,"[0.0007266490877666509, 0.0007266490877666509]"
22,C,commuting,17,8,0.0,0.0,0,True,False,[0.0]
22,C,commuting,18,8,0.0005965114580579467,0.0005965114580579467,1,True,False,"[0.0005965114580579467, 0.0005965114580579467]"
22,C,commuting,19,8,0.0006473797009358684,0.0006473797009358684,1,True,False,"[0.0006473797009358684, 0.0006473797009358684]"
22,C,commuting,20,8,0.0,0.0,0,True,False,[0.0]
22,C,commuting,21,8,0.0005437451825540673,0.0005437451825540673,1,True,False,"[0.0005437451825540673, 0.0005437451825540673]"
22,C,commuting,22,8,0.0005684762210829142,0.0005684762210829142,1,True,False,"[0.0005684762210829142, 0.0005684762210829142]"
22,C,commuting,23,8,0.0,0.0,0,True,False,[0.0]
22,C,commuting,24,8,0.0004834530224635536,0.0004834530224635536,1,True,False,"[0.0004834530224635536, 0.0004834530224635536]"
22,C,commuting,25,8,0.00048137029499373263,0.00048137029499373263,1,True,False,"[0.00048137029499373263, 0.00048137029499373263]"
22,C,commuting,26,8,0.0,0.0,0,True,False,[0.0]
22,C,commuting,27,8,0.0004216132464662792,0.0004216132464662792,1,True,False,"[0.0004216132464662792, 0.0004216132464662792]"
22,C,commuting,28,8,0.00040160340422357166,0.00040160340422357166,1,True,False,"[0.00040160340422357166, 0.00040160340422357166]"
22,C,commuting,29,8,2.220446049250313e-16,2.220446049250313e-16,0,True,False,[2.220446049250313e-16]
22,C,commuting,30,8,0.0003674620599853906,0.0003674620599853906,1,True,False,"[0.0003674620599853906, 0.0003674620599853906]"
22,C,commuting,31,8,0.000336832990602165,0.000336832990602165,1,True,False,"[0.000336832990602165, 0.000336832990602165]"
22,C,commuting,32,8,2.220446049250313e-16,2.220446049250313e-16,0,True,False,[2.220446049250313e-16]
22,C,commuting,33,8,0.00032439930287786467,0.00032439930287786467,1,True,False,"[0.00032439930287786467, 0.00032439930287786467]"
22,C,commuting,34,8,0.00028747938280471175,0.00028747938280471175,1,True,False,"[0.00028747938280471175, 0.00028747938280471175]"
22,C,commuting,35,8,0.0,0.0,0,True,False,[0.0]
22,C,commuting,36,8,0.0002918347307814262,0.0002918347307814262,1,True,False,"[0.0002918347307814262, 0.0002918347307814262]"
22,C,commuting,1,16,8.881784197001252e-16,8.881784197001252e-16,0,True,False,[8.881784197001252e-16]
22,C,commuting,2,16,8.881784197001252e-16,8.881784197001252e-16,0,True,False,[8.881784197001252e-16]
22,C,commuting,3,16,0.1294549078969065,0.1294549078969065,1,True,False,"[0.1294549078969065, 0.1294549078969065]"
22,C,commuting,4,16,0.002710142102357427,0.002710142102357427,1,True,False,"[0.002710142102357427, 0.002710142102357427]"
22,C,commuting,5,16,0.0,0.0,0,True,False,[0.0]
22,C,commuting,6,16,0.0020598534274134384,0.0020598534274134384,1,True,False,"[0.0020598534274134384, 0.0020598534274134384]"
22,C,commuting,7,16,0.0013213242285239346,0.0013213242285239346,1,True,False,"[0.0013213242285239346, 0.0013213242285239346]"
22,C,commuting,8,16,6.661338147750939e-16,6.661338147750939e-16,0,True,False,[6.661338147750939e-16]
22,C,commuting,9,16,0.0013444931197750254,0.0013444931197750254,1,True,False,"[0.0013444931197750254, 0.0013444931197750254]"
22,C,commuting,10,16,0.0009011512758747564,0.0009011512758747564,1,True,False,"[0.0009011512758747564, 0.0009011512758747564]"
22,C,commuting,11,16,4.440892098500626e-16,4.440892098500626e-16,0,True,False,[4.440892098500626e-16]
22,C,commuting,12,16,0.0009980453501807762,0.0009980453501807762,1,True,False,"[0.0009980453501807762, 0.0009980453501807762]"
22,C,commuting,13,16,0.0007249401357325436,0.0007249401357325436,1,True,False,"[0.0007249401357325436, 0.0007249401357325436]"
22,C,commuting,14,16,0.0,0.0,0,True,False,[0.0]
22,C,commuting,15,16,0.0007705430091462517,0.0007705430091462517,1,True,False,"[0.0007705430091462517, 0.0007705430091462517]"
22,C,commuting,16,16,0.0005981103050343162,0.0005981103050343162,1,True,False,"[0.0005981103050343162, 0.0005981103050343162]"
22,C,commuting,17,16,0.0,0.0,0,True,False,[0.0]
22,C,commuting,18,16,0.0006198689818850411,0.0006198689818850411,1,True,False,"[0.0006198689818850411, 0.0006198689818850411]"
22,C,commuting,19,16,0.0004988257575553323,0.0004988257575553323,1,True,False,"[0.0004988257575553323, 0.0004988257575553323]"
22,C,commuting,20,16,0.0,0.0,0,True,False,[0.0]
22,C,commuting,21,16,0.0005184214303219914,0.0005184214303219914,1,True,False,"[0.0005184214303219914, 0.0005184214303219914]"
22,C,commuting,22,16,0.00042540035156557465,0.00042540035156557465,1,True,False,"[0.00042540035156557465, 0.00042540035156557465]"
22,C,commuting,23,16,8.881784197001252e-16,8.881784197001252e-16,0,True,False,[8.881784197001252e-16]
22,C,commuting,24,16,0.00044821471559131076,0.00044821471559131076,1,True,False,"[0.00044821471559131076, 0.00044821471559131076]"
22,C,commuting,25,16,0.0003729756954906627,0.0003729756954906627,1,True,False,"[0.0003729756954906627, 0.0003729756954906627]"
22,C,commuting,26,16,0.0,0.0,0,True,False,[0.0]
22,C,commuting,27,16,0.00039825887427058504,0.00039825887427058504,1,True,False,"[0.00039825887427058504, 0.00039825887427058504]"
22,C,commuting,28,16,0.0003354604360785718,0.0003354604360785718,1,True,False,"[0.0003354604360785718, 0.0003354604360785718]"
22,C,commuting,29,16,4.440892098500626e-16,4.440892098500626e-16,0,True,False,[4.440892098500626e-16]
22,C,commuting,30,16,0.000361358748079077,0.000361358748079077,1,True,False,"[0.000361358748079077, 0.000361358748079077]"
22,C,commuting,31,16,0.0003080122790257711,0.0003080122790257711,1,True,False,"[0.0003080122790257711, 0.0003080122790257711]"
22,C,commuting,32,16,0.0,0.0,0,True,False,[0.0]
22,C,commuting,33,16,0.0003332111369112045,0.0003332111369112045,1,True,False,"[0.0003332111369112045, 0.0003332111369112045]"
22,C,commuting,34,16,0.0002875469843763856,0.0002875469843763856,1,True,False,"[0.0002875469843763856, 0.0002875469843763856]"
22,C,commuting,35,16,0.0,0.0,0,True,False,[0.0]
22,C,commuting,36,16,0.0003115127714323762,0.0003115127714323762,1,True,False,"[0.0003115127714323762, 0.0003115127714323762]"
22,C,commuting,1,32,8.881784197001252e-16,8.881784197001252e-16,0,True,False,[8.881784197001252e-16]
22,C,commuting,2,32,8.881784197001252e-16,8.881784197001252e-16,0,True,False,[8.881784197001252e-16]
22,C,commuting,3,32,0.0,0.0,0,True,False,[0.0]
22,C,commuting,4,32,1.7763568394002505e-15,1.7763568394002505e-15,0,True,False,[1.7763568394002505e-15]
22,C,commuting,5,32,1.7763568394002505e-15,1.7763568394002505e-15,0,True,False,[1.7763568394002505e-15]
22,C,commuting,6,32,0.0,0.0,0,True,False,[0.0]
22,C,commuting,7,32,4.440892098500626e-16,4.440892098500626e-16,0,True,False,[4.440892098500626e-16]
22,C,commuting,8,32,0.0,0.0,0,True,False,[0.0]
22,C,commuting,9,32,0.0,0.0,0,True,False,[0.0]
22,C,commuting,10,32,4.440892098500626e-16,4.440892098500626e-16,0,True,False,[4.440892098500626e-16]
22,C,commuting,11,32,0.0,0.0,0,True,False,[0.0]
22,C,commuting,12,32,8.881784197001252e-16,8.881784197001252e-16,0,True,False,[8.881784197001252e-16]
22,C,commuting,13,32,4.440892098500626e-16,4.440892098500626e-16,0,True,False,[4.440892098500626e-16]
22,C,commuting,14,32,1.3322676295501878e-15,1.3322676295501878e-15,0,True,False,[1.3322676295501878e-15]
22,C,commuting,15,32,0.0,0.0,0,True,False,[0.0]
22,C,commuting,16,32,0.0,0.0,0,True,False,[0.0]
22,C,commuting,17,32,4.440892098500626e-16,4.440892098500626e-16,0,True,False,[4.440892098500626e-16]
22,C,commuting,18,32,0.0,0.0,0,True,False,[0.0]
22,C,commuting,19,32,0.0,0.0,0,True,False,[0.0]
22,C,commuting,20,32,1.7763568394002505e-15,1.7763568394002505e-15,0,True,False,[1.7763568394002505e-15]
22,C,commuting,21,32,0.0,0.0,0,True,False,[0.0]
22,C,commuting,22,32,0.0,0.0,0,True,False,[0.0]
22,C,commuting,23,32,0.0,0.0,0,True,False,[0.0]
22,C,commuting,24,32,0.0,0.0,0,True,False,[0.0]
22,C,commuting,25,32,0.0,0.0,0,True,False,[0.0]
22,C,commuting,26,32,0.0,0.0,0,True,False,[0.0]
22,C,commuting,27,32,0.0,0.0,0,True,False,[0.0]
22,C,commuting,28,32,0.0,0.0,0,True,False,[0.0]
22,C,commuting,29,32,0.0,0.0,0,True,False,[0.0]
22,C,commuting,30,32,0.0,0.0,0,True,False,[0.0]
22,C,commuting,31,32,8.881784197001252e-16,8.881784197001252e-16,0,True,False,[8.881784197001252e-16]
22,C,commuting,32,32,0.0,0.0,0,True,False,[0.0]
22,C,commuting,33,32,8.881784197001252e-16,8.881784197001252e-16,0,True,False,[8.881784197001252e-16]
22,C,commuting,34,32,4.440892098500626e-16,4.440892098500626e-16,0,True,False,[4.440892098500626e-16]
22,C,commuting,35,32,8.881784197001252e-16,8.881784197001252e-16,0,True,False,[8.881784197001252e-16]
22,C,commuting,36,32,0.0,0.0,0,True,False,[0.0]
22,C,commuting,1,64,8.881784197001252e-16,8.881784197001252e-16,0,True,False,[8.881784197001252e-16]
22,C,commuting,2,64,8.881784197001252e-16,8.881784197001252e-16,0,True,False,[8.881784197001252e-16]
22,C,commuting,3,64,0.0,0.0,0,True,False,[0.0]
22,C,commuting,4,64,1.7763568394002505e-15,1.7763568394002505e-15,0,True,False,[1.7763568394002505e-15]
22,C,commuting,5,64,1.7763568394002505e-15,1.7763568394002505e-15,0,True,False,[1.7763568394002505e-15]
22,C,commuting,6,64,0.0,0.0,0,True,False,[0.0]
22,C,commuting,7,64,4.440892098500626e-16,4.440892098500626e-16,0,True,False,[4.440892098500626e-16]
22,C,commuting,8,64,0.0,0.0,0,True,False,[0.0]
22,C,commuting,9,64,0.0,0.0,0,True,False,[0.0]
22,C,commuting,10,64,4.440892098500626e-16,4.440892098500626e-16,0,True,False,[4.440892098500626e-16]
22,C,commuting,11,64,0.0,0.0,0,True,False,[0.0]
22,C,commuting,12,64,8.881784197001252e-16,8.881784197001252e-16,0,True,False,[8.881784197001252e-16]
22,C,commuting,13,64,4.440892098500626e-16,4.440892098500626e-16,0,True,False,[4.440892098500626e-16]
22,C,commuting,14,64,1.3322676295501878e-15,1.3322676295501878e-15,0,True,False,[1.3322676295501878e-15]
22,C,commuting,15,64,0.0,0.0,0,True,False,[0.0]
22,C,commuting,16,64,0.0,0.0,0,True,False,[0.0]
22,C,commuting,17,64,4.440892098500626e-16,4.440892098500626e-16,0,True,False,[4.440892098500626e-16]
22,C,commuting,18,64,0.0,0.0,0,True,False,[0.0]
22,C,commuting,19,64,0.0,0.0,0,True,False,[0.0]
22,C,commuting,20,64,1.7763568394002505e-15,1.7763568394002505e-15,0,True,False,[1.7763568394002505e-15]
22,C,commuting,21,64,0.0,0.0,0,True,False,[0.0]
22,C,commuting,22,64,0.0,0.0,0,True,False,[0.0]
22,C,commuting,23,64,0.0,0.0,0,True,False,[0.0]
22,C,commuting,24,64,0.0,0.0,0,True,False,[0.0]
22,C,commuting,25,64,0.0,0.0,0,True,False,[0.0]
22,C,commuting,26,64,0.0,0.0,0,True,False,[0.0]
22,C,commuting,27,64,0.0,0.0,0,True,False,[0.0]
22,C,commuting,28,64,0.0,0.0,0,True,False,[0.0]
22,C,commuting,29,64,0.0,0.0,0,True,False,[0.0]
22,C,commuting,30,64,0.0,0.0,0,True,False,[0.0]
22,C,commuting,31,64,8.881784197001252e-16,8.881784197001252e-16,0,True,False,[8.881784197001252e-16]
22,C,commuting,32,64,0.0,0.0,0,True,False,[0.0]
22,C,commuting,33,64,8.881784197001252e-16,8.881784197001252e-16,0,True,False,[8.881784197001252e-16]
22,C,commuting,34,64,4.440892098500626e-16,4.440892098500626e-16,0,True,False,[4.440892098500626e-16]
22,C,commuting,35,64,8.881784197001252e-16,8.881784197001252e-16,0,True,False,[8.881784197001252e-16]
22,C,commuting,36,64,0.0,0.0,0,True,False,[0.0]
33,C,commuting,1,8,0.11520463519111668,0.11520463519111668,1,True,False,"[0.11520463519111668, 0.11520463519111668]"
33,C,commuting,2,8,0.0,0.0,0,True,False,[0.0]
33,C,commuting,3,8,0.28688884535108117,0.28688884535108117,1,True,False,"[0.28688884535108117, 0.28688884535108117]"
33,C,commuting,4,8,0.003923749623533146,0.003923749623533146,1,True,False,"[0.003923749623533146, 0.003923749623533146]"
33,C,commuting,5,8,2.220446049250313e-16,2.220446049250313e-16,0,True,False,[2.220446049250313e-16]
33,C,commuting,6,8,0.0052750037959952145,0.0052750037959952145,1,True,False,"[0.0052750037959952145, 0.0052750037959952145]"
33,C,commuting,7,8,0.0036542549774547517,0.0036542549774547517,1,True,False,"[0.0036542549774547517, 0.0036542549774547517]"
33,C,commuting,8,8,0.0,0.0,0,True,False,[0.0]
33,C,commuting,9,8,0.002038008989980744,0.002038008989980744,1,True,False,"[0.002038008989980744, 0.002038008989980744]"
33,C,commuting,10,8,0.001285452818065247,0.001285452818065247,1,True,False,"[0.001285452818065247, 0.001285452818065247]"
33,C,commuting,11,8,0.0,0.0,0,True,False,[0.0]
33,C,commuting,12,8,0.0008005309666965221,0.0008005309666965221,1,True,False,"[0.0008005309666965221, 0.0008005309666965221]"
33,C,commuting,13,8,0.0006595334324421831,0.0006595334324421831,1,True,False,"[0.0006595334324421831, 0.0006595334324421831]"
33,C,commuting,14,8,2.220446049250313e-16,2.220446049250313e-16,0,True,False,[2.220446049250313e-16]
33,C,commuting,15,8,0.000523604143868317,0.000523604143868317,1,True,False,"[0.000523604143868317, 0.000523604143868317]"
33,C,commuting,16,8,0.00047106066240054645,0.00047106066240054645,1,True,False,"[0.00047106066240054645, 0.00047106066240054645]"
33,C,commuting,17,8,1.1102230246251565e-15,1.1102230246251565e-15,0,True,False,[1.1102230246251565e-15]
33,C,commuting,18,8,0.0004048089173998015,0.0004048089173998015,1,True,False,"[0.0004048089173998015, 0.0004048089173998015]"
33,C,commuting,19,8,0.0003836804851784503,0.0003836804851784503,1,True,False,"[0.0003836804851784503, 0.0003836804851784503]"
33,C,commuting,20,8,0.0,0.0,0,True,False,[0.0]
33,C,commuting,21,8,0.00033803355274253377,0.00033803355274253377,1,True,False,"[0.00033803355274253377, 0.00033803355274253377]"
33,C,commuting,22,8,0.0003284236907936666,0.0003284236907936666,1,True,False,"[0.0003284236907936666, 0.0003284236907936666]"
33,C,commuting,23,8,0.0,0.0,0,True,False,[0.0]
33,C,commuting,24,8,0.000292489264314133,0.000292489264314133,1,True,False,"[0.000292489264314133, 0.000292489264314133]"
33,C,commuting,25,8,0.0002858879056597541,0.0002858879056597541,1,True,False,"[0.0002858879056597541, 0.0002858879056597541]"
33,C,commuting,26,8,0.0,0.0,0,True,False,[0.0]
33,C,commuting,27,8,0.00025757105080104203,0.00025757105080104203,1,True,False,"[0.00025757105080104203, 0.00025757105080104203]"
33,C,commuting,28,8,0.00025106290765264383,0.00025106290765264383,1,True,False,"[0.00025106290765264383, 0.00025106290765264383]"
33,C,commuting,29,8,0.0,0.0,0,True,False,[0.0]
33,C,commuting,30,8,0.00022942738656683836,0.00022942738656683836,1,True,False,"[0.00022942738656683836, 0.00022942738656683836]"
33,C,commuting,31,8,0.00022250860721007015,0.00022250860721007015,1,True,False,"[0.00022250860721007015, 0.00022250860721007015]"
33,C,commuting,32,8,2.220446049250313e-16,2.220446049250313e-16,0,True,False,[2.220446049250313e-16]
33,C,commuting,33,8,0.00020637472058315787,0.00020637472058315787,1,True,False,"[0.00020637472058315787, 0.00020637472058315787]"
33,C,commuting,34,8,0.00019932261313115873,0.00019932261313115873,1,True,False,"[0.00019932261313115873, 0.00019932261313115873]"
33,C,commuting,35,8,0.0,0.0,0,True,False,[0.0]
33,C,commuting,36,8,0.00018748693966563756,0.00018748693966563756,1,True,False,"[0.00018748693966563756, 0.00018748693966563756]"
33,C,commuting,1,16,4.440892098500626e-16,4.440892098500626e-16,0,True,False,[4.440892098500626e-16]
33,C,commuting,2,16,0.0,0.0,0,True,False,[0.0]
33,C,commuting,3,16,0.13758840576074505,0.13758840576074505,1,True,False,"[0.13758840576074505, 0.13758840576074505]"
33,C,commuting,4,16,0.0022171290270935895,0.0022171290270935895,1,True,False,"[0.0022171290270935895, 0.0022171290270935895]"
33,C,commuting,5,16,6.661338147750939e-16,6.661338147750939e-16,0,True,False,[6.661338147750939e-16]
33,C,commuting,6,16,0.0011978563658983088,0.0011978563658983088,1,True,False,"[0.0011978563658983088, 0.0011978563658983088]"
33,C,commuting,7,16,0.0009972760893366406,0.0009972760893366406,1,True,False,"[0.0009972760893366406, 0.0009972760893366406]"
33,C,commuting,8,16,0.0,0.0,0,True,False,[0.0]
33,C,commuting,9,16,0.000993898496211676,0.000993898496211676,1,True,False,"[0.000993898496211676, 0.000993898496211676]"
33,C,commuting,10,16,0.0007537764046652295,0.0007537764046652295,1,True,False,"[0.0007537764046652295, 0.0007537764046652295]"
33,C,commuting,11,16,2.220446049250313e-16,2.220446049250313e-16,0,True,False,[2.220446049250313e-16]
33,C,commuting,12,16,0.0007719960391139313,0.0007719960391139313,1,True,False,"[0.0007719960391139313, 0.0007719960391139313]"
33,C,commuting,13,16,0.0005713866974421666,0.0005713866974421666,1,True,False,"[0.0005713866974421666, 0.0005713866974421666]"
33,C,commuting,14,16,0.0,0.0,0,True,False,[0.0]
33,C,commuting,15,16,0.0005866254047670605,0.0005866254047670605,1,True,False,"[0.0005866254047670605, 0.0005866254047670605]"
33,C,commuting,16,16,0.00044355451101107946,0.00044355451101107946,1,True,False,"[0.00044355451101107946, 0.00044355451101107946]"
33,C,commuting,17,16,6.661338147750939e-16,6.661338147750939e-16,0,True,False,[6.661338147750939e-16]
33,C,commuting,18,16,0.00045975870072845204,0.00045975870072845204,1,True,False,"[0.00045975870072845204, 0.00045975870072845204]"
33,C,commuting,19,16,0.0003631401401458234,0.0003631401401458234,1,True,False,"[0.0003631401401458234, 0.0003631401401458234]"
33,C,commuting,20,16,2.220446049250313e-16,2.220446049250313e-16,0,True,False,[2.220446049250313e-16]
33,C,commuting,21,16,0.00037736227482065843,0.00037736227482065843,1,True,False,"[0.00037736227482065843, 0.00037736227482065843]"
33,C,commuting,22,16,0.0003134468457242079,0.0003134468457242079,1,True,False,"[0.0003134468457242079, 0.0003134468457242079]"
33,C,commuting,23,16,0.0,0.0,0,True,False,[0.0]
33,C,commuting,24,16,0.00032463628685874824,0.00032463628685874824,1,True,False,"[0.00032463628685874824, 0.00032463628685874824]"
33,C,commuting,25,16,0.0002819517655885395,0.0002819517655885395,1,True,False,"[0.0002819517655885395, 0.0002819517655885395]"
33,C,commuting,26,16,0.0,0.0,0,True,False,[0.0]
33,C,commuting,27,16,0.0002914837936318637,0.0002914837936318637,1,True,False,"[0.0002914837936318637, 0.0002914837936318637]"
33,C,commuting,28,16,0.0002620833710238468,0.0002620833710238468,1,True,False,"[0.0002620833710238468, 0.0002620833710238468]"
33,C,commuting,29,16,0.0,0.0,0,True,False,[0.0]
33,C,commuting,30,16,0.0002715052805550844,0.0002715052805550844,1,True,False,"[0.0002715052805550844, 0.0002715052805550844]"
33,C,commuting,31,16,0.0002504633362205855,0.0002504633362205855,1,True,False,"[0.0002504633362205855, 0.0002504633362205855]"
33,C,commuting,32,16,0.0,0.0,0,True,False,[0.0]
33,C,commuting,33,16,0.000260438184640277,0.000260438184640277,1,True,False,"[0.000260438184640277, 0.000260438184640277]"
33,C,commuting,34,16,0.0002448138554160817,0.0002448138554160817,1,True,False,"[0.0002448138554160817, 0.0002448138554160817]"
33,C,commuting,35,16,1.7763568394002505e-15,1.7763568394002505e-15,0,True,False,[1.7763568394002505e-15]
33,C,commuting,36,16,0.000255218881907604,0.000255218881907604,1,True,False,"[0.000255218881907604, 0.000255218881907604]"
33,C,commuting,1,32,4.440892098500626e-16,4.440892098500626e-16,0,True,False,[4.440892098500626e-16]
33,C,commuting,2,32,0.0,0.0,0,True,False,[0.0]
33,C,commuting,3,32,0.0,0.0,0,True,False,[0.0]
33,C,commuting,4,32,0.0,0.0,0,True,False,[0.0]
33,C,commuting,5,32,0.0,0.0,0,True,False,[0.0]
33,C,commuting,6,32,2.220446049250313e-16,2.220446049250313e-16,0,True,False,[2.220446049250313e-16]
33,C,commuting,7,32,0.0,0.0,0,True,False,[0.0]
33,C,commuting,8,32,0.0,0.0,0,True,False,[0.0]
33,C,commuting,9,32,0.0,0.0,0,True,False,[0.0]
33,C,commuting,10,32,1.3322676295501878e-15,1.3322676295501878e-15,0,True,False,[1.3322676295501878e-15]
33,C,commuting,11,32,0.0,0.0,0,True,False,[0.0]
33,C,commuting,12,32,0.0,0.0,0,True,False,[0.0]
33,C,commuting,13,32,0.0,0.0,0,True,False,[0.0]
33,C,commuting,14,32,4.440892098500626e-16,4.440892098500626e-16,0,True,False,[4.440892098500626e-16]
33,C,commuting,15,32,0.0,0.0,0,True,False,[0.0]
33,C,commuting,16,32,0.0,0.0,0,True,False,[0.0]
33,C,commuting,17,32,0.0,0.0,0,True,False,[0.0]
33,C,commuting,18,32,1.3322676295501878e-15,1.3322676295501878e-15,0,True,False,[1.3322676295501878e-15]
33,C,commuting,19,32,0.0,0.0,0,True,False,[0.0]
33,C,commuting,20,32,0.0,0.0,0,True,False,[0.0]
33,C,commuting,21,32,0.0,0.0,0,True,False,[0.0]
33,C,commuting,22,32,4.440892098500626e-16,4.440892098500626e-16,0,True,False,[4.440892098500626e-16]
33,C,commuting,23,32,0.0,0.0,0,True,False,[0.0]
33,C,commuting,24,32,4.440892098500626e-16,4.440892098500626e-16,0,True,False,[4.440892098500626e-16]
33,C,commuting,25,32,0.0,0.0,0,True,False,[0.0]
33,C,commuting,26,32,0.0,0.0,0,True,False,[0.0]
33,C,commuting,27,32,0.0,0.0,0,True,False,[0.0]
33,C,commuting,28,32,0.0,0.0,0,True,False,[0.0]
33,C,commuting,29,32,0.0,0.0,0,True,False,[0.0]
33,C,commuting,30,32,0.0,0.0,0,True,False,[0.0]
33,C,commuting,31,32,0.0,0.0,0,True,False,[0.0]
33,C,commuting,32,32,0.0,0.0,0,True,False,[0.0]
33,C,commuting,33,32,8.881784197001252e-16,8.881784197001252e-16,0,True,False,[8.881784197001252e-16]
33,C,commuting,34,32,0.0,0.0,0,True,False,[0.0]
33,C,commuting,35,32,1.3322676295501878e-15,1.3322676295501878e-15,0,True,False,[1.3322676295501878e-15]
33,C,commuting,36,32,8.881784197001252e-16,8.881784197001252e-16,0,True,False,[8.881784197001252e-16]
33,C,commuting,1,64,4.440892098500626e-16,4.440892098500626e-16,0,True,False,[4.440892098500626e-16]
33,C,commuting,2,64,0.0,0.0,0,True,False,[0.0]
33,C,commuting,3,64,0.0,0.0,0,True,False,[0.0]
33,C,commuting,4,64,0.0,0.0,0,True,False,[0.0]
33,C,commuting,5,64,0.0,0.0,0,True,False,[0.0]
33,C,commuting,6,64,2.220446049250313e-16,2.220446049250313e-16,0,True,False,[2.220446049250313e-16]
33,C,commuting,7,64,0.0,0.0,0,True,False,[0.0]
33,C,commuting,8,64,0.0,0.0,0,True,False,[0.0]
33,C,commuting,9,64,0.0,0.0,0,True,False,[0.0]
33,C,commuting,10,64,1.3322676295501878e-15,1.3322676295501878e-15,0,True,False,[1.3322676295501878e-15]
33,C,commuting,11,64,0.0,0.0,0,True,False,[0.0]
33,C,commuting,12,64,0.0,0.0,0,True,False,[0.0]
33,C,commuting,13,64,0.0,0.0,0,True,False,[0.0]
33,C,commuting,14,64,4.440892098500626e-16,4.440892098500626e-16,0,True,False,[4.440892098500626e-16]
33,C,commuting,15,64,0.0,0.0,0,True,False,[0.0]
33,C,commuting,16,64,0.0,0.0,0,True,False,[0.0]
33,C,commuting,17,64,0.0,0.0,0,True,False,[0.0]
33,C,commuting,18,64,1.3322676295501878e-15,1.3322676295501878e-15,0,True,False,[1.3322676295501878e-15]
33,C,commuting,19,64,0.0,0.0,0,True,False,[0.0]
33,C,commuting,20,64,0.0,0.0,0,True,False,[0.0]
33,C,commuting,21,64,0.0,0.0,0,True,False,[0.0]
33,C,commuting,22,64,4.440892098500626e-16,4.440892098500626e-16,0,True,False,[4.440892098500626e-16]
33,C,commuting,23,64,0.0,0.0,0,True,False,[0.0]
33,C,commuting,24,64,4.440892098500626e-16,4.440892098500626e-16,0,True,False,[4.440892098500626e-16]
33,C,commuting,25,64,0.0,0.0,0,True,False,[0.0]
33,C,commuting,26,64,0.0,0.0,0,True,False,[0.0]
33,C,commuting,27,64,0.0,0.0,0,True,False,[0.0]
33,C,commuting,28,64,0.0,0.0,0,True,False,[0.0]
33,C,commuting,29,64,0.0,0.0,0,True,False,[0.0]
33,C,commuting,30,64,0.0,0.0,0,True,False,[0.0]
33,C,commuting,31,64,0.0,0.0,0,True,False,[0.0]
33,C,commuting,32,64,0.0,0.0,0,True,False,[0.0]
33,C,commuting,33,64,8.881784197001252e-16,8.881784197001252e-16,0,True,False,[8.881784197001252e-16]
33,C,commuting,34,64,0.0,0.0,0,True,False,[0.0]
33,C,commuting,35,64,1.3322676295501878e-15,1.3322676295501878e-15,0,True,False,[1.3322676295501878e-15]
33,C,commuting,36,64,8.881784197001252e-16,8.881784197001252e-16,0,True,False,[8.881784197001252e-16]
11,C,mixed,1,8,0.05388659231889026,0.05388659231889026,1,True,False,"[0.05388659231889026, 0.05388659231889026]"
11,C,mixed,2,8,0.1748256304488376,0.1748256304488376,1,True,False,"[0.1748256304488376, 0.1748256304488376]"
11,C,mixed,3,8,0.19315991533473986,0.19315991533473986,1,True,False,"[0.19315991533473986, 0.19315991533473986]"
11,C,mixed,4,8,0.0031120720863435647,0.0031120720863435647,1,True,False,"[0.0031120720863435647, 0.0031120720863435647]"
11,C,mixed,5,8,0.004931368108785694,0.004931368108785694,1,True,False,"[0.004931368108785694, 0.004931368108785694]"
11,C,mixed,6,8,0.0063854911577445606,0.0063854911577445606,1,True,False,"[0.0063854911577445606, 0.0063854911577445606]"
11,C,mixed,7,8,0.002502300282551939,0.002502300282551939,1,True,False,"[0.002502300282551939, 0.002502300282551939]"
11,C,mixed,8,8,0.0026757318561676513,0.0026757318561676513,1,True,False,"[0.0026757318561676513, 0.0026757318561676513]"
11,C,mixed,9,8,0.005026014481817054,0.005026014481817054,1,True,False,"[0.005026014481817054, 0.005026014481817054]"
11,C,mixed,10,8,0.0021076410981555327,0.0021076410981555327,1,True,False,"[0.0021076410981555327, 0.0021076410981555327]"
11,C,mixed,11,8,0.00245519920348225,0.00245519920348225,1,True,False,"[0.00245519920348225, 0.00245519920348225]"
11,C,mixed,12,8,0.01014483838418534,0.01014483838418534,1,True,False,"[0.01014483838418534, 0.01014483838418534]"
11,C,mixed,13,8,0.0018922824267235683,0.0018922824267235683,1,True,False,"[0.0018922824267235683, 0.0018922824267235683]"
11,C,mixed,14,8,0.002340804680970976,0.002340804680970976,1,True,False,"[0.002340804680970976, 0.002340804680970976]"
11,C,mixed,15,8,0.0036494307547498828,0.0036494307547498828,1,True,False,"[0.0036494307547498828, 0.0036494307547498828]"
11,C,mixed,16,8,0.0017162302402369267,0.0017162302402369267,1,True,False,"[0.0017162302402369267, 0.0017162302402369267]"
11,C,mixed,17,8,0.0018554826742425146,0.0018554826742425146,1,True,False,"[0.0018554826742425146, 0.0018554826742425146]"
11,C,mixed,18,8,0.0027740370021231975,0.0027740370021231975,1,True,False,"[0.0027740370021231975, 0.0027740370021231975]"
11,C,mixed,19,8,0.0011438915415691309,0.0011438915415691309,1,True,False,"[0.0011438915415691309, 0.0011438915415691309]"
11,C,mixed,20,8,0.0011668129647004477,0.0011668129647004477,1,True,False,"[0.0011668129647004477, 0.0011668129647004477]"
11,C,mixed,21,8,0.001801896914797485,0.001801896914797485,1,True,False,"[0.001801896914797485, 0.001801896914797485]"
11,C,mixed,22,8,0.0007704675333757294,0.0007704675333757294,1,True,False,"[0.0007704675333757294, 0.0007704675333757294]"
11,C,mixed,23,8,0.0007602829820563262,0.0007602829820563262,1,True,False,"[0.0007602829820563262, 0.0007602829820563262]"
11,C,mixed,24,8,0.0012313456119228405,0.0012313456119228405,1,True,False,"[0.0012313456119228405, 0.0012313456119228405]"
11,C,mixed,25,8,0.0006023233782854742,0.0006023233782854742,1,True,False,"[0.0006023233782854742, 0.0006023233782854742]"
11,C,mixed,26,8,0.000655475916579995,0.000655475916579995,1,True,False,"[0.000655475916579995, 0.000655475916579995]"
11,C,mixed,27,8,0.0009450527626349015,0.0009450527626349015,1,True,False,"[0.0009450527626349015, 0.0009450527626349015]"
11,C,mixed,28,8,0.0005057207464591595,0.0005057207464591595,1,True,False,"[0.0005057207464591595, 0.0005057207464591595]"
11,C,mixed,29,8,0.0006407522150928546,0.0006407522150928546,1,True,False,"[0.0006407522150928546, 0.0006407522150928546]"
11,C,mixed,30,8,0.0011004971328016921,0.0011004971328016921,1,True,False,"[0.0011004971328016921, 0.0011004971328016921]"
11,C,mixed,31,8,0.00033937949239448706,0.00033937949239448706,1,True,False,"[0.00033937949239448706, 0.00033937949239448706]"
11,C,mixed,32,8,0.0006905068658373814,0.0006905068658373814,1,True,False,"[0.0006905068658373814, 0.0006905068658373814]"
11,C,mixed,33,8,0.0006915106874150201,0.0006915106874150201,1,True,False,"[0.0006915106874150201, 0.0006915106874150201]"
11,C,mixed,34,8,0.00023323594990309893,0.00023323594990309893,1,True,False,"[0.00023323594990309893, 0.00023323594990309893]"
11,C,mixed,35,8,0.0004513962013916739,0.0004513962013916739,1,True,False,"[0.0004513962013916739, 0.0004513962013916739]"
11,C,mixed,36,8,0.00042747711441859515,0.00042747711441859515,1,True,False,"[0.00042747711441859515, 0.00042747711441859515]"
11,C,mixed,1,16,0.0,0.0,0,True,False,[0.0]
11,C,mixed,2,16,0.08947364104367073,0.08947364104367073,1,True,False,"[0.08947364104367073, 0.08947364104367073]"
11,C,mixed,3,16,0.07146918245746892,0.07146918245746892,1,True,False,"[0.07146918245746892, 0.07146918245746892]"
11,C,mixed,4,16,0.004323086730675607,0.004323086730675607,1,True,False,"[0.004323086730675607, 0.004323086730675607]"
11,C,mixed,5,16,0.009131429280915926,0.009131429280915926,1,True,False,"[0.009131429280915926, 0.009131429280915926]"
11,C,mixed,6,16,0.005959503338572869,0.005959503338572869,1,True,False,"[0.005959503338572869, 0.005959503338572869]"
11,C,mixed,7,16,0.001596092178693942,0.001596092178693942,1,True,False,"[0.001596092178693942, 0.001596092178693942]"
11,C,mixed,8,16,0.0031551729352388147,0.0031551729352388147,1,True,False,"[0.0031551729352388147, 0.0031551729352388147]"
11,C,mixed,9,16,0.0037995578061935653,0.0037995578061935653,1,True,False,"[0.0037995578061935653, 0.0037995578061935653]"
11,C,mixed,10,16,0.001257650931084875,0.001257650931084875,1,True,False,"[0.001257650931084875, 0.001257650931084875]"
11,C,mixed,11,16,0.0015748295359800935,0.0015748295359800935,1,True,False,"[0.0015748295359800935, 0.0015748295359800935]"
11,C,mixed,12,16,0.0023472030334559246,0.0023472030334559246,1,True,False,"[0.0023472030334559246, 0.0023472030334559246]"
11,C,mixed,13,16,0.0010780563138970134,0.0010780563138970134,1,True,False,"[0.0010780563138970134, 0.0010780563138970134]"
11,C,mixed,14,16,0.0006492159934781139,0.0006492159934781139,1,True,False,"[0.0006492159934781139, 0.0006492159934781139]"
11,C,mixed,15,16,0.0013093336566711855,0.0013093336566711855,1,True,False,"[0.0013093336566711855, 0.0013093336566711855]"
11,C,mixed,16,16,0.0009264164658340235,0.0009264164658340235,1,True,False,"[0.0009264164658340235, 0.0009264164658340235]"
11,C,mixed,17,16,0.00029791352873109744,0.00029791352873109744,1,True,False,"[0.00029791352873109744, 0.00029791352873109744]"
11,C,mixed,18,16,0.0030838284071534883,0.0030838284071534883,1,True,False,"[0.0030838284071534883, 0.0030838284071534883]"
11,C,mixed,19,16,0.0006885027598182436,0.0006885027598182436,1,True,False,"[0.0006885027598182436, 0.0006885027598182436]"
11,C,mixed,20,16,0.0002157803154863025,0.0002157803154863025,1,True,False,"[0.0002157803154863025, 0.0002157803154863025]"
11,C,mixed,21,16,0.002116167878777997,0.002116167878777997,1,True,False,"[0.002116167878777997, 0.002116167878777997]"
11,C,mixed,22,16,0.0005669578218954197,0.0005669578218954197,1,True,False,"[0.0005669578218954197, 0.0005669578218954197]"
11,C,mixed,23,16,0.0001707123826550916,0.0001707123826550916,1,True,False,"[0.0001707123826550916, 0.0001707123826550916]"
11,C,mixed,24,16,0.0012162183973774,0.0012162183973774,1,True,False,"[0.0012162183973774, 0.0012162183973774]"
11,C,mixed,25,16,0.0004509768678409021,0.0004509768678409021,1,True,False,"[0.0004509768678409021, 0.0004509768678409021]"
11,C,mixed,26,16,0.00012218926672069585,0.00012218926672069585,1,True,False,"[0.00012218926672069585, 0.00012218926672069585]"
11,C,mixed,27,16,0.0007420360959173866,0.0007420360959173866,1,True,False,"[0.0007420360959173866, 0.0007420360959173866]"
11,C,mixed,28,16,0.0003626934016551786,0.0003626934016551786,1,True,False,"[0.0003626934016551786, 0.0003626934016551786]"
11,C,mixed,29,16,6.821707237891772e-05,6.821707237891772e-05,1,True,False,"[6.821707237891772e-05, 6.821707237891772e-05]"
11,C,mixed,30,16,0.0005172161865736324,0.0005172161865736324,1,True,False,"[0.0005172161865736324, 0.0005172161865736324]"
11,C,mixed,31,16,0.0003149620050770796,0.0003149620050770796,1,True,False,"[0.0003149620050770796, 0.0003149620050770796]"
11,C,mixed,32,16,2.5779684080351473e-05,2.5779684080351473e-05,1,True,False,"[2.5779684080351473e-05, 2.5779684080351473e-05]"
11,C,mixed,33,16,0.00041281407034432505,0.00041281407034432505,1,True,False,"[0.00041281407034432505, 0.00041281407034432505]"
11,C,mixed,34,16,0.0002929428426676761,0.0002929428426676761,1,True,False,"[0.0002929428426676761, 0.0002929428426676761]"
11,C,mixed,35,16,6.025206490178903e-06,6.025206490178903e-06,1,True,False,"[6.025206490178903e-06, 6.025206490178903e-06]"
11,C,mixed,36,16,0.0003722631271063648,0.0003722631271063648,1,True,False,"[0.0003722631271063648, 0.0003722631271063648]"
11,C,mixed,1,32,0.0,0.0,0,True,False,[0.0]
11,C,mixed,2,32,1.9984014443252818e-15,1.9984014443252818e-15,0,True,False,[1.9984014443252818e-15]
11,C,mixed,3,32,0.015775215163965406,0.015775215163965406,1,True,False,"[0.015775215163965406, 0.015775215163965406]"
11,C,mixed,4,32,0.004501991178600395,0.004501991178600395,1,True,False,"[0.004501991178600395, 0.004501991178600395]"
11,C,mixed,5,32,0.010685119446728564,0.010685119446728564,1,True,False,"[0.010685119446728564, 0.010685119446728564]"
11,C,mixed,6,32,0.0005583968762907787,0.0005583968762907787,1,True,False,"[0.0005583968762907787, 0.0005583968762907787]"
11,C,mixed,7,32,0.001030143623373947,0.001030143623373947,1,True,False,"[0.001030143623373947, 0.001030143623373947]"
11,C,mixed,8,32,0.0008310718716133536,0.0008227269215579369,2,True,False,"[0.0008310718716133536, 0.0008227269215579369, 0.0008227269215579369]"
11,C,mixed,9,32,2.8450709677052544e-07,2.8450712519223487e-07,1,True,False,"[2.8450709677052544e-07, 2.8450712519223487e-07]"
11,C,mixed,10,32,1.9382156768443792e-07,1.9382156768443792e-07,1,True,False,"[1.9382156768443792e-07, 1.9382156768443792e-07]"
11,C,mixed,11,32,0.00019336624557531046,0.00019336624557531046,1,True,False,"[0.00019336624557531046, 0.00019336624557531046]"
11,C,mixed,12,32,7.661835040373433e-05,7.661835040373433e-05,1,True,False,"[7.661835040373433e-05, 7.661835040373433e-05]"
11,C,mixed,13,32,0.00045240533572910024,0.00045240533572910024,1,True,False,"[0.00045240533572910024, 0.00045240533572910024]"
11,C,mixed,14,32,0.00021843099452745207,0.00021843099452745207,1,True,False,"[0.00021843099452745207, 0.00021843099452745207]"
11,C,mixed,15,32,3.651147660055365e-05,3.651147660055365e-05,1,True,False,"[3.651147660055365e-05, 3.651147660055365e-05]"
11,C,mixed,16,32,7.948965000847963e-05,7.948965000847963e-05,1,True,False,"[7.948965000847963e-05, 7.948965000847963e-05]"
11,C,mixed,17,32,0.0001105370792275906,0.0001105370792275906,1,True,False,"[0.0001105370792275906, 0.0001105370792275906]"
11,C,mixed,18,32,2.4603282068547117e-05,2.4603282068547117e-05,1,True,False,"[2.4603282068547117e-05, 2.4603282068547117e-05]"
11,C,mixed,19,32,5.0386599261598164e-05,5.0386599261598164e-05,1,True,False,"[5.0386599261598164e-05, 5.0386599261598164e-05]"
11,C,mixed,20,32,8.252204420311493e-05,8.252204420311493e-05,1,True,False,"[8.252204420311493e-05, 8.252204420311493e-05]"
11,C,mixed,21,32,2.4256550864576454e-05,2.4256550864576454e-05,1,True,False,"[2.4256550864576454e-05, 2.4256550864576454e-05]"
11,C,mixed,22,32,3.823867981300744e-05,3.823867981300744e-05,1,True,False,"[3.823867981300744e-05, 3.823867981300744e-05]"
11,C,mixed,23,32,6.612262122951407e-05,6.612262122951407e-05,1,True,False,"[6.612262122951407e-05, 6.612262122951407e-05]"
11,C,mixed,24,32,2.4858763244317572e-05,2.4858763244317572e-05,1,True,False,"[2.4858763244317572e-05, 2.4858763244317572e-05]"
11,C,mixed,25,32,3.229080213351665e-05,3.229080213351665e-05,1,True,False,"[3.229080213351665e-05, 3.229080213351665e-05]"
11,C,mixed,26,32,5.3769786086954596e-05,5.3769786086954596e-05,1,True,False,"[5.3769786086954596e-05, 5.3769786086954596e-05]"
11,C,mixed,27,32,2.523774744522811e-05,2.523774744522811e-05,1,True,False,"[2.523774744522811e-05, 2.523774744522811e-05]"
11,C,mixed,28,32,2.9241710330252246e-05,2.9241710330252246e-05,1,True,False,"[2.9241710330252246e-05, 2.9241710330252246e-05]"
11,C,mixed,29,32,4.3833618079469616e-05,4.3833618079469616e-05,1,True,False,"[4.3833618079469616e-05, 4.3833618079469616e-05]"
11,C,mixed,30,32,2.5296115572892575e-05,2.5296115572892575e-05,1,True,False,"[2.5296115572892575e-05, 2.5296115572892575e-05]"
11,C,mixed,31,32,2.7313536223649848e-05,2.7313536223649848e-05,1,True,False,"[2.7313536223649848e-05, 2.7313536223649848e-05]"
11,C,mixed,32,32,3.5629528944536304e-05,3.5629528944536304e-05,1,True,False,"[3.5629528944536304e-05, 3.5629528944536304e-05]"
11,C,mixed,33,32,2.484344148023787e-05,2.484344148023787e-05,1,True,False,"[2.484344148023787e-05, 2.484344148023787e-05]"
11,C,mixed,34,32,2.544412697691456e-05,2.544412697691456e-05,1,True,False,"[2.544412697691456e-05, 2.544412697691456e-05]"
11,C,mixed,35,32,2.8925370563870345e-05,2.8925370563870345e-05,1,True,False,"[2.8925370563870345e-05, 2.8925370563870345e-05]"
11,C,mixed,36,32,2.3680073549803282e-05,2.3680073549803282e-05,1,True,False,"[2.3680073549803282e-05, 2.3680073549803282e-05]"
11,C,mixed,1,64,0.0,0.0,0,True,False,[0.0]
11,C,mixed,2,64,1.9984014443252818e-15,1.9984014443252818e-15,0,True,False,[1.9984014443252818e-15]
11,C,mixed,3,64,1.1102230246251565e-15,1.1102230246251565e-15,0,True,False,[1.1102230246251565e-15]
11,C,mixed,4,64,4.440892098500626e-16,4.440892098500626e-16,0,True,False,[4.440892098500626e-16]
11,C,mixed,5,64,1.1102230246251565e-15,1.1102230246251565e-15,0,True,False,[1.1102230246251565e-15]
11,C,mixed,6,64,2.220446049250313e-16,2.220446049250313e-16,0,True,False,[2.220446049250313e-16]
11,C,mixed,7,64,4.440892098500626e-16,4.440892098500626e-16,0,True,False,[4.440892098500626e-16]
11,C,mixed,8,64,0.0,0.0,0,True,False,[0.0]
11,C,mixed,9,64,1.1102230246251565e-15,1.1102230246251565e-15,0,True,False,[1.1102230246251565e-15]
11,C,mixed,10,64,0.0,0.0,0,True,False,[0.0]
11,C,mixed,11,64,0.0,0.0,0,True,False,[0.0]
11,C,mixed,12,64,4.440892098500626e-16,4.440892098500626e-16,0,True,False,[4.440892098500626e-16]
11,C,mixed,13,64,0.0,0.0,0,True,False,[0.0]
11,C,mixed,14,64,8.881784197001252e-16,8.881784197001252e-16,0,True,False,[8.881784197001252e-16]
11,C,mixed,15,64,4.440892098500626e-16,4.440892098500626e-16,0,True,False,[4.440892098500626e-16]
11,C,mixed,16,64,0.0,0.0,0,True,False,[0.0]
11,C,mixed,17,64,1.3322676295501878e-15,1.3322676295501878e-15,0,True,False,[1.3322676295501878e-15]
11,C,mixed,18,64,0.0,0.0,0,True,False,[0.0]
11,C,mixed,19,64,0.0,0.0,0,True,False,[0.0]
11,C,mixed,20,64,4.440892098500626e-16,4.440892098500626e-16,0,True,False,[4.440892098500626e-16]
11,C,mixed,21,64,8.881784197001252e-16,8.881784197001252e-16,0,True,False,[8.881784197001252e-16]
11,C,mixed,22,64,2.220446049250313e-15,2.220446049250313e-15,0,True,False,[2.220446049250313e-15]
11,C,mixed,23,64,0.0,0.0,0,True,False,[0.0]
11,C,mixed,24,64,4.440892098500626e-16,4.440892098500626e-16,0,True,False,[4.440892098500626e-16]
11,C,mixed,25,64,0.0,0.0,0,True,False,[0.0]
11,C,mixed,26,64,6.661338147750939e-16,6.661338147750939e-16,0,True,False,[6.661338147750939e-16]
11,C,mixed,27,64,6.661338147750939e-16,6.661338147750939e-16,0,True,False,[6.661338147750939e-16]
11,C,mixed,28,64,0.0,0.0,0,True,False,[0.0]
11,C,mixed,29,64,2.220446049250313e-16,2.220446049250313e-16,0,True,False,[2.220446049250313e-16]
11,C,mixed,30,64,0.0,0.0,0,True,False,[0.0]
11,C,mixed,31,64,0.0,0.0,0,True,False,[0.0]
11,C,mixed,32,64,0.0,0.0,0,True,False,[0.0]
11,C,mixed,33,64,0.0,0.0,0,True,False,[0.0]
11,C,mixed,34,64,4.440892098500626e-16,4.440892098500626e-16,0,True,False,[4.440892098500626e-16]
11,C,mixed,35,64,4.440892098500626e-16,4.440892098500626e-16,0,True,False,[4.440892098500626e-16]
11,C,mixed,36,64,0.0,0.0,0,True,False,[0.0]
22,C,mixed,1,8,0.1185281826256872,0.1185281826256872,1,True,False,"[0.1185281826256872, 0.1185281826256872]"
22,C,mixed,2,8,0.2568086158416505,0.2568086158416505,1,True,False,"[0.2568086158416505, 0.2568086158416505]"
22,C,mixed,3,8,0.15339993202086066,0.15339993202086066,1,True,False,"[0.15339993202086066, 0.15339993202086066]"
22,C,mixed,4,8,0.005631479518596549,0.005631479518596549,1,True,False,"[0.005631479518596549, 0.005631479518596549]"
22,C,mixed,5,8,0.011418434465142235,0.011418434465142235,1,True,False,"[0.011418434465142235, 0.011418434465142235]"
22,C,mixed,6,8,0.0064443749107331305,0.0064443749107331305,1,True,False,"[0.0064443749107331305, 0.0064443749107331305]"
22,C,mixed,7,8,0.003233960854379214,0.003233960854379214,1,True,False,"[0.003233960854379214, 0.003233960854379214]"
22,C,mixed,8,8,0.0024773053636604203,0.0024773053636604203,1,True,False,"[0.0024773053636604203, 0.0024773053636604203]"
22,C,mixed,9,8,0.0034153696886076723,0.0034153696886076723,1,True,False,"[0.0034153696886076723, 0.0034153696886076723]"
22,C,mixed,10,8,0.002399787438268408,0.002399787438268408,1,True,False,"[0.002399787438268408, 0.002399787438268408]"
22,C,mixed,11,8,0.0012579494073374775,0.0012579494073374775,1,True,False,"[0.0012579494073374775, 0.0012579494073374775]"
22,C,mixed,12,8,0.00222708016357398,0.00222708016357398,1,True,False,"[0.00222708016357398, 0.00222708016357398]"
22,C,mixed,13,8,0.0018477204914344458,0.0018477204914344458,1,True,False,"[0.0018477204914344458, 0.0018477204914344458]"
22,C,mixed,14,8,0.0006816097180454284,0.0006816097180454284,1,True,False,"[0.0006816097180454284, 0.0006816097180454284]"
22,C,mixed,15,8,0.0015155299973645953,0.0015155299973645953,1,True,False,"[0.0015155299973645953, 0.0015155299973645953]"
22,C,mixed,16,8,0.0014842299238030376,0.0014842299238030376,1,True,False,"[0.0014842299238030376, 0.0014842299238030376]"
22,C,mixed,17,8,0.00034311859343805207,0.00034311859343805207,1,True,False,"[0.00034311859343805207, 0.00034311859343805207]"
22,C,mixed,18,8,0.0010542131071028527,0.0010542131071028527,1,True,False,"[0.0010542131071028527, 0.0010542131071028527]"
22,C,mixed,19,8,0.0012550333097933741,0.0012550333097933741,1,True,False,"[0.0012550333097933741, 0.0012550333097933741]"
22,C,mixed,20,8,0.00016145657454014195,0.00016145657454014195,1,True,False,"[0.00016145657454014195, 0.00016145657454014195]"
22,C,mixed,21,8,0.00078566617991227,0.00078566617991227,1,True,False,"[0.00078566617991227, 0.00078566617991227]"
22,C,mixed,22,8,0.00109533484316926,0.00109533484316926,1,True,False,"[0.00109533484316926, 0.00109533484316926]"
22,C,mixed,23,8,9.330855693245876e-05,9.330855693245876e-05,1,True,False,"[9.330855693245876e-05, 9.330855693245876e-05]"
22,C,mixed,24,8,0.0006668196563852646,0.0006668196563852646,1,True,False,"[0.0006668196563852646, 0.0006668196563852646]"
22,C,mixed,25,8,0.0009541545549748287,0.0009541545549748287,1,True,False,"[0.0009541545549748287, 0.0009541545549748287]"
22,C,mixed,26,8,7.771993641603192e-05,7.771993641603192e-05,1,True,False,"[7.771993641603192e-05, 7.771993641603192e-05]"
22,C,mixed,27,8,0.0006143859566938303,0.0006143859566938303,1,True,False,"[0.0006143859566938303, 0.0006143859566938303]"
22,C,mixed,28,8,0.0008127605083544376,0.0008127605083544376,1,True,False,"[0.0008127605083544376, 0.0008127605083544376]"
22,C,mixed,29,8,7.41887877807601e-05,7.41887877807601e-05,1,True,False,"[7.41887877807601e-05, 7.41887877807601e-05]"
22,C,mixed,30,8,0.0005695405454340108,0.0005695405454340108,1,True,False,"[0.0005695405454340108, 0.0005695405454340108]"
22,C,mixed,31,8,0.0006737645286215566,0.0006737645286215566,1,True,False,"[0.0006737645286215566, 0.0006737645286215566]"
22,C,mixed,32,8,7.207630192918035e-05,7.207630192918035e-05,1,True,False,"[7.207630192918035e-05, 7.207630192918035e-05]"
22,C,mixed,33,8,0.0005184490495897531,0.0005184490495897531,1,True,False,"[0.0005184490495897531, 0.0005184490495897531]"
22,C,mixed,34,8,0.0005450410611299583,0.0005450410611299583,1,True,False,"[0.0005450410611299583, 0.0005450410611299583]"
22,C,mixed,35,8,7.010169386123533e-05,7.010169386123533e-05,1,True,False,"[7.010169386123533e-05, 7.010169386123533e-05]"
22,C,mixed,36,8,0.0004644010049119629,0.0004644010049119629,1,True,False,"[0.0004644010049119629, 0.0004644010049119629]"
22,C,mixed,1,16,1.3322676295501878e-15,1.3322676295501878e-15,0,True,False,[1.3322676295501878e-15]
22,C,mixed,2,16,0.1487820392240886,0.1487820392240886,1,True,False,"[0.1487820392240886, 0.1487820392240886]"
22,C,mixed,3,16,0.08544033719324684,0.08544033719324684,1,True,False,"[0.08544033719324684, 0.08544033719324684]"
22,C,mixed,4,16,0.019584127139898877,0.019584127139898877,1,True,False,"[0.019584127139898877, 0.019584127139898877]"
22,C,mixed,5,16,0.008613995010168685,0.008613995010168685,1,True,False,"[0.008613995010168685, 0.008613995010168685]"
22,C,mixed,6,16,0.007013632633595002,0.007013632633595002,1,True,False,"[0.007013632633595002, 0.007013632633595002]"
22,C,mixed,7,16,0.0023036974514720754,0.0023036974514720754,1,True,False,"[0.0023036974514720754, 0.0023036974514720754]"
22,C,mixed,8,16,0.0017254457557049907,0.0017254457557049907,1,True,False,"[0.0017254457557049907, 0.0017254457557049907]"
22,C,mixed,9,16,0.003355893376665975,0.003355893376665975,1,True,False,"[0.003355893376665975, 0.003355893376665975]"
22,C,mixed,10,16,0.001187502347459679,0.001187502347459679,1,True,False,"[0.001187502347459679, 0.001187502347459679]"
22,C,mixed,11,16,0.0006150086385900977,0.0006150086385900977,1,True,False,"[0.0006150086385900977, 0.0006150086385900977]"
22,C,mixed,12,16,0.0019297890705447518,0.0019297890705447518,1,True,False,"[0.0019297890705447518, 0.0019297890705447518]"
22,C,mixed,13,16,0.0009136318124272069,0.0009136318124272069,1,True,False,"[0.0009136318124272069, 0.0009136318124272069]"
22,C,mixed,14,16,0.0003271352219289536,0.0003271352219289536,1,True,False,"[0.0003271352219289536, 0.0003271352219289536]"
22,C,mixed,15,16,0.0014006441875937803,0.0014006441875937803,1,True,False,"[0.0014006441875937803, 0.0014006441875937803]"
22,C,mixed,16,16,0.0008107730359823151,0.0008107730359823151,1,True,False,"[0.0008107730359823151, 0.0008107730359823151]"
22,C,mixed,17,16,0.00024293267905561855,0.00024293267905561855,1,True,False,"[0.00024293267905561855, 0.00024293267905561855]"
22,C,mixed,18,16,0.0011591837772404467,0.0011591837772404467,1,True,False,"[0.0011591837772404467, 0.0011591837772404467]"
22,C,mixed,19,16,0.000723211033587301,0.000723211033587301,1,True,False,"[0.000723211033587301, 0.000723211033587301]"
22,C,mixed,20,16,0.00019286112936600652,0.00019286112936600652,1,True,False,"[0.00019286112936600652, 0.00019286112936600652]"
22,C,mixed,21,16,0.0010442484899992888,0.0010442484899992888,1,True,False,"[0.0010442484899992888, 0.0010442484899992888]"
22,C,mixed,22,16,0.0006473840908112205,0.0006473840908112205,1,True,False,"[0.0006473840908112205, 0.0006473840908112205]"
22,C,mixed,23,16,0.00014705315611029945,0.00014705315611029945,1,True,False,"[0.00014705315611029945, 0.00014705315611029945]"
22,C,mixed,24,16,0.001002967032057267,0.001002967032057267,1,True,False,"[0.001002967032057267, 0.001002967032057267]"
22,C,mixed,25,16,0.0006074087387308857,0.0006074087387308857,1,True,False,"[0.0006074087387308857, 0.0006074087387308857]"
22,C,mixed,26,16,0.00012639375826584143,0.00012639375826584143,1,True,False,"[0.00012639375826584143, 0.00012639375826584143]"
22,C,mixed,27,16,0.0010130214148817984,0.0010130214148817984,1,True,False,"[0.0010130214148817984, 0.0010130214148817984]"
22,C,mixed,28,16,0.0006079902448803409,0.0006079902448803409,1,True,False,"[0.0006079902448803409, 0.0006079902448803409]"
22,C,mixed,29,16,0.00013461429616268283,0.00013461429616268283,1,True,False,"[0.00013461429616268283, 0.00013461429616268283]"
22,C,mixed,30,16,0.003396076594776032,0.003396076594776032,1,True,False,"[0.003396076594776032, 0.003396076594776032]"
22,C,mixed,31,16,0.0004447974123382714,0.0004447974123382714,1,True,False,"[0.0004447974123382714, 0.0004447974123382714]"
22,C,mixed,32,16,0.00019027230644508286,0.00019027230644508286,1,True,False,"[0.00019027230644508286, 0.00019027230644508286]"
22,C,mixed,33,16,0.0004600626825355114,0.0004600626825355114,1,True,False,"[0.0004600626825355114, 0.0004600626825355114]"
22,C,mixed,34,16,0.00029824466076200373,0.00029824466076200373,1,True,False,"[0.00029824466076200373, 0.00029824466076200373]"
22,C,mixed,35,16,3.7727615174176776e-06,3.7727615174176776e-06,1,True,False,"[3.7727615174176776e-06, 3.7727615174176776e-06]"
22,C,mixed,36,16,0.0003919464870048017,0.0003919464870048017,1,True,False,"[0.0003919464870048017, 0.0003919464870048017]"
22,C,mixed,1,32,1.3322676295501878e-15,1.3322676295501878e-15,0,True,False,[1.3322676295501878e-15]
22,C,mixed,2,32,0.0,0.0,0,True,False,[0.0]
22,C,mixed,3,32,0.03058277177457458,0.03058277177457458,1,True,False,"[0.03058277177457458, 0.03058277177457458]"
22,C,mixed,4,32,0.010125759930326383,0.010125759930326383,1,True,False,"[0.010125759930326383, 0.010125759930326383]"
22,C,mixed,5,32,0.016797237040473867,0.016797237040473867,1,True,False,"[0.016797237040473867, 0.016797237040473867]"
22,C,mixed,6,32,0.0005978494420737501,0.0005978494420737501,1,True,False,"[0.0005978494420737501, 0.0005978494420737501]"
22,C,mixed,7,32,0.0017476191895515747,0.0017476191895515747,1,True,False,"[0.0017476191895515747, 0.0017476191895515747]"
22,C,mixed,8,32,0.0011859698849401301,0.0011859698849401301,1,True,False,"[0.0011859698849401301, 0.0011859698849401301]"
22,C,mixed,9,32,0.00010344382213478553,0.00010344382213478553,1,True,False,"[0.00010344382213478553, 0.00010344382213478553]"
22,C,mixed,10,32,0.00048192070069097426,0.00048192070069097426,1,True,False,"[0.00048192070069097426, 0.00048192070069097426]"
22,C,mixed,11,32,0.00027692992221139967,0.00027692992221139967,1,True,False,"[0.00027692992221139967, 0.00027692992221139967]"
22,C,mixed,12,32,4.105219018635253e-05,4.105219018635253e-05,1,True,False,"[4.105219018635253e-05, 4.105219018635253e-05]"
22,C,mixed,13,32,0.0001602312629431779,0.0001602312629431779,1,True,False,"[0.0001602312629431779, 0.0001602312629431779]"
22,C,mixed,14,32,9.614242025413056e-05,9.614242025413056e-05,1,True,False,"[9.614242025413056e-05, 9.614242025413056e-05]"
22,C,mixed,15,32,2.1888250121504527e-05,2.1888250121504527e-05,1,True,False,"[2.1888250121504527e-05, 2.1888250121504527e-05]"
22,C,mixed,16,32,7.414660434568177e-05,7.414660434568177e-05,1,True,False,"[7.414660434568177e-05, 7.414660434568177e-05]"
22,C,mixed,17,32,4.892840341974569e-05,4.892840341974569e-05,1,True,False,"[4.892840341974569e-05, 4.892840341974569e-05]"
22,C,mixed,18,32,1.4052394699204385e-05,1.4052394699204385e-05,1,True,False,"[1.4052394699204385e-05, 1.4052394699204385e-05]"
22,C,mixed,19,32,4.639868763556265e-05,4.639868763556265e-05,1,True,False,"[4.639868763556265e-05, 4.639868763556265e-05]"
22,C,mixed,20,32,3.245341030844173e-05,3.245341030844173e-05,1,True,False,"[3.245341030844173e-05, 3.245341030844173e-05]"
22,C,mixed,21,32,1.0298778840622802e-05,1.0298778840622802e-05,1,True,False,"[1.0298778840622802e-05, 1.0298778840622802e-05]"
22,C,mixed,22,32,3.3837412598547445e-05,3.3837412598547445e-05,1,True,False,"[3.3837412598547445e-05, 3.3837412598547445e-05]"
22,C,mixed,23,32,2.425938347583312e-05,2.425938347583312e-05,1,True,False,"[2.425938347583312e-05, 2.425938347583312e-05]"
22,C,mixed,24,32,8.110418647566675e-06,8.110418647566675e-06,1,True,False,"[8.110418647566675e-06, 8.110418647566675e-06]"
22,C,mixed,25,32,2.6918651531371296e-05,2.6918651531371296e-05,1,True,False,"[2.6918651531371296e-05, 2.6918651531371296e-05]"
22,C,mixed,26,32,1.949622541341789e-05,1.949622541341789e-05,1,True,False,"[1.949622541341789e-05, 1.949622541341789e-05]"
22,C,mixed,27,32,6.721905732920419e-06,6.721905732920419e-06,1,True,False,"[6.721905732920419e-06, 6.721905732920419e-06]"
22,C,mixed,28,32,2.2668224623600963e-05,2.2668224623600963e-05,1,True,False,"[2.2668224623600963e-05, 2.2668224623600963e-05]"
22,C,mixed,29,32,1.6606468856261714e-05,1.6606468856261714e-05,1,True,False,"[1.6606468856261714e-05, 1.6606468856261714e-05]"
22,C,mixed,30,32,5.853014365397868e-06,5.853014365397868e-06,1,True,False,"[5.853014365397868e-06, 5.853014365397868e-06]"
22,C,mixed,31,32,1.9864664206226124e-05,1.9864664206226124e-05,1,True,False,"[1.9864664206226124e-05, 1.9864664206226124e-05]"
22,C,mixed,32,32,1.4912320663862388e-05,1.4912320663862388e-05,1,True,False,"[1.4912320663862388e-05, 1.4912320663862388e-05]"
22,C,mixed,33,32,5.345040009485658e-06,5.345040009485658e-06,1,True,False,"[5.345040009485658e-06, 5.345040009485658e-06]"
22,C,mixed,34,32,1.7914192964818554e-05,1.7914192964818554e-05,1,True,False,"[1.7914192964818554e-05, 1.7914192964818554e-05]"
22,C,mixed,35,32,1.403412212286348e-05,1.403412212286348e-05,1,True,False,"[1.403412212286348e-05, 1.403412212286348e-05]"
22,C,mixed,36,32,5.089254866419424e-06,5.089254866419424e-06,1,True,False,"[5.089254866419424e-06, 5.089254866419424e-06]"
22,C,mixed,1,64,1.3322676295501878e-15,1.3322676295501878e-15,0,True,False,[1.3322676295501878e-15]
22,C,mixed,2,64,0.0,0.0,0,True,False,[0.0]
22,C,mixed,3,64,4.440892098500626e-16,4.440892098500626e-16,0,True,False,[4.440892098500626e-16]
22,C,mixed,4,64,4.440892098500626e-16,4.440892098500626e-16,0,True,False,[4.440892098500626e-16]
22,C,mixed,5,64,4.440892098500626e-16,4.440892098500626e-16,0,True,False,[4.440892098500626e-16]
22,C,mixed,6,64,8.881784197001252e-16,8.881784197001252e-16,0,True,False,[8.881784197001252e-16]
22,C,mixed,7,64,0.0,0.0,0,True,False,[0.0]
22,C,mixed,8,64,0.0,0.0,0,True,False,[0.0]
22,C,mixed,9,64,1.3322676295501878e-15,1.3322676295501878e-15,0,True,False,[1.3322676295501878e-15]
22,C,mixed,10,64,0.0,0.0,0,True,False,[0.0]
22,C,mixed,11,64,0.0,0.0,0,True,False,[0.0]
22,C,mixed,12,64,4.440892098500626e-16,4.440892098500626e-16,0,True,False,[4.440892098500626e-16]
22,C,mixed,13,64,0.0,0.0,0,True,False,[0.0]
22,C,mixed,14,64,2.220446049250313e-15,2.220446049250313e-15,0,True,False,[2.220446049250313e-15]
22,C,mixed,15,64,4.440892098500626e-16,4.440892098500626e-16,0,True,False,[4.440892098500626e-16]
22,C,mixed,16,64,0.0,0.0,0,True,False,[0.0]
22,C,mixed,17,64,1.7763568394002505e-15,1.7763568394002505e-15,0,True,False,[1.7763568394002505e-15]
22,C,mixed,18,64,8.881784197001252e-16,8.881784197001252e-16,0,True,False,[8.881784197001252e-16]
22,C,mixed,19,64,0.0,0.0,0,True,False,[0.0]
22,C,mixed,20,64,4.440892098500626e-16,4.440892098500626e-16,0,True,False,[4.440892098500626e-16]
22,C,mixed,21,64,4.440892098500626e-16,4.440892098500626e-16,0,True,False,[4.440892098500626e-16]
22,C,mixed,22,64,4.440892098500626e-16,4.440892098500626e-16,0,True,False,[4.440892098500626e-16]
22,C,mixed,23,64,8.881784197001252e-16,8.881784197001252e-16,0,True,False,[8.881784197001252e-16]
22,C,mixed,24,64,8.881784197001252e-16,8.881784197001252e-16,0,True,False,[8.881784197001252e-16]
22,C,mixed,25,64,0.0,0.0,0,True,False,[0.0]
22,C,mixed,26,64,0.0,0.0,0,True,False,[0.0]
22,C,mixed,27,64,0.0,0.0,0,True,False,[0.0]
22,C,mixed,28,64,0.0,0.0,0,True,False,[0.0]
22,C,mixed,29,64,4.440892098500626e-16,4.440892098500626e-16,0,True,False,[4.440892098500626e-16]
22,C,mixed,30,64,4.440892098500626e-16,4.440892098500626e-16,0,True,False,[4.440892098500626e-16]
22,C,mixed,31,64,0.0,0.0,0,True,False,[0.0]
22,C,mixed,32,64,0.0,0.0,0,True,False,[0.0]
22,C,mixed,33,64,0.0,0.0,0,True,False,[0.0]
22,C,mixed,34,64,8.881784197001252e-16,8.881784197001252e-16,0,True,False,[8.881784197001252e-16]
22,C,mixed,35,64,0.0,0.0,0,True,False,[0.0]
22,C,mixed,36,64,0.0,0.0,0,True,False,[0.0]
33,C,mixed,1,8,0.13163986695366603,0.13163986695366603,1,True,False,"[0.13163986695366603, 0.13163986695366603]"
33,C,mixed,2,8,0.290795958469487,0.290795958469487,1,True,False,"[0.290795958469487, 0.290795958469487]"
33,C,mixed,3,8,0.19817291936899428,0.19817291936899428,1,True,False,"[0.19817291936899428, 0.19817291936899428]"
33,C,mixed,4,8,0.0006805672843394062,0.0006805672843394062,1,True,False,"[0.0006805672843394062, 0.0006805672843394062]"
33,C,mixed,5,8,0.006990117650060634,0.006990117650060634,1,True,False,"[0.006990117650060634, 0.006990117650060634]"
33,C,mixed,6,8,0.0027970344931961266,0.0027970344931961266,1,True,False,"[0.0027970344931961266, 0.0027970344931961266]"
33,C,mixed,7,8,0.0007726919971132729,0.0007726919971132729,1,True,False,"[0.0007726919971132729, 0.0007726919971132729]"
33,C,mixed,8,8,0.0009614249151943532,0.0009614249151943532,1,True,False,"[0.0009614249151943532, 0.0009614249151943532]"
33,C,mixed,9,8,0.0014236330943201425,0.0014236330943201425,1,True,False,"[0.0014236330943201425, 0.0014236330943201425]"
33,C,mixed,10,8,0.0006754847817154186,0.0006754847817154186,1,True,False,"[0.0006754847817154186, 0.0006754847817154186]"
33,C,mixed,11,8,0.0008028837774168851,0.0008028837774168851,1,True,False,"[0.0008028837774168851, 0.0008028837774168851]"
33,C,mixed,12,8,0.001229085857026746,0.001229085857026746,1,True,False,"[0.001229085857026746, 0.001229085857026746]"
33,C,mixed,13,8,0.0005943623532739251,0.0005943623532739251,1,True,False,"[0.0005943623532739251, 0.0005943623532739251]"
33,C,mixed,14,8,0.0007699105608209855,0.0007699105608209855,1,True,False,"[0.0007699105608209855, 0.0007699105608209855]"
33,C,mixed,15,8,0.0010275182739768463,0.0010275182739768463,1,True,False,"[0.0010275182739768463, 0.0010275182739768463]"
33,C,mixed,16,8,0.0005173393598442155,0.0005173393598442155,1,True,False,"[0.0005173393598442155, 0.0005173393598442155]"
33,C,mixed,17,8,0.0006940496195961821,0.0006940496195961821,1,True,False,"[0.0006940496195961821, 0.0006940496195961821]"
33,C,mixed,18,8,0.0008369644751859973,0.0008369644751859973,1,True,False,"[0.0008369644751859973, 0.0008369644751859973]"
33,C,mixed,19,8,0.00045561368095603516,0.00045561368095603516,1,True,False,"[0.00045561368095603516, 0.00045561368095603516]"
33,C,mixed,20,8,0.000583595108850643,0.000583595108850643,1,True,False,"[0.000583595108850643, 0.000583595108850643]"
33,C,mixed,21,8,0.0006956115511571603,0.0006956115511571603,1,True,False,"[0.0006956115511571603, 0.0006956115511571603]"
33,C,mixed,22,8,0.00041378936698677204,0.00041378936698677204,1,True,False,"[0.00041378936698677204, 0.00041378936698677204]"
33,C,mixed,23,8,0.0004846227148155302,0.0004846227148155302,1,True,False,"[0.0004846227148155302, 0.0004846227148155302]"
33,C,mixed,24,8,0.0006217256382275993,0.0006217256382275993,1,True,False,"[0.0006217256382275993, 0.0006217256382275993]"
33,C,mixed,25,8,0.0003902903076614672,0.0003902903076614672,1,True,False,"[0.0003902903076614672, 0.0003902903076614672]"
33,C,mixed,26,8,0.0004125810388889706,0.0004125810388889706,1,True,False,"[0.0004125810388889706, 0.0004125810388889706]"
33,C,mixed,27,8,0.0006022171516804065,0.0006022171516804065,1,True,False,"[0.0006022171516804065, 0.0006022171516804065]"
33,C,mixed,28,8,0.00038052211328853947,0.00038052211328853947,1,True,False,"[0.00038052211328853947, 0.00038052211328853947]"
33,C,mixed,29,8,0.00035372945042055903,0.00035372945042055903,1,True,False,"[0.00035372945042055903, 0.00035372945042055903]"
33,C,mixed,30,8,0.0006143908035592949,0.0006143908035592949,1,True,False,"[0.0006143908035592949, 0.0006143908035592949]"
33,C,mixed,31,8,0.00037793854641754443,0.00037793854641754443,1,True,False,"[0.00037793854641754443, 0.00037793854641754443]"
33,C,mixed,32,8,0.00029372987512454873,0.00029372987512454873,1,True,False,"[0.00029372987512454873, 0.00029372987512454873]"
33,C,mixed,33,8,0.0006383039725301742,0.0006383039725301742,1,True,False,"[0.0006383039725301742, 0.0006383039725301742]"
33,C,mixed,34,8,0.0003721759417643078,0.0003721759417643078,1,True,False,"[0.0003721759417643078, 0.0003721759417643078]"
33,C,mixed,35,8,0.00022764363551719402,0.00022764363551719402,1,True,False,"[0.00022764363551719402, 0.00022764363551719402]"
33,C,mixed,36,8,0.000652357771891654,0.000652357771891654,1,True,False,"[0.000652357771891654, 0.000652357771891654]"
33,C,mixed,1,16,0.0,0.0,0,True,False,[0.0]
33,C,mixed,2,16,0.15951193497018878,0.15951193497018878,1,True,False,"[0.15951193497018878, 0.15951193497018878]"
33,C,mixed,3,16,0.10552606446410606,0.10552606446410606,1,True,False,"[0.10552606446410606, 0.10552606446410606]"
33,C,mixed,4,16,0.018377933846912997,0.018377933846912997,1,True,False,"[0.018377933846912997, 0.018377933846912997]"
33,C,mixed,5,16,0.013217255841871278,0.013217255841871278,1,True,False,"[0.013217255841871278, 0.013217255841871278]"
33,C,mixed,6,16,0.0071631779982290755,0.0071631779982290755,1,True,False,"[0.0071631779982290755, 0.0071631779982290755]"
33,C,mixed,7,16,0.0024904682074582407,0.0024904682074582407,1,True,False,"[0.0024904682074582407, 0.0024904682074582407]"
33,C,mixed,8,16,0.002397490898843113,0.002397490898843113,1,True,False,"[0.002397490898843113, 0.002397490898843113]"
33,C,mixed,9,16,0.0039731003538225895,0.0039731003538225895,1,True,False,"[0.0039731003538225895, 0.0039731003538225895]"
33,C,mixed,10,16,0.0012889326856280192,0.0012889326856280192,1,True,False,"[0.0012889326856280192, 0.0012889326856280192]"
33,C,mixed,11,16,0.001139503454129942,0.001139503454129942,1,True,False,"[0.001139503454129942, 0.001139503454129942]"
33,C,mixed,12,16,0.0023863325539590363,0.0023863325539590363,1,True,False,"[0.0023863325539590363, 0.0023863325539590363]"
33,C,mixed,13,16,0.0008506700586170535,0.0008506700586170535,1,True,False,"[0.0008506700586170535, 0.0008506700586170535]"
33,C,mixed,14,16,0.0006575371782024941,0.0006575371782024941,1,True,False,"[0.0006575371782024941, 0.0006575371782024941]"
33,C,mixed,15,16,0.0017477187743668576,0.0017477187743668576,1,True,False,"[0.0017477187743668576, 0.0017477187743668576]"
33,C,mixed,16,16,0.0007227051042171251,0.0007227051042171251,1,True,False,"[0.0007227051042171251, 0.0007227051042171251]"
33,C,mixed,17,16,0.00045779102686172024,0.00045779102686172024,1,True,False,"[0.00045779102686172024, 0.00045779102686172024]"
33,C,mixed,18,16,0.001608816733630558,0.001608816733630558,1,True,False,"[0.001608816733630558, 0.001608816733630558]"
33,C,mixed,19,16,0.0006908890063286321,0.0006908890063286321,1,True,False,"[0.0006908890063286321, 0.0006908890063286321]"
33,C,mixed,20,16,0.00038796140455699124,0.00038796140455699124,1,True,False,"[0.00038796140455699124, 0.00038796140455699124]"
33,C,mixed,21,16,0.001588238251126528,0.001588238251126528,1,True,False,"[0.001588238251126528, 0.001588238251126528]"
33,C,mixed,22,16,0.0006826304989764331,0.0006826304989764331,1,True,False,"[0.0006826304989764331, 0.0006826304989764331]"
33,C,mixed,23,16,0.0003688502063554644,0.0003688502063554644,1,True,False,"[0.0003688502063554644, 0.0003688502063554644]"
33,C,mixed,24,16,0.0016157362643962614,0.0016157362643962614,1,True,False,"[0.0016157362643962614, 0.0016157362643962614]"
33,C,mixed,25,16,0.0006830429254609527,0.0006830429254609527,1,True,False,"[0.0006830429254609527, 0.0006830429254609527]"
33,C,mixed,26,16,0.0003627964360835012,0.0003627964360835012,1,True,False,"[0.0003627964360835012, 0.0003627964360835012]"
33,C,mixed,27,16,0.0017318155537606739,0.0017318155537606739,1,True,False,"[0.0017318155537606739, 0.0017318155537606739]"
33,C,mixed,28,16,0.0006899630288756953,0.0006899630288756953,1,True,False,"[0.0006899630288756953, 0.0006899630288756953]"
33,C,mixed,29,16,0.00036546130327685944,0.00036546130327685944,1,True,False,"[0.00036546130327685944, 0.00036546130327685944]"
33,C,mixed,30,16,0.0019447108102981225,0.0019447108102981225,1,True,False,"[0.0019447108102981225, 0.0019447108102981225]"
33,C,mixed,31,16,0.0006970794746239406,0.0006970794746239406,1,True,False,"[0.0006970794746239406, 0.0006970794746239406]"
33,C,mixed,32,16,0.00039571978050600976,0.00039571978050600976,1,True,False,"[0.00039571978050600976, 0.00039571978050600976]"
33,C,mixed,33,16,0.002200935927557879,0.002200935927557879,1,True,False,"[0.002200935927557879, 0.002200935927557879]"
33,C,mixed,34,16,0.0006961083116108213,0.0006961083116108213,1,True,False,"[0.0006961083116108213, 0.0006961083116108213]"
33,C,mixed,35,16,0.00047654469086610973,0.00047654469086610973,1,True,False,"[0.00047654469086610973, 0.00047654469086610973]"
33,C,mixed,36,16,0.0024317829059701257,0.0024317829059701257,1,True,False,"[0.0024317829059701257, 0.0024317829059701257]"
33,C,mixed,1,32,0.0,0.0,0,True,False,[0.0]
33,C,mixed,2,32,1.3322676295501878e-15,1.3322676295501878e-15,0,True,False,[1.3322676295501878e-15]
33,C,mixed,3,32,0.031709886372244034,0.031709886372244034,1,True,False,"[0.031709886372244034, 0.031709886372244034]"
33,C,mixed,4,32,0.014128642421304516,0.014128642421304516,1,True,False,"[0.014128642421304516, 0.014128642421304516]"
33,C,mixed,5,32,0.023878939820250356,0.023878939820250356,1,True,False,"[0.023878939820250356, 0.023878939820250356]"
33,C,mixed,6,32,0.0007978910785146898,0.0007978910785146898,1,True,False,"[0.0007978910785146898, 0.0007978910785146898]"
33,C,mixed,7,32,0.0010954649000947114,0.0010954649000947114,1,True,False,"[0.0010954649000947114, 0.0010954649000947114]"
33,C,mixed,8,32,0.002102825000213304,0.002102825000213304,1,True,False,"[0.002102825000213304, 0.002102825000213304]"
33,C,mixed,9,32,0.0002069925350567381,0.0002069925350567381,1,True,False,"[0.0002069925350567381, 0.0002069925350567381]"
33,C,mixed,10,32,0.0003931279732583004,0.0003931279732583004,1,True,False,"[0.0003931279732583004, 0.0003931279732583004]"
33,C,mixed,11,32,0.0007285129735843388,0.0007285129735843388,1,True,False,"[0.0007285129735843388, 0.0007285129735843388]"
33,C,mixed,12,32,0.00011793380920477325,0.00011793380920477325,1,True,False,"[0.00011793380920477325, 0.00011793380920477325]"
33,C,mixed,13,32,0.00023267648823388498,0.00023267648823388498,1,True,False,"[0.00023267648823388498, 0.00023267648823388498]"
33,C,mixed,14,32,0.0004397840565537603,0.0004397840565537603,1,True,False,"[0.0004397840565537603, 0.0004397840565537603]"
33,C,mixed,15,32,8.938555208759524e-05,8.938555208759524e-05,1,True,False,"[8.938555208759524e-05, 8.938555208759524e-05]"
33,C,mixed,16,32,0.0001433740660892191,0.0001433740660892191,1,True,False,"[0.0001433740660892191, 0.0001433740660892191]"
33,C,mixed,17,32,0.00031242671689812873,0.00031242671689812873,1,True,False,"[0.00031242671689812873, 0.00031242671689812873]"
33,C,mixed,18,32,7.057572704360915e-05,7.057572704360915e-05,1,True,False,"[7.057572704360915e-05, 7.057572704360915e-05]"
33,C,mixed,19,32,9.543349873886164e-05,9.543349873886164e-05,1,True,False,"[9.543349873886164e-05, 9.543349873886164e-05]"
33,C,mixed,20,32,0.0002243207259351454,0.0002243207259351454,1,True,False,"[0.0002243207259351454, 0.0002243207259351454]"
33,C,mixed,21,32,5.352272967318328e-05,5.352272967318328e-05,1,True,False,"[5.352272967318328e-05, 5.352272967318328e-05]"
33,C,mixed,22,32,7.00978805237007e-05,7.00978805237007e-05,1,True,False,"[7.00978805237007e-05, 7.00978805237007e-05]"
33,C,mixed,23,32,0.00016034840808942796,0.00016034840808942796,1,True,False,"[0.00016034840808942796, 0.00016034840808942796]"
33,C,mixed,24,32,3.9721920567004076e-05,3.9721920567004076e-05,1,True,False,"[3.9721920567004076e-05, 3.9721920567004076e-05]"
33,C,mixed,25,32,5.63098925947525e-05,5.63098925947525e-05,1,True,False,"[5.63098925947525e-05, 5.63098925947525e-05]"
33,C,mixed,26,32,0.00011751229218837089,0.00011751229218837089,1,True,False,"[0.00011751229218837089, 0.00011751229218837089]"
33,C,mixed,27,32,3.02190994565521e-05,3.02190994565521e-05,1,True,False,"[3.02190994565521e-05, 3.02190994565521e-05]"
33,C,mixed,28,32,4.861342590967155e-05,4.861342590967155e-05,1,True,False,"[4.861342590967155e-05, 4.861342590967155e-05]"
33,C,mixed,29,32,9.066186671824461e-05,9.066186671824461e-05,1,True,False,"[9.066186671824461e-05, 9.066186671824461e-05]"
33,C,mixed,30,32,2.424694931124627e-05,2.424694931124627e-05,1,True,False,"[2.424694931124627e-05, 2.424694931124627e-05]"
33,C,mixed,31,32,4.428251133559158e-05,4.428251133559158e-05,1,True,False,"[4.428251133559158e-05, 4.428251133559158e-05]"
33,C,mixed,32,32,7.423190246336198e-05,7.423190246336198e-05,1,True,False,"[7.423190246336198e-05, 7.423190246336198e-05]"
33,C,mixed,33,32,2.0587827627593924e-05,2.0587827627593924e-05,1,True,False,"[2.0587827627593924e-05, 2.0587827627593924e-05]"
33,C,mixed,34,32,4.1869601304922455e-05,4.1869601304922455e-05,1,True,False,"[4.1869601304922455e-05, 4.1869601304922455e-05]"
33,C,mixed,35,32,6.410029955361551e-05,6.410029955361551e-05,1,True,False,"[6.410029955361551e-05, 6.410029955361551e-05]"
33,C,mixed,36,32,1.8304339016506077e-05,1.8304339016506077e-05,1,True,False,"[1.8304339016506077e-05, 1.8304339016506077e-05]"
33,C,mixed,1,64,0.0,0.0,0,True,False,[0.0]
33,C,mixed,2,64,1.3322676295501878e-15,1.3322676295501878e-15,0,True,False,[1.3322676295501878e-15]
33,C,mixed,3,64,0.0,0.0,0,True,False,[0.0]
33,C,mixed,4,64,4.440892098500626e-16,4.440892098500626e-16,0,True,False,[4.440892098500626e-16]
33,C,mixed,5,64,0.0,0.0,0,True,False,[0.0]
33,C,mixed,6,64,0.0,0.0,0,True,False,[0.0]
33,C,mixed,7,64,0.0,0.0,0,True,False,[0.0]
33,C,mixed,8,64,4.440892098500626e-16,4.440892098500626e-16,0,True,False,[4.440892098500626e-16]
33,C,mixed,9,64,0.0,0.0,0,True,False,[0.0]
33,C,mixed,10,64,0.0,0.0,0,True,False,[0.0]
33,C,mixed,11,64,0.0,0.0,0,True,False,[0.0]
33,C,mixed,12,64,0.0,0.0,0,True,False,[0.0]
33,C,mixed,13,64,0.0,0.0,0,True,False,[0.0]
33,C,mixed,14,64,4.440892098500626e-16,4.440892098500626e-16,0,True,False,[4.440892098500626e-16]
33,C,mixed,15,64,0.0,0.0,0,True,False,[0.0]
33,C,mixed,16,64,0.0,0.0,0,True,False,[0.0]
33,C,mixed,17,64,0.0,0.0,0,True,False,[0.0]
33,C,mixed,18,64,0.0,0.0,0,True,False,[0.0]
33,C,mixed,19,64,8.881784197001252e-16,8.881784197001252e-16,0,True,False,[8.881784197001252e-16]
33,C,mixed,20,64,0.0,0.0,0,True,False,[0.0]
33,C,mixed,21,64,0.0,0.0,0,True,False,[0.0]
33,C,mixed,22,64,0.0,0.0,0,True,False,[0.0]
33,C,mixed,23,64,4.440892098500626e-16,4.440892098500626e-16,0,True,False,[4.440892098500626e-16]
33,C,mixed,24,64,0.0,0.0,0,True,False,[0.0]
33,C,mixed,25,64,0.0,0.0,0,True,False,[0.0]
33,C,mixed,26,64,0.0,0.0,0,True,False,[0.0]
33,C,mixed,27,64,0.0,0.0,0,True,False,[0.0]
33,C,mixed,28,64,0.0,0.0,0,True,False,[0.0]
33,C,mixed,29,64,0.0,0.0,0,True,False,[0.0]
33,C,mixed,30,64,0.0,0.0,0,True,False,[0.0]
33,C,mixed,31,64,4.440892098500626e-16,4.440892098500626e-16,0,True,False,[4.440892098500626e-16]
33,C,mixed,32,64,0.0,0.0,0,True,False,[0.0]
33,C,mixed,33,64,4.440892098500626e-16,4.440892098500626e-16,0,True,False,[4.440892098500626e-16]
33,C,mixed,34,64,0.0,0.0,0,True,False,[0.0]
33,C,mixed,35,64,0.0,0.0,0,True,False,[0.0]
33,C,mixed,36,64,0.0,0.0,0,True,False,[0.0]
