L,k,dt,g,left_cut,tau,right_cut,J,n_pasts,n_futures,n_seeds,branch_weight_beta,entropy,entropy_std,delta_norm,rank
6,50,0.1,1.0,25,0,26,0.0,32,32,1,1.0,2.141404136484463e-27,0.0,0.28656296289983096,1
6,50,0.1,1.0,25,0,26,0.05,32,32,1,1.0,8.190584574364314e-06,0.0,0.2827022906808753,31
6,50,0.1,1.0,25,0,26,0.1,32,32,1,1.0,0.00011029342982279153,0.0,0.278504958680778,31
6,50,0.1,1.0,25,0,26,0.15000000000000002,32,32,1,1.0,0.000513622051647564,0.0,0.27397411879444455,31
6,50,0.1,1.0,25,0,26,0.2,32,32,1,1.0,0.0015525203372639788,0.0,0.2691081357490184,31
6,50,0.1,1.0,25,0,26,0.25,32,32,1,1.0,0.003680429595685454,0.0,0.2639081359193351,31
6,50,0.1,1.0,25,0,26,0.30000000000000004,32,32,1,1.0,0.0074284402755147305,0.0,0.2583903700912477,31
6,50,0.1,1.0,25,0,26,0.35000000000000003,32,32,1,1.0,0.013308041846688507,0.0,0.2525955064338294,31
6,50,0.1,1.0,25,0,26,0.4,32,32,1,1.0,0.021614231949433748,0.0,0.2465844565128698,31
6,50,0.1,1.0,25,0,26,0.45,32,32,1,1.0,0.032185900323379736,0.0,0.24041955582017507,31
6,50,0.1,1.0,25,0,26,0.5,32,32,1,1.0,0.04441572021551887,0.0,0.23414969953345002,31
6,50,0.1,1.0,25,0,26,0.55,32,32,1,1.0,0.05793195196821512,0.0,0.22783049457223645,31
6,50,0.1,1.0,25,0,26,0.6000000000000001,32,32,1,1.0,0.07413781643292246,0.0,0.22159463956273348,31
6,50,0.1,1.0,25,0,26,0.65,32,32,1,1.0,0.0980429914978641,0.0,0.21574382583591628,31
6,50,0.1,1.0,25,0,26,0.7000000000000001,32,32,1,1.0,0.13838211852236718,0.0,0.21078972132754575,31
6,50,0.1,1.0,25,0,26,0.75,32,32,1,1.0,0.20257955652259507,0.0,0.20737051942298398,31
6,50,0.1,1.0,25,0,26,0.8,32,32,1,1.0,0.29076310374192327,0.0,0.20603927325303995,31
6,50,0.1,1.0,25,0,26,0.8500000000000001,32,32,1,1.0,0.39520480699506977,0.0,0.20702779095750884,31
6,50,0.1,1.0,25,0,26,0.9,32,32,1,1.0,0.5041766307192738,0.0,0.2101350666088212,31
6,50,0.1,1.0,25,0,26,0.9500000000000001,32,32,1,1.0,0.6071263720882594,0.0,0.21481054607965355,31
6,50,0.1,1.0,25,0,26,1.0,32,32,1,1.0,0.6975853725490846,0.0,0.2203743278488322,31
6,50,0.1,1.0,25,0,26,1.05,32,32,1,1.0,0.7731734393337644,0.0,0.2262583496608991,31
6,50,0.1,1.0,25,0,26,1.1,32,32,1,1.0,0.8343316303379399,0.0,0.2321801754892066,31
6,50,0.1,1.0,25,0,26,1.1500000000000001,32,32,1,1.0,0.8835897021473579,0.0,0.23819885382911732,31
6,50,0.1,1.0,25,0,26,1.2000000000000002,32,32,1,1.0,0.9246769851861898,0.0,0.24461295174293757,31
6,50,0.1,1.0,25,0,26,1.25,32,32,1,1.0,0.9607602521258154,0.0,0.25170377707663444,31
6,50,0.1,1.0,25,0,26,1.3,32,32,1,1.0,0.9925805998950431,0.0,0.2594520591617883,31
6,50,0.1,1.0,25,0,26,1.35,32,32,1,1.0,1.017923560423937,0.0,0.2674469304139984,31
6,50,0.1,1.0,25,0,26,1.4000000000000001,32,32,1,1.0,1.0329954191218975,0.0,0.2750828696284191,31
6,50,0.1,1.0,25,0,26,1.4500000000000002,32,32,1,1.0,1.034607218328797,0.0,0.28188616921363335,31
6,50,0.1,1.0,25,0,26,1.5,32,32,1,1.0,1.0218074691973635,0.0,0.28771635909682186,31
6,50,0.1,1.0,25,0,26,1.55,32,32,1,1.0,0.9962642053486049,0.0,0.29273033345847227,31
6,50,0.1,1.0,25,0,26,1.6,32,32,1,1.0,0.9612251916841553,0.0,0.2971985552262402,31
6,50,0.1,1.0,25,0,26,1.6500000000000001,32,32,1,1.0,0.920337562450524,0.0,0.3013446781357862,31
6,50,0.1,1.0,25,0,26,1.7000000000000002,32,32,1,1.0,0.8781689492593769,0.0,0.3052933601610907,31
6,50,0.1,1.0,25,0,26,1.75,32,32,1,1.0,0.841019649448831,0.0,0.309070990975104,31
6,50,0.1,1.0,25,0,26,1.8,32,32,1,1.0,0.8149440746443657,0.0,0.3125829761296319,31
6,50,0.1,1.0,25,0,26,1.85,32,32,1,1.0,0.8019810443266346,0.0,0.3155929053435275,31
6,50,0.1,1.0,25,0,26,1.9000000000000001,32,32,1,1.0,0.7987730599694272,0.0,0.3177909690488451,31
6,50,0.1,1.0,25,0,26,1.9500000000000002,32,32,1,1.0,0.7989539945367836,0.0,0.31896371253106726,31
6,50,0.1,1.0,25,0,26,2.0,32,32,1,1.0,0.797147128875129,0.0,0.3191595986728508,31
6,50,0.1,1.0,25,1,27,0.0,32,32,1,1.0,2.141404136484463e-27,0.0,0.2397107370874561,1
6,50,0.1,1.0,25,1,27,0.05,32,32,1,1.0,9.97886769534278e-06,0.0,0.23987094368786538,31
6,50,0.1,1.0,25,1,27,0.1,32,32,1,1.0,0.00014976545355154783,0.0,0.2398057708701433,31
6,50,0.1,1.0,25,1,27,0.15000000000000002,32,32,1,1.0,0.0007661415863238904,0.0,0.23950019368869793,31
6,50,0.1,1.0,25,1,27,0.2,32,32,1,1.0,0.002438891406167627,0.0,0.23893606391094124,31
6,50,0.1,1.0,25,1,27,0.25,32,32,1,1.0,0.005835134416270511,0.0,0.23808824476142454,31
6,50,0.1,1.0,25,1,27,0.30000000000000004,32,32,1,1.0,0.011498957881614754,0.0,0.23692370174385302,31
6,50,0.1,1.0,25,1,27,0.35000000000000003,32,32,1,1.0,0.019673381859918116,0.0,0.23540506204262307,31
6,50,0.1,1.0,25,1,27,0.4,32,32,1,1.0,0.030141584612199776,0.0,0.23349431194920173,31
6,50,0.1,1.0,25,1,27,0.45,32,32,1,1.0,0.04212759582598072,0.0,0.23115226478901132,31
6,50,0.1,1.0,25,1,27,0.5,32,32,1,1.0,0.05450014433764362,0.0,0.22833998374231634,31
6,50,0.1,1.0,25,1,27,0.55,32,32,1,1.0,0.06656198164168196,0.0,0.225039235948415,31
6,50,0.1,1.0,25,1,27,0.6000000000000001,32,32,1,1.0,0.07943726285413431,0.0,0.22130400752988966,31
6,50,0.1,1.0,25,1,27,0.65,32,32,1,1.0,0.09762700448825755,0.0,0.21733095013791087,31
6,50,0.1,1.0,25,1,27,0.7000000000000001,32,32,1,1.0,0.12943295493006565,0.0,0.21350773797932057,31
6,50,0.1,1.0,25,1,27,0.75,32,32,1,1.0,0.18351533885802804,0.0,0.21038639587470254,31
6,50,0.1,1.0,25,1,27,0.8,32,32,1,1.0,0.26361661805500547,0.0,0.20855112385696287,31
6,50,0.1,1.0,25,1,27,0.8500000000000001,32,32,1,1.0,0.36588939503281204,0.0,0.2084055568355789,31
6,50,0.1,1.0,25,1,27,0.9,32,32,1,1.0,0.47975306215213126,0.0,0.20995843959558216,31
6,50,0.1,1.0,25,1,27,0.9500000000000001,32,32,1,1.0,0.5917761164582327,0.0,0.21270367852604266,31
6,50,0.1,1.0,25,1,27,1.0,32,32,1,1.0,0.690382650284164,0.0,0.21568216889110997,31
6,50,0.1,1.0,25,1,27,1.05,32,32,1,1.0,0.7691288444143196,0.0,0.2177902666042102,31
6,50,0.1,1.0,25,1,27,1.1,32,32,1,1.0,0.8273569783844223,0.0,0.21828905211765723,31
6,50,0.1,1.0,25,1,27,1.1500000000000001,32,32,1,1.0,0.8687940146831417,0.0,0.21724983572143083,31
6,50,0.1,1.0,25,1,27,1.2000000000000002,32,32,1,1.0,0.8998007288929611,0.0,0.21559752509259503,31
6,50,0.1,1.0,25,1,27,1.25,32,32,1,1.0,0.9282011116282685,0.0,0.21469693111646473,31
6,50,0.1,1.0,25,1,27,1.3,32,32,1,1.0,0.9611603960641761,0.0,0.21577374984117723,31
6,50,0.1,1.0,25,1,27,1.35,32,32,1,1.0,1.0001136628345488,0.0,0.21949481172793783,31
6,50,0.1,1.0,25,1,27,1.4000000000000001,32,32,1,1.0,1.0363820424800252,0.0,0.22584198482241505,31
6,50,0.1,1.0,25,1,27,1.4500000000000002,32,32,1,1.0,1.055134491145345,0.0,0.2342367446932885,31
6,50,0.1,1.0,25,1,27,1.5,32,32,1,1.0,1.0464847161410804,0.0,0.2437698944011561,31
6,50,0.1,1.0,25,1,27,1.55,32,32,1,1.0,1.0125899830023686,0.0,0.25341147418921545,31
6,50,0.1,1.0,25,1,27,1.6,32,32,1,1.0,0.9646746347561878,0.0,0.2622171722201163,31
6,50,0.1,1.0,25,1,27,1.6500000000000001,32,32,1,1.0,0.9153314688894623,0.0,0.2695852792990518,31
6,50,0.1,1.0,25,1,27,1.7000000000000002,32,32,1,1.0,0.8734007650775943,0.0,0.2754610370886905,31
6,50,0.1,1.0,25,1,27,1.75,32,32,1,1.0,0.8431849266300808,0.0,0.2802925309940453,31
6,50,0.1,1.0,25,1,27,1.8,32,32,1,1.0,0.8254138765528667,0.0,0.28467730371043215,31
6,50,0.1,1.0,25,1,27,1.85,32,32,1,1.0,0.8173739532436037,0.0,0.28888497519178363,31
6,50,0.1,1.0,25,1,27,1.9000000000000001,32,32,1,1.0,0.8132314225877808,0.0,0.2925905111483545,31
6,50,0.1,1.0,25,1,27,1.9500000000000002,32,32,1,1.0,0.8067494378835277,0.0,0.2950500477712885,31
6,50,0.1,1.0,25,1,27,2.0,32,32,1,1.0,0.7951118767576401,0.0,0.2956401152823327,31
6,50,0.1,1.0,25,2,28,0.0,32,32,1,1.0,2.141404136484463e-27,0.0,0.29069664847269183,1
6,50,0.1,1.0,25,2,28,0.05,32,32,1,1.0,1.1936249352892598e-05,0.0,0.2918954318597412,31
6,50,0.1,1.0,25,2,28,0.1,32,32,1,1.0,0.00015083787916511486,0.0,0.2929562062360395,31
6,50,0.1,1.0,25,2,28,0.15000000000000002,32,32,1,1.0,0.0006496762429079732,0.0,0.29387146006282583,31
6,50,0.1,1.0,25,2,28,0.2,32,32,1,1.0,0.001802083298590117,0.0,0.29460270865581994,31
6,50,0.1,1.0,25,2,28,0.25,32,32,1,1.0,0.003909360515742961,0.0,0.29507792756505746,31
6,50,0.1,1.0,25,2,28,0.30000000000000004,32,32,1,1.0,0.0072160113863769595,0.0,0.2951952354662379,31
6,50,0.1,1.0,25,2,28,0.35000000000000003,32,32,1,1.0,0.011829722788148839,0.0,0.29483014549152464,31
6,50,0.1,1.0,25,2,28,0.4,32,32,1,1.0,0.017637541510724917,0.0,0.29384174747770914,31
6,50,0.1,1.0,25,2,28,0.45,32,32,1,1.0,0.02430118468301131,0.0,0.292076379095212,31
6,50,0.1,1.0,25,2,28,0.5,32,32,1,1.0,0.03148071504279064,0.0,0.2893746935751372,31
6,50,0.1,1.0,25,2,28,0.55,32,32,1,1.0,0.03937689543484727,0.0,0.28559256390930676,31
6,50,0.1,1.0,25,2,28,0.6000000000000001,32,32,1,1.0,0.049480768382692684,0.0,0.2806413885861614,31
6,50,0.1,1.0,25,2,28,0.65,32,32,1,1.0,0.0651812823981851,0.0,0.27453974538685844,31
6,50,0.1,1.0,25,2,28,0.7000000000000001,32,32,1,1.0,0.09146049883792372,0.0,0.26745257672128164,31
6,50,0.1,1.0,25,2,28,0.75,32,32,1,1.0,0.13244287534437768,0.0,0.25968572222286984,31
6,50,0.1,1.0,25,2,28,0.8,32,32,1,1.0,0.18946137520183629,0.0,0.2516167545469261,31
6,50,0.1,1.0,25,2,28,0.8500000000000001,32,32,1,1.0,0.2605980696744557,0.0,0.2435822558483384,31
6,50,0.1,1.0,25,2,28,0.9,32,32,1,1.0,0.34097355888308717,0.0,0.2357829349001631,31
6,50,0.1,1.0,25,2,28,0.9500000000000001,32,32,1,1.0,0.42381376692225076,0.0,0.22827131172466864,31
6,50,0.1,1.0,25,2,28,1.0,32,32,1,1.0,0.5020532420168934,0.0,0.22103852562640885,31
6,50,0.1,1.0,25,2,28,1.05,32,32,1,1.0,0.5702538371554255,0.0,0.21414838447543325,31
6,50,0.1,1.0,25,2,28,1.1,32,32,1,1.0,0.6265662210634693,0.0,0.2078297815333316,31
6,50,0.1,1.0,25,2,28,1.1500000000000001,32,32,1,1.0,0.6741308154869514,0.0,0.20246503595190973,31
6,50,0.1,1.0,25,2,28,1.2000000000000002,32,32,1,1.0,0.720322662119672,0.0,0.1984815255122107,31
6,50,0.1,1.0,25,2,28,1.25,32,32,1,1.0,0.7719737741031417,0.0,0.19620964136313399,31
6,50,0.1,1.0,25,2,28,1.3,32,32,1,1.0,0.8282066884189584,0.0,0.19576315187158433,31
6,50,0.1,1.0,25,2,28,1.35,32,32,1,1.0,0.8774681089448294,0.0,0.19694871874054412,31
6,50,0.1,1.0,25,2,28,1.4000000000000001,32,32,1,1.0,0.9042277523235225,0.0,0.19922892529194314,31
6,50,0.1,1.0,25,2,28,1.4500000000000002,32,32,1,1.0,0.9012054336604958,0.0,0.20186745656068245,31
6,50,0.1,1.0,25,2,28,1.5,32,32,1,1.0,0.8753490867943042,0.0,0.2043109333079107,31
6,50,0.1,1.0,25,2,28,1.55,32,32,1,1.0,0.8419585258177106,0.0,0.20651761665637403,31
6,50,0.1,1.0,25,2,28,1.6,32,32,1,1.0,0.8146249079810644,0.0,0.20888354438332987,31
6,50,0.1,1.0,25,2,28,1.6500000000000001,32,32,1,1.0,0.8005596431617773,0.0,0.21182957109212322,31
6,50,0.1,1.0,25,2,28,1.7000000000000002,32,32,1,1.0,0.8014874628158308,0.0,0.2153763308546139,31
6,50,0.1,1.0,25,2,28,1.75,32,32,1,1.0,0.8156433756780788,0.0,0.21895201055459582,31
6,50,0.1,1.0,25,2,28,1.8,32,32,1,1.0,0.8382202259507916,0.0,0.22152581885293307,31
6,50,0.1,1.0,25,2,28,1.85,32,32,1,1.0,0.8609868432779668,0.0,0.22203045295833673,31
6,50,0.1,1.0,25,2,28,1.9000000000000001,32,32,1,1.0,0.8745957934485179,0.0,0.21992948743817872,31
6,50,0.1,1.0,25,2,28,1.9500000000000002,32,32,1,1.0,0.8738439615272853,0.0,0.215681572073568,31
6,50,0.1,1.0,25,2,28,2.0,32,32,1,1.0,0.8620045231164335,0.0,0.2107499055579585,31
6,50,0.1,1.0,25,3,29,0.0,32,32,1,1.0,2.141404136484463e-27,0.0,0.20624736356867104,1
6,50,0.1,1.0,25,3,29,0.05,32,32,1,1.0,7.65918563599274e-06,0.0,0.20523598380009372,31
6,50,0.1,1.0,25,3,29,0.1,32,32,1,1.0,0.0001325488256980218,0.0,0.20396089840595447,31
6,50,0.1,1.0,25,3,29,0.15000000000000002,32,32,1,1.0,0.0007449744178596952,0.0,0.20244264562913553,31
6,50,0.1,1.0,25,3,29,0.2,32,32,1,1.0,0.0024885277214818837,0.0,0.20069921572701185,31
6,50,0.1,1.0,25,3,29,0.25,32,32,1,1.0,0.006030530675790298,0.0,0.19874667803053583,31
6,50,0.1,1.0,25,3,29,0.30000000000000004,32,32,1,1.0,0.011700118361857836,0.0,0.19659589301938413,31
6,50,0.1,1.0,25,3,29,0.35000000000000003,32,32,1,1.0,0.01925020010702148,0.0,0.19424581027287804,31
6,50,0.1,1.0,25,3,29,0.4,32,32,1,1.0,0.02784241335695633,0.0,0.19167661857202734,31
6,50,0.1,1.0,25,3,29,0.45,32,32,1,1.0,0.036241127102745734,0.0,0.18884787475690373,31
6,50,0.1,1.0,25,3,29,0.5,32,32,1,1.0,0.04321107784751537,0.0,0.18570762010262779,31
6,50,0.1,1.0,25,3,29,0.55,32,32,1,1.0,0.048148924919554185,0.0,0.18221601220648118,31
6,50,0.1,1.0,25,3,29,0.6000000000000001,32,32,1,1.0,0.05196700827008077,0.0,0.1783799360385476,31
6,50,0.1,1.0,25,3,29,0.65,32,32,1,1.0,0.05816504769510249,0.0,0.1742850854884518,31
6,50,0.1,1.0,25,3,29,0.7000000000000001,32,32,1,1.0,0.07334874997889466,0.0,0.17010478650858019,31
6,50,0.1,1.0,25,3,29,0.75,32,32,1,1.0,0.10421762503026974,0.0,0.16606782425615504,31
6,50,0.1,1.0,25,3,29,0.8,32,32,1,1.0,0.15370040139927774,0.0,0.16238649720471265,31
6,50,0.1,1.0,25,3,29,0.8500000000000001,32,32,1,1.0,0.22007371707121107,0.0,0.15917469322149724,31
6,50,0.1,1.0,25,3,29,0.9,32,32,1,1.0,0.2975387066312413,0.0,0.15640172538462951,31
6,50,0.1,1.0,25,3,29,0.9500000000000001,32,32,1,1.0,0.378257553690866,0.0,0.15391289317512066,31
6,50,0.1,1.0,25,3,29,1.0,32,32,1,1.0,0.4549293077670498,0.0,0.15151243330192304,31
6,50,0.1,1.0,25,3,29,1.05,32,32,1,1.0,0.5227601954307102,0.0,0.14907429511903603,31
6,50,0.1,1.0,25,3,29,1.1,32,32,1,1.0,0.5803498872746069,0.0,0.14663460937289585,31
6,50,0.1,1.0,25,3,29,1.1500000000000001,32,32,1,1.0,0.6295412506508786,0.0,0.14442698755101901,31
6,50,0.1,1.0,25,3,29,1.2000000000000002,32,32,1,1.0,0.6736917322187428,0.0,0.14284034390353123,31
6,50,0.1,1.0,25,3,29,1.25,32,32,1,1.0,0.7141562556536311,0.0,0.14229686827156446,31
6,50,0.1,1.0,25,3,29,1.3,32,32,1,1.0,0.7479951118773212,0.0,0.1430687454391581,31
6,50,0.1,1.0,25,3,29,1.35,32,32,1,1.0,0.7704457385341182,0.0,0.14510143171590723,31
6,50,0.1,1.0,25,3,29,1.4000000000000001,32,32,1,1.0,0.7798524213143099,0.0,0.14798199047302102,31
6,50,0.1,1.0,25,3,29,1.4500000000000002,32,32,1,1.0,0.7795114294332839,0.0,0.15116467934132383,31
6,50,0.1,1.0,25,3,29,1.5,32,32,1,1.0,0.7755867844911886,0.0,0.15433204087604596,31
6,50,0.1,1.0,25,3,29,1.55,32,32,1,1.0,0.7745597109049287,0.0,0.15756468603548646,31
6,50,0.1,1.0,25,3,29,1.6,32,32,1,1.0,0.7817675545770075,0.0,0.16117787808182438,31
6,50,0.1,1.0,25,3,29,1.6500000000000001,32,32,1,1.0,0.8002014477669213,0.0,0.16543018716368993,31
6,50,0.1,1.0,25,3,29,1.7000000000000002,32,32,1,1.0,0.8291804208535902,0.0,0.17036015535945384,31
6,50,0.1,1.0,25,3,29,1.75,32,32,1,1.0,0.8644806976200906,0.0,0.1758018539055747,31
6,50,0.1,1.0,25,3,29,1.8,32,32,1,1.0,0.9007344238493765,0.0,0.18144985956872534,31
6,50,0.1,1.0,25,3,29,1.85,32,32,1,1.0,0.9332292842022024,0.0,0.18684656292538324,31
6,50,0.1,1.0,25,3,29,1.9000000000000001,32,32,1,1.0,0.9580445880027745,0.0,0.19134332238304202,31
6,50,0.1,1.0,25,3,29,1.9500000000000002,32,32,1,1.0,0.9723697057210505,0.0,0.1942334594294712,31
6,50,0.1,1.0,25,3,29,2.0,32,32,1,1.0,0.9754668687383974,0.0,0.19513332516272333,31
6,50,0.1,1.0,25,4,30,0.0,32,32,1,1.0,2.141404136484463e-27,0.0,0.15508860545183245,1
6,50,0.1,1.0,25,4,30,0.05,32,32,1,1.0,7.855400329423994e-06,0.0,0.1562763562343014,31
6,50,0.1,1.0,25,4,30,0.1,32,32,1,1.0,9.449092267807342e-05,0.0,0.15741619080632482,31
6,50,0.1,1.0,25,4,30,0.15000000000000002,32,32,1,1.0,0.0004140083582158156,0.0,0.1584831752690337,31
6,50,0.1,1.0,25,4,30,0.2,32,32,1,1.0,0.0012217667609545377,0.0,0.1594455789600083,31
6,50,0.1,1.0,25,4,30,0.25,32,32,1,1.0,0.002861065684961988,0.0,0.160267961927003,31
6,50,0.1,1.0,25,4,30,0.30000000000000004,32,32,1,1.0,0.005683417870305424,0.0,0.16091544196437413,31
6,50,0.1,1.0,25,4,30,0.35000000000000003,32,32,1,1.0,0.00994321956128354,0.0,0.161357880977576,31
6,50,0.1,1.0,25,4,30,0.4,32,32,1,1.0,0.015677320480906632,0.0,0.16157200731592886,31
6,50,0.1,1.0,25,4,30,0.45,32,32,1,1.0,0.02260296843943471,0.0,0.16154084024738033,31
6,50,0.1,1.0,25,4,30,0.5,32,32,1,1.0,0.030185667508018117,0.0,0.1612547760429189,31
6,50,0.1,1.0,25,4,30,0.55,32,32,1,1.0,0.03805438856345431,0.0,0.16072212278138903,31
6,50,0.1,1.0,25,4,30,0.6000000000000001,32,32,1,1.0,0.046724999391795446,0.0,0.15999062822203342,31
6,50,0.1,1.0,25,4,30,0.65,32,32,1,1.0,0.05821115953412012,0.0,0.15916578101063839,31
6,50,0.1,1.0,25,4,30,0.7000000000000001,32,32,1,1.0,0.07575578135078236,0.0,0.1584005994420069,31
6,50,0.1,1.0,25,4,30,0.75,32,32,1,1.0,0.1016948299422531,0.0,0.1578423815855163,31
6,50,0.1,1.0,25,4,30,0.8,32,32,1,1.0,0.1354066075009599,0.0,0.15755514086148661,31
6,50,0.1,1.0,25,4,30,0.8500000000000001,32,32,1,1.0,0.17375477055860913,0.0,0.15746572301590148,31
6,50,0.1,1.0,25,4,30,0.9,32,32,1,1.0,0.21255382571743553,0.0,0.15737375575733384,31
6,50,0.1,1.0,25,4,30,0.9500000000000001,32,32,1,1.0,0.2480365362995772,0.0,0.15702354296625404,31
6,50,0.1,1.0,25,4,30,1.0,32,32,1,1.0,0.277664873489148,0.0,0.1562049236102912,31
6,50,0.1,1.0,25,4,30,1.05,32,32,1,1.0,0.3006944359693656,0.0,0.1548579477185976,31
6,50,0.1,1.0,25,4,30,1.1,32,32,1,1.0,0.3194781553250853,0.0,0.15316864950959433,31
6,50,0.1,1.0,25,4,30,1.1500000000000001,32,32,1,1.0,0.3411233758387583,0.0,0.15161709987052052,31
6,50,0.1,1.0,25,4,30,1.2000000000000002,32,32,1,1.0,0.3759473920296194,0.0,0.15091221666418184,31
6,50,0.1,1.0,25,4,30,1.25,32,32,1,1.0,0.4304118689143796,0.0,0.15179993359464009,31
6,50,0.1,1.0,25,4,30,1.3,32,32,1,1.0,0.49957030078849407,0.0,0.15481955896358807,31
6,50,0.1,1.0,25,4,30,1.35,32,32,1,1.0,0.5674960637002497,0.0,0.16009800396208526,31
6,50,0.1,1.0,25,4,30,1.4000000000000001,32,32,1,1.0,0.6172876405615867,0.0,0.16726706450949017,31
6,50,0.1,1.0,25,4,30,1.4500000000000002,32,32,1,1.0,0.6422345845341746,0.0,0.17561295668644225,31
6,50,0.1,1.0,25,4,30,1.5,32,32,1,1.0,0.6485801563379857,0.0,0.18443082329175148,31
6,50,0.1,1.0,25,4,30,1.55,32,32,1,1.0,0.6497455199916702,0.0,0.19328561461052865,31
6,50,0.1,1.0,25,4,30,1.6,32,32,1,1.0,0.6586597184495014,0.0,0.2019084607893329,31
6,50,0.1,1.0,25,4,30,1.6500000000000001,32,32,1,1.0,0.6814296335513684,0.0,0.20984721474571166,31
6,50,0.1,1.0,25,4,30,1.7000000000000002,32,32,1,1.0,0.7138369443069214,0.0,0.21630942563056002,31
6,50,0.1,1.0,25,4,30,1.75,32,32,1,1.0,0.744762641475207,0.0,0.22053634708196007,31
6,50,0.1,1.0,25,4,30,1.8,32,32,1,1.0,0.7650535839012932,0.0,0.22244091011248004,31
6,50,0.1,1.0,25,4,30,1.85,32,32,1,1.0,0.7733280562394467,0.0,0.22275391477569773,31
6,50,0.1,1.0,25,4,30,1.9000000000000001,32,32,1,1.0,0.7733478639848684,0.0,0.22242068257694175,31
6,50,0.1,1.0,25,4,30,1.9500000000000002,32,32,1,1.0,0.7668474331089041,0.0,0.22191774555541025,31
6,50,0.1,1.0,25,4,30,2.0,32,32,1,1.0,0.7518224100108445,0.0,0.22120906317214956,31
6,50,0.1,1.0,25,5,31,0.0,32,32,1,1.0,2.141404136484463e-27,0.0,0.1503753733685514,1
6,50,0.1,1.0,25,5,31,0.05,32,32,1,1.0,7.201462227109719e-06,0.0,0.1506497260073425,31
6,50,0.1,1.0,25,5,31,0.1,32,32,1,1.0,0.0001079609415752583,0.0,0.15086734785011027,31
6,50,0.1,1.0,25,5,31,0.15000000000000002,32,32,1,1.0,0.000558108990814541,0.0,0.1510178099152597,31
6,50,0.1,1.0,25,5,31,0.2,32,32,1,1.0,0.001790157759009885,0.0,0.15107992424257402,31
6,50,0.1,1.0,25,5,31,0.25,32,32,1,1.0,0.004303830078260034,0.0,0.15102308952507157,31
6,50,0.1,1.0,25,5,31,0.30000000000000004,32,32,1,1.0,0.00853863098311544,0.0,0.15081265754120324,31
6,50,0.1,1.0,25,5,31,0.35000000000000003,32,32,1,1.0,0.014770412035142781,0.0,0.15041701093529009,31
6,50,0.1,1.0,25,5,31,0.4,32,32,1,1.0,0.022938720048262192,0.0,0.1498107626609822,31
6,50,0.1,1.0,25,5,31,0.45,32,32,1,1.0,0.032429868024525514,0.0,0.1489712610232177,31
6,50,0.1,1.0,25,5,31,0.5,32,32,1,1.0,0.04208259995888345,0.0,0.14787497219132467,31
6,50,0.1,1.0,25,5,31,0.55,32,32,1,1.0,0.05066107681526909,0.0,0.14650573462205066,31
6,50,0.1,1.0,25,5,31,0.6000000000000001,32,32,1,1.0,0.057713917979099666,0.0,0.14487833306445094,31
6,50,0.1,1.0,25,5,31,0.65,32,32,1,1.0,0.06443224256629576,0.0,0.14306321118078053,31
6,50,0.1,1.0,25,5,31,0.7000000000000001,32,32,1,1.0,0.07393517475582151,0.0,0.14118789122013944,31
6,50,0.1,1.0,25,5,31,0.75,32,32,1,1.0,0.08996604727074546,0.0,0.13939908980517215,31
6,50,0.1,1.0,25,5,31,0.8,32,32,1,1.0,0.1138971737374205,0.0,0.137795879024153,31
6,50,0.1,1.0,25,5,31,0.8500000000000001,32,32,1,1.0,0.14334364886763934,0.0,0.1363750853427469,31
6,50,0.1,1.0,25,5,31,0.9,32,32,1,1.0,0.17333259828919811,0.0,0.1350366108442374,31
6,50,0.1,1.0,25,5,31,0.9500000000000001,32,32,1,1.0,0.19873084848997946,0.0,0.13365806507916356,31
6,50,0.1,1.0,25,5,31,1.0,32,32,1,1.0,0.21643406887508804,0.0,0.13219405340503923,31
6,50,0.1,1.0,25,5,31,1.05,32,32,1,1.0,0.22685853692365415,0.0,0.13073867005004886,31
6,50,0.1,1.0,25,5,31,1.1,32,32,1,1.0,0.2347720909812411,0.0,0.12952249577753577,31
6,50,0.1,1.0,25,5,31,1.1500000000000001,32,32,1,1.0,0.24921606800542614,0.0,0.1288754842220367,31
6,50,0.1,1.0,25,5,31,1.2000000000000002,32,32,1,1.0,0.2812752408819377,0.0,0.12921409303112313,31
6,50,0.1,1.0,25,5,31,1.25,32,32,1,1.0,0.33758169277692096,0.0,0.13102542234333583,31
6,50,0.1,1.0,25,5,31,1.3,32,32,1,1.0,0.41250120208367946,0.0,0.1347024947659958,31
6,50,0.1,1.0,25,5,31,1.35,32,32,1,1.0,0.48828450879534,0.0,0.14019096127278854,31
6,50,0.1,1.0,25,5,31,1.4000000000000001,32,32,1,1.0,0.5468608736567031,0.0,0.14677614582178858,31
6,50,0.1,1.0,25,5,31,1.4500000000000002,32,32,1,1.0,0.5820750123993296,0.0,0.15342674963174202,31
6,50,0.1,1.0,25,5,31,1.5,32,32,1,1.0,0.6002876409018302,0.0,0.15946462837284714,31
6,50,0.1,1.0,25,5,31,1.55,32,32,1,1.0,0.613061553148516,0.0,0.1648414386930421,31
6,50,0.1,1.0,25,5,31,1.6,32,32,1,1.0,0.6312561835633987,0.0,0.16984234032421575,31
6,50,0.1,1.0,25,5,31,1.6500000000000001,32,32,1,1.0,0.6626866030007623,0.0,0.17466125729676701,31
6,50,0.1,1.0,25,5,31,1.7000000000000002,32,32,1,1.0,0.7103093914773935,0.0,0.17919429218710678,31
6,50,0.1,1.0,25,5,31,1.75,32,32,1,1.0,0.7702302175343402,0.0,0.18305246546102247,31
6,50,0.1,1.0,25,5,31,1.8,32,32,1,1.0,0.8324453947488399,0.0,0.18567952715832167,31
6,50,0.1,1.0,25,5,31,1.85,32,32,1,1.0,0.8853479708932712,0.0,0.1865536048090965,31
6,50,0.1,1.0,25,5,31,1.9000000000000001,32,32,1,1.0,0.9207416999804345,0.0,0.18550359665751143,31
6,50,0.1,1.0,25,5,31,1.9500000000000002,32,32,1,1.0,0.9363101430541458,0.0,0.18300226944238096,31
6,50,0.1,1.0,25,5,31,2.0,32,32,1,1.0,0.935654413101397,0.0,0.18012778208954747,31
6,50,0.1,1.0,25,6,32,0.0,32,32,1,1.0,2.141404136484463e-27,0.0,0.20179965449021808,1
6,50,0.1,1.0,25,6,32,0.05,32,32,1,1.0,1.0645283451421706e-05,0.0,0.1997102810037052,31
6,50,0.1,1.0,25,6,32,0.1,32,32,1,1.0,0.00019329155998270146,0.0,0.19733024753705092,31
6,50,0.1,1.0,25,6,32,0.15000000000000002,32,32,1,1.0,0.0010748983167058518,0.0,0.19474067405062867,31
6,50,0.1,1.0,25,6,32,0.2,32,32,1,1.0,0.003381317977074586,0.0,0.19202013624801498,31
6,50,0.1,1.0,25,6,32,0.25,32,32,1,1.0,0.0074325625842960544,0.0,0.1892281276048405,31
6,50,0.1,1.0,25,6,32,0.30000000000000004,32,32,1,1.0,0.012719022072620677,0.0,0.18639007036272684,31
6,50,0.1,1.0,25,6,32,0.35000000000000003,32,32,1,1.0,0.018135940858903462,0.0,0.18349902362185302,31
6,50,0.1,1.0,25,6,32,0.4,32,32,1,1.0,0.022637272682810926,0.0,0.1805352370204958,31
6,50,0.1,1.0,25,6,32,0.45,32,32,1,1.0,0.02572340547960859,0.0,0.1774865826980072,31
6,50,0.1,1.0,25,6,32,0.5,32,32,1,1.0,0.02749719859850726,0.0,0.17435429343319298,31
6,50,0.1,1.0,25,6,32,0.55,32,32,1,1.0,0.028495478892997715,0.0,0.1711475873578034,31
6,50,0.1,1.0,25,6,32,0.6000000000000001,32,32,1,1.0,0.0295976741996313,0.0,0.1678833676106355,31
6,50,0.1,1.0,25,6,32,0.65,32,32,1,1.0,0.032053544175184225,0.0,0.16459843309399338,31
6,50,0.1,1.0,25,6,32,0.7000000000000001,32,32,1,1.0,0.0373775777665914,0.0,0.16136227304851072,31
6,50,0.1,1.0,25,6,32,0.75,32,32,1,1.0,0.04660863120976666,0.0,0.15827002477795296,31
6,50,0.1,1.0,25,6,32,0.8,32,32,1,1.0,0.05939359938160956,0.0,0.15541046256653052,31
6,50,0.1,1.0,25,6,32,0.8500000000000001,32,32,1,1.0,0.07416813661380789,0.0,0.15283460724554482,31
6,50,0.1,1.0,25,6,32,0.9,32,32,1,1.0,0.08929699792650099,0.0,0.15056338589716042,31
6,50,0.1,1.0,25,6,32,0.9500000000000001,32,32,1,1.0,0.10472830207570724,0.0,0.14864157860976995,31
6,50,0.1,1.0,25,6,32,1.0,32,32,1,1.0,0.12320580244752681,0.0,0.14719965379370603,31
6,50,0.1,1.0,25,6,32,1.05,32,32,1,1.0,0.14964137690364063,0.0,0.14647661340065038,31
6,50,0.1,1.0,25,6,32,1.1,32,32,1,1.0,0.18753006483762183,0.0,0.14678749589067785,31
6,50,0.1,1.0,25,6,32,1.1500000000000001,32,32,1,1.0,0.23553763152786497,0.0,0.14845402081631506,31
6,50,0.1,1.0,25,6,32,1.2000000000000002,32,32,1,1.0,0.28929625791218205,0.0,0.15171973552733417,31
6,50,0.1,1.0,25,6,32,1.25,32,32,1,1.0,0.3448919802435359,0.0,0.15663675027533874,31
6,50,0.1,1.0,25,6,32,1.3,32,32,1,1.0,0.39834675932854263,0.0,0.16293072677783657,31
6,50,0.1,1.0,25,6,32,1.35,32,32,1,1.0,0.4445501836409234,0.0,0.16997034306315195,31
6,50,0.1,1.0,25,6,32,1.4000000000000001,32,32,1,1.0,0.4801419027535083,0.0,0.17698162556759323,31
6,50,0.1,1.0,25,6,32,1.4500000000000002,32,32,1,1.0,0.5061013576262392,0.0,0.18340979177736147,31
6,50,0.1,1.0,25,6,32,1.5,32,32,1,1.0,0.5261226794745316,0.0,0.18911497670946528,31
6,50,0.1,1.0,25,6,32,1.55,32,32,1,1.0,0.543120432334228,0.0,0.1942087010759204,31
6,50,0.1,1.0,25,6,32,1.6,32,32,1,1.0,0.5571788448555198,0.0,0.1987179832477481,31
6,50,0.1,1.0,25,6,32,1.6500000000000001,32,32,1,1.0,0.5661108663244454,0.0,0.20249085105732365,31
6,50,0.1,1.0,25,6,32,1.7000000000000002,32,32,1,1.0,0.5688031414328136,0.0,0.20548440286048816,31
6,50,0.1,1.0,25,6,32,1.75,32,32,1,1.0,0.5700101239501306,0.0,0.20806606812160253,31
6,50,0.1,1.0,25,6,32,1.8,32,32,1,1.0,0.5797125451733537,0.0,0.2108406618841742,31
6,50,0.1,1.0,25,6,32,1.85,32,32,1,1.0,0.6013231015645499,0.0,0.21403939540073938,31
6,50,0.1,1.0,25,6,32,1.9000000000000001,32,32,1,1.0,0.6236636139697879,0.0,0.21714124295492446,31
6,50,0.1,1.0,25,6,32,1.9500000000000002,32,32,1,1.0,0.6315697595575022,0.0,0.2192696109748813,31
6,50,0.1,1.0,25,6,32,2.0,32,32,1,1.0,0.619681530861294,0.0,0.22006051320900216,31
6,50,0.1,1.0,25,7,33,0.0,32,32,1,1.0,2.141404136484463e-27,0.0,0.153880389283907,1
6,50,0.1,1.0,25,7,33,0.05,32,32,1,1.0,1.0417046223289878e-05,0.0,0.15609559203594234,31
6,50,0.1,1.0,25,7,33,0.1,32,32,1,1.0,0.00018097776813315555,0.0,0.15827703670809887,31
6,50,0.1,1.0,25,7,33,0.15000000000000002,32,32,1,1.0,0.0009751242170325603,0.0,0.16043846241998008,31
6,50,0.1,1.0,25,7,33,0.2,32,32,1,1.0,0.00300375165276677,0.0,0.16257951632513762,31
6,50,0.1,1.0,25,7,33,0.25,32,32,1,1.0,0.006557265926062481,0.0,0.16467575690024644,31
6,50,0.1,1.0,25,7,33,0.30000000000000004,32,32,1,1.0,0.011363115361086737,0.0,0.16667241143963143,31
6,50,0.1,1.0,25,7,33,0.35000000000000003,32,32,1,1.0,0.016784573439039982,0.0,0.16848920553971022,31
6,50,0.1,1.0,25,7,33,0.4,32,32,1,1.0,0.02212177961431479,0.0,0.17003101746423,31
6,50,0.1,1.0,25,7,33,0.45,32,32,1,1.0,0.026701772141623534,0.0,0.1711940183744671,31
6,50,0.1,1.0,25,7,33,0.5,32,32,1,1.0,0.02989281211930847,0.0,0.17186867448788481,31
6,50,0.1,1.0,25,7,33,0.55,32,32,1,1.0,0.03133569791707727,0.0,0.17195105308401784,31
6,50,0.1,1.0,25,7,33,0.6000000000000001,32,32,1,1.0,0.03137083156423868,0.0,0.17136559061813983,31
6,50,0.1,1.0,25,7,33,0.65,32,32,1,1.0,0.03130123692676317,0.0,0.1700860464800826,31
6,50,0.1,1.0,25,7,33,0.7000000000000001,32,32,1,1.0,0.033073064984271636,0.0,0.16813719810757272,31
6,50,0.1,1.0,25,7,33,0.75,32,32,1,1.0,0.03806355642160839,0.0,0.16557335408042398,31
6,50,0.1,1.0,25,7,33,0.8,32,32,1,1.0,0.045853662173816444,0.0,0.16245167815502784,31
6,50,0.1,1.0,25,7,33,0.8500000000000001,32,32,1,1.0,0.055062691483818746,0.0,0.15883370528890536,31
6,50,0.1,1.0,25,7,33,0.9,32,32,1,1.0,0.06568143089412244,0.0,0.15483533355195186,31
6,50,0.1,1.0,25,7,33,0.9500000000000001,32,32,1,1.0,0.0812918753161531,0.0,0.15069899382135662,31
6,50,0.1,1.0,25,7,33,1.0,32,32,1,1.0,0.10905002412456245,0.0,0.1468198067319926,31
6,50,0.1,1.0,25,7,33,1.05,32,32,1,1.0,0.15509750585404203,0.0,0.14366519080247206,31
6,50,0.1,1.0,25,7,33,1.1,32,32,1,1.0,0.2180289183501196,0.0,0.1416024672628405,31
6,50,0.1,1.0,25,7,33,1.1500000000000001,32,32,1,1.0,0.28801938376657715,0.0,0.14075763159473345,31
6,50,0.1,1.0,25,7,33,1.2000000000000002,32,32,1,1.0,0.3527404451345147,0.0,0.14103298493353192,31
6,50,0.1,1.0,25,7,33,1.25,32,32,1,1.0,0.403012135835682,0.0,0.14224264549477947,31
6,50,0.1,1.0,25,7,33,1.3,32,32,1,1.0,0.4337019625539956,0.0,0.14420339335517035,31
6,50,0.1,1.0,25,7,33,1.35,32,32,1,1.0,0.44396549972573224,0.0,0.14672841311017099,31
6,50,0.1,1.0,25,7,33,1.4000000000000001,32,32,1,1.0,0.44023102480000575,0.0,0.14963323672076118,31
6,50,0.1,1.0,25,7,33,1.4500000000000002,32,32,1,1.0,0.43662622257316824,0.0,0.15281288440433977,31
6,50,0.1,1.0,25,7,33,1.5,32,32,1,1.0,0.4485681655245121,0.0,0.15627909976044213,31
6,50,0.1,1.0,25,7,33,1.55,32,32,1,1.0,0.4831922714109634,0.0,0.16005516556202465,31
6,50,0.1,1.0,25,7,33,1.6,32,32,1,1.0,0.5359377547998486,0.0,0.16400206531371697,31
6,50,0.1,1.0,25,7,33,1.6500000000000001,32,32,1,1.0,0.5951502267820598,0.0,0.16777531027909554,31
6,50,0.1,1.0,25,7,33,1.7000000000000002,32,32,1,1.0,0.6486331767415661,0.0,0.17102667683408662,31
6,50,0.1,1.0,25,7,33,1.75,32,32,1,1.0,0.68724896328505,0.0,0.17366204953966952,31
6,50,0.1,1.0,25,7,33,1.8,32,32,1,1.0,0.7043905671170625,0.0,0.17584108240853227,31
6,50,0.1,1.0,25,7,33,1.85,32,32,1,1.0,0.6967088469108358,0.0,0.17775155891845135,31
6,50,0.1,1.0,25,7,33,1.9000000000000001,32,32,1,1.0,0.6684608470669728,0.0,0.1794568834410787,31
6,50,0.1,1.0,25,7,33,1.9500000000000002,32,32,1,1.0,0.6313165636839281,0.0,0.18088223827785505,31
6,50,0.1,1.0,25,7,33,2.0,32,32,1,1.0,0.5960410267279271,0.0,0.181821510569791,31
6,50,0.1,1.0,25,8,34,0.0,32,32,1,1.0,2.141404136484463e-27,0.0,0.2430918370923384,1
6,50,0.1,1.0,25,8,34,0.05,32,32,1,1.0,5.603166163415194e-06,0.0,0.24491334160341002,31
6,50,0.1,1.0,25,8,34,0.1,32,32,1,1.0,9.545407839346914e-05,0.0,0.24633345074522311,31
6,50,0.1,1.0,25,8,34,0.15000000000000002,32,32,1,1.0,0.0004935241995917563,0.0,0.2473093478838117,31
6,50,0.1,1.0,25,8,34,0.2,32,32,1,1.0,0.0014562698797647288,0.0,0.2477976504537776,31
6,50,0.1,1.0,25,8,34,0.25,32,32,1,1.0,0.003059144800893914,0.0,0.24775231764833103,31
6,50,0.1,1.0,25,8,34,0.30000000000000004,32,32,1,1.0,0.0051516580461618,0.0,0.24712855919396773,31
6,50,0.1,1.0,25,8,34,0.35000000000000003,32,32,1,1.0,0.007522139653472838,0.0,0.24589258403023206,31
6,50,0.1,1.0,25,8,34,0.4,32,32,1,1.0,0.010044796305882517,0.0,0.24403001817606587,31
6,50,0.1,1.0,25,8,34,0.45,32,32,1,1.0,0.012644787541820711,0.0,0.2415469616379515,31
6,50,0.1,1.0,25,8,34,0.5,32,32,1,1.0,0.015175844707180818,0.0,0.23846562089400525,31
6,50,0.1,1.0,25,8,34,0.55,32,32,1,1.0,0.01741332157720872,0.0,0.23482178583914087,31
6,50,0.1,1.0,25,8,34,0.6000000000000001,32,32,1,1.0,0.01922822576013942,0.0,0.23066843788455388,31
6,50,0.1,1.0,25,8,34,0.65,32,32,1,1.0,0.020836533666401372,0.0,0.22608398618059272,31
6,50,0.1,1.0,25,8,34,0.7000000000000001,32,32,1,1.0,0.023012732240993934,0.0,0.221182439150952,31
6,50,0.1,1.0,25,8,34,0.75,32,32,1,1.0,0.027250029384853356,0.0,0.2161246797486953,31
6,50,0.1,1.0,25,8,34,0.8,32,32,1,1.0,0.0359326499972591,0.0,0.2111270174922558,31
6,50,0.1,1.0,25,8,34,0.8500000000000001,32,32,1,1.0,0.05225236533426943,0.0,0.2064552753556778,31
6,50,0.1,1.0,25,8,34,0.9,32,32,1,1.0,0.07935498122986603,0.0,0.20239075393778092,31
6,50,0.1,1.0,25,8,34,0.9500000000000001,32,32,1,1.0,0.1188214846249483,0.0,0.19916979905868049,31
6,50,0.1,1.0,25,8,34,1.0,32,32,1,1.0,0.16934907937368002,0.0,0.19693018885598892,31
6,50,0.1,1.0,25,8,34,1.05,32,32,1,1.0,0.22667044198241537,0.0,0.19571571542482627,31
6,50,0.1,1.0,25,8,34,1.1,32,32,1,1.0,0.28458155611051855,0.0,0.19554575058767834,31
6,50,0.1,1.0,25,8,34,1.1500000000000001,32,32,1,1.0,0.3359282556513026,0.0,0.1964629278083898,31
6,50,0.1,1.0,25,8,34,1.2000000000000002,32,32,1,1.0,0.3733032976748058,0.0,0.19845250776125928,31
6,50,0.1,1.0,25,8,34,1.25,32,32,1,1.0,0.3906381613208002,0.0,0.2012764153174762,31
6,50,0.1,1.0,25,8,34,1.3,32,32,1,1.0,0.3862869403943534,0.0,0.20445352101174627,31
6,50,0.1,1.0,25,8,34,1.35,32,32,1,1.0,0.36572721783793893,0.0,0.207528373522394,31
6,50,0.1,1.0,25,8,34,1.4000000000000001,32,32,1,1.0,0.34114894670141027,0.0,0.21040407574241876,31
6,50,0.1,1.0,25,8,34,1.4500000000000002,32,32,1,1.0,0.32657169481618586,0.0,0.2133699549765591,31
6,50,0.1,1.0,25,8,34,1.5,32,32,1,1.0,0.3304019352323793,0.0,0.2167644129666123,31
6,50,0.1,1.0,25,8,34,1.55,32,32,1,1.0,0.35216450033344165,0.0,0.22063123543017318,31
6,50,0.1,1.0,25,8,34,1.6,32,32,1,1.0,0.38585858150410846,0.0,0.22473718876201998,31
6,50,0.1,1.0,25,8,34,1.6500000000000001,32,32,1,1.0,0.4239000566760089,0.0,0.22883195114729446,31
6,50,0.1,1.0,25,8,34,1.7000000000000002,32,32,1,1.0,0.4579140186985536,0.0,0.23271082780865365,31
6,50,0.1,1.0,25,8,34,1.75,32,32,1,1.0,0.4791410853169884,0.0,0.23601018394972323,31
6,50,0.1,1.0,25,8,34,1.8,32,32,1,1.0,0.48175696980554716,0.0,0.238185755863195,31
6,50,0.1,1.0,25,8,34,1.85,32,32,1,1.0,0.4663420284295905,0.0,0.23888018050427967,31
6,50,0.1,1.0,25,8,34,1.9000000000000001,32,32,1,1.0,0.44020978950232803,0.0,0.2382248697705791,31
6,50,0.1,1.0,25,8,34,1.9500000000000002,32,32,1,1.0,0.41451244570925744,0.0,0.236635007611178,31
6,50,0.1,1.0,25,8,34,2.0,32,32,1,1.0,0.39842688856399133,0.0,0.23433850750533292,31
6,50,0.1,1.0,25,9,35,0.0,32,32,1,1.0,2.141404136484463e-27,0.0,0.19734870511815955,1
6,50,0.1,1.0,25,9,35,0.05,32,32,1,1.0,6.537832588563656e-06,0.0,0.19964850033774703,31
6,50,0.1,1.0,25,9,35,0.1,32,32,1,1.0,0.00010087799756595637,0.0,0.20173166773874282,31
6,50,0.1,1.0,25,9,35,0.15000000000000002,32,32,1,1.0,0.0005223752461827759,0.0,0.20352862907681987,31
6,50,0.1,1.0,25,9,35,0.2,32,32,1,1.0,0.0016091135055299073,0.0,0.20496225604624865,31
6,50,0.1,1.0,25,9,35,0.25,32,32,1,1.0,0.0035685315119089516,0.0,0.20594465874236867,31
6,50,0.1,1.0,25,9,35,0.30000000000000004,32,32,1,1.0,0.006330316080883071,0.0,0.2063788218590926,31
6,50,0.1,1.0,25,9,35,0.35000000000000003,32,32,1,1.0,0.009623358599071744,0.0,0.20616929908730966,31
6,50,0.1,1.0,25,9,35,0.4,32,32,1,1.0,0.013106733188502022,0.0,0.2052345427135492,31
6,50,0.1,1.0,25,9,35,0.45,32,32,1,1.0,0.016417950604700228,0.0,0.2035112491525118,31
6,50,0.1,1.0,25,9,35,0.5,32,32,1,1.0,0.019256203821346966,0.0,0.20095280558022197,31
6,50,0.1,1.0,25,9,35,0.55,32,32,1,1.0,0.021658825844933966,0.0,0.19753355738083106,31
6,50,0.1,1.0,25,9,35,0.6000000000000001,32,32,1,1.0,0.024430787475247698,0.0,0.1932678831135891,31
6,50,0.1,1.0,25,9,35,0.65,32,32,1,1.0,0.029527747636911836,0.0,0.1882450453887684,31
6,50,0.1,1.0,25,9,35,0.7000000000000001,32,32,1,1.0,0.04017568802168043,0.0,0.18266979116105597,31
6,50,0.1,1.0,25,9,35,0.75,32,32,1,1.0,0.06074385028953126,0.0,0.17687837146422117,31
6,50,0.1,1.0,25,9,35,0.8,32,32,1,1.0,0.09623909643387271,0.0,0.1712888538125443,31
6,50,0.1,1.0,25,9,35,0.8500000000000001,32,32,1,1.0,0.15058016432601543,0.0,0.16628349291387054,31
6,50,0.1,1.0,25,9,35,0.9,32,32,1,1.0,0.22396554925202217,0.0,0.16208685809662896,31
6,50,0.1,1.0,25,9,35,0.9500000000000001,32,32,1,1.0,0.31113664945287367,0.0,0.1587085083655106,31
6,50,0.1,1.0,25,9,35,1.0,32,32,1,1.0,0.40175918457959336,0.0,0.1559589942794374,31
6,50,0.1,1.0,25,9,35,1.05,32,32,1,1.0,0.48302627986363084,0.0,0.15351630868369695,31
6,50,0.1,1.0,25,9,35,1.1,32,32,1,1.0,0.5437916763504792,0.0,0.15103645712961467,31
6,50,0.1,1.0,25,9,35,1.1500000000000001,32,32,1,1.0,0.5782459166362364,0.0,0.14829355526199497,31
6,50,0.1,1.0,25,9,35,1.2000000000000002,32,32,1,1.0,0.5863627683230815,0.0,0.14527844253917727,31
6,50,0.1,1.0,25,9,35,1.25,32,32,1,1.0,0.5716124932091579,0.0,0.1421650090911926,31
6,50,0.1,1.0,25,9,35,1.3,32,32,1,1.0,0.5408932562597952,0.0,0.13916336135026128,31
6,50,0.1,1.0,25,9,35,1.35,32,32,1,1.0,0.5056986295485854,0.0,0.1364240545743977,31
6,50,0.1,1.0,25,9,35,1.4000000000000001,32,32,1,1.0,0.4788750922352748,0.0,0.13410827639663167,31
6,50,0.1,1.0,25,9,35,1.4500000000000002,32,32,1,1.0,0.47074904491672587,0.0,0.13251972819522315,31
6,50,0.1,1.0,25,9,35,1.5,32,32,1,1.0,0.48821421454551794,0.0,0.13207070585242456,31
6,50,0.1,1.0,25,9,35,1.55,32,32,1,1.0,0.5316860167312807,0.0,0.13295450544667312,31
6,50,0.1,1.0,25,9,35,1.6,32,32,1,1.0,0.5900796088095692,0.0,0.13470894578926576,31
6,50,0.1,1.0,25,9,35,1.6500000000000001,32,32,1,1.0,0.6445124241166981,0.0,0.1362270664035296,31
6,50,0.1,1.0,25,9,35,1.7000000000000002,32,32,1,1.0,0.679928743830412,0.0,0.13650038640494064,31
6,50,0.1,1.0,25,9,35,1.75,32,32,1,1.0,0.6911479469593661,0.0,0.13531056258964744,31
6,50,0.1,1.0,25,9,35,1.8,32,32,1,1.0,0.6805080035433066,0.0,0.13312268750090817,31
6,50,0.1,1.0,25,9,35,1.85,32,32,1,1.0,0.6544119446562209,0.0,0.13069900876700366,31
6,50,0.1,1.0,25,9,35,1.9000000000000001,32,32,1,1.0,0.6209259754495372,0.0,0.12888803302550017,31
6,50,0.1,1.0,25,9,35,1.9500000000000002,32,32,1,1.0,0.5866522072352787,0.0,0.12832031572570096,31
6,50,0.1,1.0,25,9,35,2.0,32,32,1,1.0,0.5551056303770336,0.0,0.1291023678251147,31
6,50,0.1,1.0,25,10,36,0.0,32,32,1,1.0,2.141404136484463e-27,0.0,0.26515020015159513,1
6,50,0.1,1.0,25,10,36,0.05,32,32,1,1.0,6.469825130401085e-06,0.0,0.2649480181498351,31
6,50,0.1,1.0,25,10,36,0.1,32,32,1,1.0,0.00013269713118402532,0.0,0.26436419944027445,31
6,50,0.1,1.0,25,10,36,0.15000000000000002,32,32,1,1.0,0.0007612714483441924,0.0,0.26338324358425574,31
6,50,0.1,1.0,25,10,36,0.2,32,32,1,1.0,0.002293815351777863,0.0,0.26199249852515016,31
6,50,0.1,1.0,25,10,36,0.25,32,32,1,1.0,0.004562308666625343,0.0,0.2601713287086427,31
6,50,0.1,1.0,25,10,36,0.30000000000000004,32,32,1,1.0,0.006724361764660382,0.0,0.2578869991907439,31
6,50,0.1,1.0,25,10,36,0.35000000000000003,32,32,1,1.0,0.007901364120980695,0.0,0.25511116789490856,31
6,50,0.1,1.0,25,10,36,0.4,32,32,1,1.0,0.007898106606362393,0.0,0.25184358211762026,31
6,50,0.1,1.0,25,10,36,0.45,32,32,1,1.0,0.007345741358041416,0.0,0.24811729924055145,31
6,50,0.1,1.0,25,10,36,0.5,32,32,1,1.0,0.007318179223376239,0.0,0.24398292547798425,31
6,50,0.1,1.0,25,10,36,0.55,32,32,1,1.0,0.008940133950901022,0.0,0.23949591746015986,31
6,50,0.1,1.0,25,10,36,0.6000000000000001,32,32,1,1.0,0.01321540894349372,0.0,0.2347268189719278,31
6,50,0.1,1.0,25,10,36,0.65,32,32,1,1.0,0.02113971002902423,0.0,0.22978871889437544,31
6,50,0.1,1.0,25,10,36,0.7000000000000001,32,32,1,1.0,0.034314542886158046,0.0,0.22485700177067328,31
6,50,0.1,1.0,25,10,36,0.75,32,32,1,1.0,0.055308323422808475,0.0,0.22015542137468225,31
6,50,0.1,1.0,25,10,36,0.8,32,32,1,1.0,0.08714964059377434,0.0,0.215899661953601,31
6,50,0.1,1.0,25,10,36,0.8500000000000001,32,32,1,1.0,0.1316065241964179,0.0,0.21221893854641566,31
6,50,0.1,1.0,25,10,36,0.9,32,32,1,1.0,0.1870460981036866,0.0,0.2090973286772991,31
6,50,0.1,1.0,25,10,36,0.9500000000000001,32,32,1,1.0,0.2477185668837888,0.0,0.20637365366591728,31
6,50,0.1,1.0,25,10,36,1.0,32,32,1,1.0,0.30524643014238506,0.0,0.20381311224676665,31
6,50,0.1,1.0,25,10,36,1.05,32,32,1,1.0,0.351035039188505,0.0,0.20122065685444693,31
6,50,0.1,1.0,25,10,36,1.1,32,32,1,1.0,0.37811288927053455,0.0,0.19853106843954327,31
6,50,0.1,1.0,25,10,36,1.1500000000000001,32,32,1,1.0,0.3828777365223853,0.0,0.19581299942987465,31
6,50,0.1,1.0,25,10,36,1.2000000000000002,32,32,1,1.0,0.3674235078225455,0.0,0.19315959934608257,31
6,50,0.1,1.0,25,10,36,1.25,32,32,1,1.0,0.3400072739268833,0.0,0.19052889633963346,31
6,50,0.1,1.0,25,10,36,1.3,32,32,1,1.0,0.3112854052008911,0.0,0.18770713763808278,31
6,50,0.1,1.0,25,10,36,1.35,32,32,1,1.0,0.2898423478163296,0.0,0.1845002181015444,31
6,50,0.1,1.0,25,10,36,1.4000000000000001,32,32,1,1.0,0.28117364492922026,0.0,0.18100405610892997,31
6,50,0.1,1.0,25,10,36,1.4500000000000002,32,32,1,1.0,0.28716240395837334,0.0,0.17766071364625372,31
6,50,0.1,1.0,25,10,36,1.5,32,32,1,1.0,0.30487810985199326,0.0,0.1750015814546965,31
6,50,0.1,1.0,25,10,36,1.55,32,32,1,1.0,0.329366599044152,0.0,0.1733616399407893,31
6,50,0.1,1.0,25,10,36,1.6,32,32,1,1.0,0.35676384632931507,0.0,0.1728507578914425,31
6,50,0.1,1.0,25,10,36,1.6500000000000001,32,32,1,1.0,0.38274339954920367,0.0,0.17345054204456908,31
6,50,0.1,1.0,25,10,36,1.7000000000000002,32,32,1,1.0,0.40019067494477467,0.0,0.17496823289225913,31
6,50,0.1,1.0,25,10,36,1.75,32,32,1,1.0,0.4024812265106271,0.0,0.17693978393350152,31
6,50,0.1,1.0,25,10,36,1.8,32,32,1,1.0,0.3892594293687864,0.0,0.17880675460643422,31
6,50,0.1,1.0,25,10,36,1.85,32,32,1,1.0,0.3674329096081833,0.0,0.18029202557029075,31
6,50,0.1,1.0,25,10,36,1.9000000000000001,32,32,1,1.0,0.346501122935335,0.0,0.18149687226966651,31
6,50,0.1,1.0,25,10,36,1.9500000000000002,32,32,1,1.0,0.33172924027272677,0.0,0.18258294986586504,31
6,50,0.1,1.0,25,10,36,2.0,32,32,1,1.0,0.32251781965508647,0.0,0.18349823219071237,31
6,50,0.1,1.0,25,11,37,0.0,32,32,1,1.0,2.141404136484463e-27,0.0,0.24305391106320787,1
6,50,0.1,1.0,25,11,37,0.05,32,32,1,1.0,6.077187208099747e-06,0.0,0.2457255596008056,31
6,50,0.1,1.0,25,11,37,0.1,32,32,1,1.0,0.00010645870176836781,0.0,0.2481040849199438,31
6,50,0.1,1.0,25,11,37,0.15000000000000002,32,32,1,1.0,0.0005559821868240788,0.0,0.2500918853710032,31
6,50,0.1,1.0,25,11,37,0.2,32,32,1,1.0,0.0015636338346015574,0.0,0.25158343953758255,31
6,50,0.1,1.0,25,11,37,0.25,32,32,1,1.0,0.0029587438472761067,0.0,0.25246368022368915,31
6,50,0.1,1.0,25,11,37,0.30000000000000004,32,32,1,1.0,0.004295013875689992,0.0,0.25261718304035874,31
6,50,0.1,1.0,25,11,37,0.35000000000000003,32,32,1,1.0,0.005329716284717347,0.0,0.25194812924046717,31
6,50,0.1,1.0,25,11,37,0.4,32,32,1,1.0,0.0063367373214174485,0.0,0.25039314702882803,31
6,50,0.1,1.0,25,11,37,0.45,32,32,1,1.0,0.008051769634624879,0.0,0.24791683082370272,31
6,50,0.1,1.0,25,11,37,0.5,32,32,1,1.0,0.011525200759456256,0.0,0.24450446053290723,31
6,50,0.1,1.0,25,11,37,0.55,32,32,1,1.0,0.018130936327716344,0.0,0.2401765689514755,31
6,50,0.1,1.0,25,11,37,0.6000000000000001,32,32,1,1.0,0.029638464144434096,0.0,0.23503181387103395,31
6,50,0.1,1.0,25,11,37,0.65,32,32,1,1.0,0.04817102395889077,0.0,0.229291393881701,31
6,50,0.1,1.0,25,11,37,0.7000000000000001,32,32,1,1.0,0.07591759789765824,0.0,0.223295068216206,31
6,50,0.1,1.0,25,11,37,0.75,32,32,1,1.0,0.1145253109212081,0.0,0.21741608695924608,31
6,50,0.1,1.0,25,11,37,0.8,32,32,1,1.0,0.16424220010988114,0.0,0.21192762670328102,31
6,50,0.1,1.0,25,11,37,0.8500000000000001,32,32,1,1.0,0.22310104768632635,0.0,0.2069075722042816,31
6,50,0.1,1.0,25,11,37,0.9,32,32,1,1.0,0.2865329400019183,0.0,0.20224161262413115,31
6,50,0.1,1.0,25,11,37,0.9500000000000001,32,32,1,1.0,0.347654019109741,0.0,0.1977115564816974,31
6,50,0.1,1.0,25,11,37,1.0,32,32,1,1.0,0.39823257809331825,0.0,0.19312126848770056,31
6,50,0.1,1.0,25,11,37,1.05,32,32,1,1.0,0.4300402478505459,0.0,0.18841453746888626,31
6,50,0.1,1.0,25,11,37,1.1,32,32,1,1.0,0.4365589495418506,0.0,0.18373024566601895,31
6,50,0.1,1.0,25,11,37,1.1500000000000001,32,32,1,1.0,0.4156449391773045,0.0,0.17933723044942973,31
6,50,0.1,1.0,25,11,37,1.2000000000000002,32,32,1,1.0,0.3726418710388825,0.0,0.17545763132841843,31
6,50,0.1,1.0,25,11,37,1.25,32,32,1,1.0,0.32067190668533296,0.0,0.17211635567504613,31
6,50,0.1,1.0,25,11,37,1.3,32,32,1,1.0,0.275920879090922,0.0,0.16918101130276644,31
6,50,0.1,1.0,25,11,37,1.35,32,32,1,1.0,0.25167148913555326,0.0,0.16656933802544366,31
6,50,0.1,1.0,25,11,37,1.4000000000000001,32,32,1,1.0,0.2548590666988633,0.0,0.16440999502883177,31
6,50,0.1,1.0,25,11,37,1.4500000000000002,32,32,1,1.0,0.28359804870507077,0.0,0.1629854342515148,31
6,50,0.1,1.0,25,11,37,1.5,32,32,1,1.0,0.32792644925948344,0.0,0.16249863843495346,31
6,50,0.1,1.0,25,11,37,1.55,32,32,1,1.0,0.3746012852676168,0.0,0.16288280428812105,31
6,50,0.1,1.0,25,11,37,1.6,32,32,1,1.0,0.4115745568862647,0.0,0.16385498804767673,31
6,50,0.1,1.0,25,11,37,1.6500000000000001,32,32,1,1.0,0.4307517650726876,0.0,0.16518132320291862,31
6,50,0.1,1.0,25,11,37,1.7000000000000002,32,32,1,1.0,0.42900264225688495,0.0,0.1668879624071099,31
6,50,0.1,1.0,25,11,37,1.75,32,32,1,1.0,0.40865665014389757,0.0,0.16920203711444673,31
6,50,0.1,1.0,25,11,37,1.8,32,32,1,1.0,0.37714754935470723,0.0,0.17225745966616277,31
6,50,0.1,1.0,25,11,37,1.85,32,32,1,1.0,0.34392790688051295,0.0,0.17580941461012017,31
6,50,0.1,1.0,25,11,37,1.9000000000000001,32,32,1,1.0,0.3178279438427676,0.0,0.17926523711714834,31
6,50,0.1,1.0,25,11,37,1.9500000000000002,32,32,1,1.0,0.30685156035875094,0.0,0.18204662250141102,31
6,50,0.1,1.0,25,11,37,2.0,32,32,1,1.0,0.3140255938375589,0.0,0.18392022143822026,31
6,50,0.1,1.0,25,12,38,0.0,32,32,1,1.0,2.141404136484463e-27,0.0,0.2120238971742557,1
6,50,0.1,1.0,25,12,38,0.05,32,32,1,1.0,1.0435959981304879e-05,0.0,0.21208956347130023,31
6,50,0.1,1.0,25,12,38,0.1,32,32,1,1.0,0.000192125715898722,0.0,0.21189880444882508,31
6,50,0.1,1.0,25,12,38,0.15000000000000002,32,32,1,1.0,0.0009110616168866201,0.0,0.211449714925806,31
6,50,0.1,1.0,25,12,38,0.2,32,32,1,1.0,0.002191211297204231,0.0,0.21073302475390027,31
6,50,0.1,1.0,25,12,38,0.25,32,32,1,1.0,0.003477812384672065,0.0,0.20972180786575229,31
6,50,0.1,1.0,25,12,38,0.30000000000000004,32,32,1,1.0,0.004376267790353846,0.0,0.20838013056668145,31
6,50,0.1,1.0,25,12,38,0.35000000000000003,32,32,1,1.0,0.005298185086283716,0.0,0.20667582373855076,31
6,50,0.1,1.0,25,12,38,0.4,32,32,1,1.0,0.007087873523446567,0.0,0.20457546649529473,31
6,50,0.1,1.0,25,12,38,0.45,32,32,1,1.0,0.010265794737112059,0.0,0.20203763432173077,31
6,50,0.1,1.0,25,12,38,0.5,32,32,1,1.0,0.015127686674359661,0.0,0.19903145634107752,31
6,50,0.1,1.0,25,12,38,0.55,32,32,1,1.0,0.02259111030521211,0.0,0.1955750341121939,31
6,50,0.1,1.0,25,12,38,0.6000000000000001,32,32,1,1.0,0.03465051494429039,0.0,0.19176009209583003,31
6,50,0.1,1.0,25,12,38,0.65,32,32,1,1.0,0.053923365162812306,0.0,0.1877360008335912,31
6,50,0.1,1.0,25,12,38,0.7000000000000001,32,32,1,1.0,0.0826107404873414,0.0,0.18365827488598124,31
6,50,0.1,1.0,25,12,38,0.75,32,32,1,1.0,0.12153446461856912,0.0,0.17963565395381703,31
6,50,0.1,1.0,25,12,38,0.8,32,32,1,1.0,0.16948280623227027,0.0,0.17570595232215583,31
6,50,0.1,1.0,25,12,38,0.8500000000000001,32,32,1,1.0,0.22273209293439483,0.0,0.17183506075103727,31
6,50,0.1,1.0,25,12,38,0.9,32,32,1,1.0,0.27508144334149925,0.0,0.16791771069378236,31
6,50,0.1,1.0,25,12,38,0.9500000000000001,32,32,1,1.0,0.3188859826460004,0.0,0.16379293289773147,31
6,50,0.1,1.0,25,12,38,1.0,32,32,1,1.0,0.34660178713039735,0.0,0.1593158432329725,31
6,50,0.1,1.0,25,12,38,1.05,32,32,1,1.0,0.3518949773969114,0.0,0.1544929101611221,31
6,50,0.1,1.0,25,12,38,1.1,32,32,1,1.0,0.33109577013696156,0.0,0.14962148781887594,31
6,50,0.1,1.0,25,12,38,1.1500000000000001,32,32,1,1.0,0.28695880269289853,0.0,0.14531438546853348,31
6,50,0.1,1.0,25,12,38,1.2000000000000002,32,32,1,1.0,0.23243525058277872,0.0,0.14228751741918186,31
6,50,0.1,1.0,25,12,38,1.25,32,32,1,1.0,0.18698370559702351,0.0,0.14099027132211137,31
6,50,0.1,1.0,25,12,38,1.3,32,32,1,1.0,0.16562806086219692,0.0,0.1414059386224422,31
6,50,0.1,1.0,25,12,38,1.35,32,32,1,1.0,0.17303956156395348,0.0,0.1432069441315357,31
6,50,0.1,1.0,25,12,38,1.4000000000000001,32,32,1,1.0,0.20594039412330503,0.0,0.1461007242799073,31
6,50,0.1,1.0,25,12,38,1.4500000000000002,32,32,1,1.0,0.256472194587115,0.0,0.15005322211796773,31
6,50,0.1,1.0,25,12,38,1.5,32,32,1,1.0,0.31346220778607137,0.0,0.1551663886805892,31
6,50,0.1,1.0,25,12,38,1.55,32,32,1,1.0,0.363207697268143,0.0,0.16137007344198376,31
6,50,0.1,1.0,25,12,38,1.6,32,32,1,1.0,0.3936120637588908,0.0,0.16837141897905908,31
6,50,0.1,1.0,25,12,38,1.6500000000000001,32,32,1,1.0,0.39855661309469925,0.0,0.17589475814469624,31
6,50,0.1,1.0,25,12,38,1.7000000000000002,32,32,1,1.0,0.3809954360213297,0.0,0.18373919141319278,31
6,50,0.1,1.0,25,12,38,1.75,32,32,1,1.0,0.35194993580743067,0.0,0.1915421806948207,31
6,50,0.1,1.0,25,12,38,1.8,32,32,1,1.0,0.3235068453215096,0.0,0.19877771877029185,31
6,50,0.1,1.0,25,12,38,1.85,32,32,1,1.0,0.30279005937525255,0.0,0.20513576602376404,31
6,50,0.1,1.0,25,12,38,1.9000000000000001,32,32,1,1.0,0.29179077874220805,0.0,0.21075415446556034,31
6,50,0.1,1.0,25,12,38,1.9500000000000002,32,32,1,1.0,0.2892951519575586,0.0,0.21602407086858524,31
6,50,0.1,1.0,25,12,38,2.0,32,32,1,1.0,0.29131493431787653,0.0,0.2212135307294488,31
6,50,0.1,1.0,25,13,39,0.0,32,32,1,1.0,2.141404136484463e-27,0.0,0.2803759666707843,1
6,50,0.1,1.0,25,13,39,0.05,32,32,1,1.0,5.4390966384247566e-06,0.0,0.2780327124889996,31
6,50,0.1,1.0,25,13,39,0.1,32,32,1,1.0,8.866460584827872e-05,0.0,0.2750730035995306,31
6,50,0.1,1.0,25,13,39,0.15000000000000002,32,32,1,1.0,0.000415194980804425,0.0,0.27156932023142133,31
6,50,0.1,1.0,25,13,39,0.2,32,32,1,1.0,0.0010463184394072823,0.0,0.267585435215686,31
6,50,0.1,1.0,25,13,39,0.25,32,32,1,1.0,0.0020238335318042457,0.0,0.2631724179598863,31
6,50,0.1,1.0,25,13,39,0.30000000000000004,32,32,1,1.0,0.0037136627950743067,0.0,0.25836792719884116,31
6,50,0.1,1.0,25,13,39,0.35000000000000003,32,32,1,1.0,0.00659259305765524,0.0,0.2531912950186317,31
6,50,0.1,1.0,25,13,39,0.4,32,32,1,1.0,0.01076990096775006,0.0,0.2476428240715486,31
6,50,0.1,1.0,25,13,39,0.45,32,32,1,1.0,0.016146210314152566,0.0,0.2417265875622129,31
6,50,0.1,1.0,25,13,39,0.5,32,32,1,1.0,0.02312768676194392,0.0,0.23548981146780304,31
6,50,0.1,1.0,25,13,39,0.55,32,32,1,1.0,0.03302011847054432,0.0,0.2290438055939862,31
6,50,0.1,1.0,25,13,39,0.6000000000000001,32,32,1,1.0,0.04754688884061882,0.0,0.22253796248363353,31
6,50,0.1,1.0,25,13,39,0.65,32,32,1,1.0,0.06780627029387326,0.0,0.21609414054813766,31
6,50,0.1,1.0,25,13,39,0.7000000000000001,32,32,1,1.0,0.09342566687000349,0.0,0.2097417925867755,31
6,50,0.1,1.0,25,13,39,0.75,32,32,1,1.0,0.12236983049762602,0.0,0.20339804415013746,31
6,50,0.1,1.0,25,13,39,0.8,32,32,1,1.0,0.151260255893216,0.0,0.19690884340804088,31
6,50,0.1,1.0,25,13,39,0.8500000000000001,32,32,1,1.0,0.17593948625379255,0.0,0.19013079296345956,31
6,50,0.1,1.0,25,13,39,0.9,32,32,1,1.0,0.19226626909379635,0.0,0.18301956699527078,31
6,50,0.1,1.0,25,13,39,0.9500000000000001,32,32,1,1.0,0.19721143358751125,0.0,0.1757039624624867,31
6,50,0.1,1.0,25,13,39,1.0,32,32,1,1.0,0.19022354140867556,0.0,0.16853000217691652,31
6,50,0.1,1.0,25,13,39,1.05,32,32,1,1.0,0.1746044537320653,0.0,0.16202229905897086,31
6,50,0.1,1.0,25,13,39,1.1,32,32,1,1.0,0.15750934404754743,0.0,0.1566739146401075,31
6,50,0.1,1.0,25,13,39,1.1500000000000001,32,32,1,1.0,0.14639341758793137,0.0,0.15259268846454244,31
6,50,0.1,1.0,25,13,39,1.2000000000000002,32,32,1,1.0,0.1441097396801604,0.0,0.1493221310368837,31
6,50,0.1,1.0,25,13,39,1.25,32,32,1,1.0,0.14909070091140067,0.0,0.14616919017144966,31
6,50,0.1,1.0,25,13,39,1.3,32,32,1,1.0,0.16152069498822863,0.0,0.14284450861794543,31
6,50,0.1,1.0,25,13,39,1.35,32,32,1,1.0,0.18956230193237555,0.0,0.13985708913344536,31
6,50,0.1,1.0,25,13,39,1.4000000000000001,32,32,1,1.0,0.24513862234038525,0.0,0.1383024130000979,31
6,50,0.1,1.0,25,13,39,1.4500000000000002,32,32,1,1.0,0.3257747104389284,0.0,0.13903989891509175,31
6,50,0.1,1.0,25,13,39,1.5,32,32,1,1.0,0.40740942372722777,0.0,0.14178560466508303,31
6,50,0.1,1.0,25,13,39,1.55,32,32,1,1.0,0.46164520259371067,0.0,0.1450953953097188,31
6,50,0.1,1.0,25,13,39,1.6,32,32,1,1.0,0.47316273306232076,0.0,0.1475187048735779,31
6,50,0.1,1.0,25,13,39,1.6500000000000001,32,32,1,1.0,0.4448548575115749,0.0,0.14876135168301577,31
6,50,0.1,1.0,25,13,39,1.7000000000000002,32,32,1,1.0,0.39657045018207415,0.0,0.14952130300666888,31
6,50,0.1,1.0,25,13,39,1.75,32,32,1,1.0,0.3523991382136555,0.0,0.15033197564756975,31
6,50,0.1,1.0,25,13,39,1.8,32,32,1,1.0,0.3242688869305398,0.0,0.15098704800642723,31
6,50,0.1,1.0,25,13,39,1.85,32,32,1,1.0,0.31083152580840534,0.0,0.15095881786398616,31
6,50,0.1,1.0,25,13,39,1.9000000000000001,32,32,1,1.0,0.305392796928567,0.0,0.14998267543205188,31
6,50,0.1,1.0,25,13,39,1.9500000000000002,32,32,1,1.0,0.3001524171226816,0.0,0.14831166363304016,31
6,50,0.1,1.0,25,13,39,2.0,32,32,1,1.0,0.2884044363962482,0.0,0.14661950217706682,31
6,50,0.1,1.0,25,14,40,0.0,32,32,1,1.0,2.141404136484463e-27,0.0,0.29026192671887635,1
6,50,0.1,1.0,25,14,40,0.05,32,32,1,1.0,9.550542370307135e-06,0.0,0.2902489888766006,31
6,50,0.1,1.0,25,14,40,0.1,32,32,1,1.0,0.00013801801033460538,0.0,0.28984510922850304,31
6,50,0.1,1.0,25,14,40,0.15000000000000002,32,32,1,1.0,0.0004586086620306718,0.0,0.2890288022239736,31
6,50,0.1,1.0,25,14,40,0.2,32,32,1,1.0,0.001155182444152738,0.0,0.28777536912713164,31
6,50,0.1,1.0,25,14,40,0.25,32,32,1,1.0,0.0026835730504187385,0.0,0.2860706307950023,31
6,50,0.1,1.0,25,14,40,0.30000000000000004,32,32,1,1.0,0.005274068267058269,0.0,0.28389785744688467,31
6,50,0.1,1.0,25,14,40,0.35000000000000003,32,32,1,1.0,0.008515417286805042,0.0,0.281213796434781,31
6,50,0.1,1.0,25,14,40,0.4,32,32,1,1.0,0.011507590420217076,0.0,0.2779400866005087,31
6,50,0.1,1.0,25,14,40,0.45,32,32,1,1.0,0.013482375145578193,0.0,0.27398448886753024,31
6,50,0.1,1.0,25,14,40,0.5,32,32,1,1.0,0.014501119874627816,0.0,0.26928181032174003,31
6,50,0.1,1.0,25,14,40,0.55,32,32,1,1.0,0.015802519751791876,0.0,0.26382854859246224,31
6,50,0.1,1.0,25,14,40,0.6000000000000001,32,32,1,1.0,0.01943697719451122,0.0,0.2576899713132922,31
6,50,0.1,1.0,25,14,40,0.65,32,32,1,1.0,0.02713736510586815,0.0,0.2509764707531242,31
6,50,0.1,1.0,25,14,40,0.7000000000000001,32,32,1,1.0,0.039262372298554844,0.0,0.2438021644289914,31
6,50,0.1,1.0,25,14,40,0.75,32,32,1,1.0,0.0546969594756829,0.0,0.23624567062059346,31
6,50,0.1,1.0,25,14,40,0.8,32,32,1,1.0,0.07133120790712046,0.0,0.22833222711970813,31
6,50,0.1,1.0,25,14,40,0.8500000000000001,32,32,1,1.0,0.08659959379920862,0.0,0.2200509577409788,31
6,50,0.1,1.0,25,14,40,0.9,32,32,1,1.0,0.0979729808710469,0.0,0.21141098135855232,31
6,50,0.1,1.0,25,14,40,0.9500000000000001,32,32,1,1.0,0.1034378927025417,0.0,0.20252243063325276,31
6,50,0.1,1.0,25,14,40,1.0,32,32,1,1.0,0.10214082177162424,0.0,0.1936632025658273,31
6,50,0.1,1.0,25,14,40,1.05,32,32,1,1.0,0.09540738943667544,0.0,0.18526679769185678,31
6,50,0.1,1.0,25,14,40,1.1,32,32,1,1.0,0.08762246649049579,0.0,0.17778269802165794,31
6,50,0.1,1.0,25,14,40,1.1500000000000001,32,32,1,1.0,0.08515879241446861,0.0,0.1714739304735585,31
6,50,0.1,1.0,25,14,40,1.2000000000000002,32,32,1,1.0,0.09248640061978294,0.0,0.16632878461331363,31
6,50,0.1,1.0,25,14,40,1.25,32,32,1,1.0,0.10885845208143373,0.0,0.1621644694594114,31
6,50,0.1,1.0,25,14,40,1.3,32,32,1,1.0,0.12901394687881662,0.0,0.15880257620846563,31
6,50,0.1,1.0,25,14,40,1.35,32,32,1,1.0,0.14729804649309852,0.0,0.15617456688812187,31
6,50,0.1,1.0,25,14,40,1.4000000000000001,32,32,1,1.0,0.1621144544604384,0.0,0.15431283475855592,31
6,50,0.1,1.0,25,14,40,1.4500000000000002,32,32,1,1.0,0.17624269951780722,0.0,0.15326349226141778,31
6,50,0.1,1.0,25,14,40,1.5,32,32,1,1.0,0.19234861379661677,0.0,0.15300881410728914,31
6,50,0.1,1.0,25,14,40,1.55,32,32,1,1.0,0.2078697181217702,0.0,0.15347361561721334,31
6,50,0.1,1.0,25,14,40,1.6,32,32,1,1.0,0.21547515527237504,0.0,0.15459741512184969,31
6,50,0.1,1.0,25,14,40,1.6500000000000001,32,32,1,1.0,0.20999179195610718,0.0,0.15636765027430294,31
6,50,0.1,1.0,25,14,40,1.7000000000000002,32,32,1,1.0,0.1941054688243984,0.0,0.15875192986728678,31
6,50,0.1,1.0,25,14,40,1.75,32,32,1,1.0,0.1760822733301889,0.0,0.1616097144307962,31
6,50,0.1,1.0,25,14,40,1.8,32,32,1,1.0,0.16318920728208494,0.0,0.16469008386016007,31
6,50,0.1,1.0,25,14,40,1.85,32,32,1,1.0,0.15786442315225402,0.0,0.16771931974717655,31
6,50,0.1,1.0,25,14,40,1.9000000000000001,32,32,1,1.0,0.15798182324010074,0.0,0.17053312845924476,31
6,50,0.1,1.0,25,14,40,1.9500000000000002,32,32,1,1.0,0.15937998836259143,0.0,0.1731885373195388,31
6,50,0.1,1.0,25,14,40,2.0,32,32,1,1.0,0.15855299655546867,0.0,0.1759384719602102,31
6,50,0.1,1.0,25,15,41,0.0,32,32,1,1.0,2.141404136484463e-27,0.0,0.21453277347484095,1
6,50,0.1,1.0,25,15,41,0.05,32,32,1,1.0,1.3355811020885991e-05,0.0,0.21356405759969357,31
6,50,0.1,1.0,25,15,41,0.1,32,32,1,1.0,0.00015250287836500367,0.0,0.21242084101655456,31
6,50,0.1,1.0,25,15,41,0.15000000000000002,32,32,1,1.0,0.0006583440738630181,0.0,0.21112784322770667,31
6,50,0.1,1.0,25,15,41,0.2,32,32,1,1.0,0.0018692179822636004,0.0,0.20969931400790898,31
6,50,0.1,1.0,25,15,41,0.25,32,32,1,1.0,0.004004284711053087,0.0,0.2081349441931651,31
6,50,0.1,1.0,25,15,41,0.30000000000000004,32,32,1,1.0,0.006891921784420154,0.0,0.20641086546855464,31
6,50,0.1,1.0,25,15,41,0.35000000000000003,32,32,1,1.0,0.009892323781359789,0.0,0.20447223673152135,31
6,50,0.1,1.0,25,15,41,0.4,32,32,1,1.0,0.012182531784391373,0.0,0.2022368401152132,31
6,50,0.1,1.0,25,15,41,0.45,32,32,1,1.0,0.013324615190091326,0.0,0.1996132249479981,31
6,50,0.1,1.0,25,15,41,0.5,32,32,1,1.0,0.013788332427922694,0.0,0.19652491801205874,31
6,50,0.1,1.0,25,15,41,0.55,32,32,1,1.0,0.015006624612850076,0.0,0.19292594436355043,31
6,50,0.1,1.0,25,15,41,0.6000000000000001,32,32,1,1.0,0.01868619544652908,0.0,0.1887996790701162,31
6,50,0.1,1.0,25,15,41,0.65,32,32,1,1.0,0.025686673030698708,0.0,0.18414465783507533,31
6,50,0.1,1.0,25,15,41,0.7000000000000001,32,32,1,1.0,0.03547184583166788,0.0,0.17895497067015181,31
6,50,0.1,1.0,25,15,41,0.75,32,32,1,1.0,0.04641221326898925,0.0,0.17320251824334315,31
6,50,0.1,1.0,25,15,41,0.8,32,32,1,1.0,0.056329236581504884,0.0,0.16683453642439744,31
6,50,0.1,1.0,25,15,41,0.8500000000000001,32,32,1,1.0,0.06308267691297362,0.0,0.15980574688075772,31
6,50,0.1,1.0,25,15,41,0.9,32,32,1,1.0,0.06525562845415063,0.0,0.15214955545081635,31
6,50,0.1,1.0,25,15,41,0.9500000000000001,32,32,1,1.0,0.0628315579078955,0.0,0.14405549856705643,31
6,50,0.1,1.0,25,15,41,1.0,32,32,1,1.0,0.05777063771380536,0.0,0.13589012980951504,31
6,50,0.1,1.0,25,15,41,1.05,32,32,1,1.0,0.05431595542981066,0.0,0.128111666046388,31
6,50,0.1,1.0,25,15,41,1.1,32,32,1,1.0,0.05796476165308231,0.0,0.12110664414117854,31
6,50,0.1,1.0,25,15,41,1.1500000000000001,32,32,1,1.0,0.0720568842477252,0.0,0.1150777713698003,31
6,50,0.1,1.0,25,15,41,1.2000000000000002,32,32,1,1.0,0.0960260492349486,0.0,0.1100929964379541,31
6,50,0.1,1.0,25,15,41,1.25,32,32,1,1.0,0.1279270097869193,0.0,0.10623663226826631,31
6,50,0.1,1.0,25,15,41,1.3,32,32,1,1.0,0.16677770676744044,0.0,0.10369373826300274,31
6,50,0.1,1.0,25,15,41,1.35,32,32,1,1.0,0.2118164156707067,0.0,0.10266083592200331,31
6,50,0.1,1.0,25,15,41,1.4000000000000001,32,32,1,1.0,0.25939749710046817,0.0,0.10313813042167831,31
6,50,0.1,1.0,25,15,41,1.4500000000000002,32,32,1,1.0,0.3014087706870276,0.0,0.10482096661025143,31
6,50,0.1,1.0,25,15,41,1.5,32,32,1,1.0,0.32654929281825484,0.0,0.10727591683955424,31
6,50,0.1,1.0,25,15,41,1.55,32,32,1,1.0,0.324369180720812,0.0,0.11028650963273344,31
6,50,0.1,1.0,25,15,41,1.6,32,32,1,1.0,0.29300330037703815,0.0,0.11398467088363477,31
6,50,0.1,1.0,25,15,41,1.6500000000000001,32,32,1,1.0,0.24423638592479757,0.0,0.11857210975983867,31
6,50,0.1,1.0,25,15,41,1.7000000000000002,32,32,1,1.0,0.1962940283803856,0.0,0.12398494537895474,31
6,50,0.1,1.0,25,15,41,1.75,32,32,1,1.0,0.1614283893612071,0.0,0.12990650248245164,31
6,50,0.1,1.0,25,15,41,1.8,32,32,1,1.0,0.14170322389859002,0.0,0.13601345300804882,31
6,50,0.1,1.0,25,15,41,1.85,32,32,1,1.0,0.13183405971452097,0.0,0.14215406240996248,31
6,50,0.1,1.0,25,15,41,1.9000000000000001,32,32,1,1.0,0.12359676329191374,0.0,0.14835671329315392,31
6,50,0.1,1.0,25,15,41,1.9500000000000002,32,32,1,1.0,0.11110449897525969,0.0,0.15471873555059165,31
6,50,0.1,1.0,25,15,41,2.0,32,32,1,1.0,0.09450392176543534,0.0,0.16126713763433262,31
6,50,0.1,1.0,25,16,42,0.0,32,32,1,1.0,2.141404136484463e-27,0.0,0.2949924145700796,1
6,50,0.1,1.0,25,16,42,0.05,32,32,1,1.0,2.117631768192379e-06,0.0,0.29520826823204155,31
6,50,0.1,1.0,25,16,42,0.1,32,32,1,1.0,4.388526263825967e-05,0.0,0.2950036610448199,31
6,50,0.1,1.0,25,16,42,0.15000000000000002,32,32,1,1.0,0.000213057469415209,0.0,0.29435261679644986,31
6,50,0.1,1.0,25,16,42,0.2,32,32,1,1.0,0.0005555380967708609,0.0,0.2932261156831574,31
6,50,0.1,1.0,25,16,42,0.25,32,32,1,1.0,0.001045121491069339,0.0,0.29159277393461197,31
6,50,0.1,1.0,25,16,42,0.30000000000000004,32,32,1,1.0,0.0016117509378818938,0.0,0.2894204427760359,31
6,50,0.1,1.0,25,16,42,0.35000000000000003,32,32,1,1.0,0.00216787243371869,0.0,0.28667939490807803,31
6,50,0.1,1.0,25,16,42,0.4,32,32,1,1.0,0.0026401643321720203,0.0,0.28334702518474286,31
6,50,0.1,1.0,25,16,42,0.45,32,32,1,1.0,0.0030192403097260624,0.0,0.27941272214883606,31
6,50,0.1,1.0,25,16,42,0.5,32,32,1,1.0,0.0034058962634643756,0.0,0.2748803435958768,31
6,50,0.1,1.0,25,16,42,0.55,32,32,1,1.0,0.004008775692894197,0.0,0.26976677273926103,31
6,50,0.1,1.0,25,16,42,0.6000000000000001,32,32,1,1.0,0.0050647728294934665,0.0,0.2640979880902304,31
6,50,0.1,1.0,25,16,42,0.65,32,32,1,1.0,0.006707561319960542,0.0,0.25790639016368266,31
6,50,0.1,1.0,25,16,42,0.7000000000000001,32,32,1,1.0,0.008854281042498198,0.0,0.2512320171023274,31
6,50,0.1,1.0,25,16,42,0.75,32,32,1,1.0,0.011181821149711117,0.0,0.2441256546472462,31
6,50,0.1,1.0,25,16,42,0.8,32,32,1,1.0,0.013257164650257558,0.0,0.23664873264404082,31
6,50,0.1,1.0,25,16,42,0.8500000000000001,32,32,1,1.0,0.014837237581713356,0.0,0.22887082149348167,31
6,50,0.1,1.0,25,16,42,0.9,32,32,1,1.0,0.016187009526239013,0.0,0.22087652018604603,31
6,50,0.1,1.0,25,16,42,0.9500000000000001,32,32,1,1.0,0.018049742079189537,0.0,0.212787263378776,31
6,50,0.1,1.0,25,16,42,1.0,32,32,1,1.0,0.021027271054757418,0.0,0.20477235153523618,31
6,50,0.1,1.0,25,16,42,1.05,32,32,1,1.0,0.024914885129176775,0.0,0.19701075155956607,31
6,50,0.1,1.0,25,16,42,1.1,32,32,1,1.0,0.02913033943805553,0.0,0.18962433702479756,31
6,50,0.1,1.0,25,16,42,1.1500000000000001,32,32,1,1.0,0.03419776445715088,0.0,0.1826814200905039,31
6,50,0.1,1.0,25,16,42,1.2000000000000002,32,32,1,1.0,0.04227927656209856,0.0,0.17630697911415624,31
6,50,0.1,1.0,25,16,42,1.25,32,32,1,1.0,0.05539993663030075,0.0,0.1707519407949069,31
6,50,0.1,1.0,25,16,42,1.3,32,32,1,1.0,0.07291560880474064,0.0,0.1662420363845361,31
6,50,0.1,1.0,25,16,42,1.35,32,32,1,1.0,0.09102622986702182,0.0,0.16268583318671087,31
6,50,0.1,1.0,25,16,42,1.4000000000000001,32,32,1,1.0,0.10489997452950896,0.0,0.159641303571813,31
6,50,0.1,1.0,25,16,42,1.4500000000000002,32,32,1,1.0,0.11116813272765355,0.0,0.15681553026902442,31
6,50,0.1,1.0,25,16,42,1.5,32,32,1,1.0,0.10907642035532193,0.0,0.15466852227363506,31
6,50,0.1,1.0,25,16,42,1.55,32,32,1,1.0,0.10090986930763166,0.0,0.15420904720262127,31
6,50,0.1,1.0,25,16,42,1.6,32,32,1,1.0,0.09088242610267816,0.0,0.15586191184669154,31
6,50,0.1,1.0,25,16,42,1.6500000000000001,32,32,1,1.0,0.082374351357847,0.0,0.15882495148810502,31
6,50,0.1,1.0,25,16,42,1.7000000000000002,32,32,1,1.0,0.07715181043326237,0.0,0.1618404188929552,31
6,50,0.1,1.0,25,16,42,1.75,32,32,1,1.0,0.0759493645668076,0.0,0.1642167481987398,31
6,50,0.1,1.0,25,16,42,1.8,32,32,1,1.0,0.077965451227351,0.0,0.16599542109001153,31
6,50,0.1,1.0,25,16,42,1.85,32,32,1,1.0,0.08076713740115005,0.0,0.16753366724423305,31
6,50,0.1,1.0,25,16,42,1.9000000000000001,32,32,1,1.0,0.0817606034227503,0.0,0.16910951274873207,31
6,50,0.1,1.0,25,16,42,1.9500000000000002,32,32,1,1.0,0.07955195775403878,0.0,0.17076488113421012,31
6,50,0.1,1.0,25,16,42,2.0,32,32,1,1.0,0.07411131484557625,0.0,0.1723362305877538,31
6,50,0.1,1.0,25,17,43,0.0,32,32,1,1.0,2.141404136484463e-27,0.0,0.17549623467329678,1
6,50,0.1,1.0,25,17,43,0.05,32,32,1,1.0,2.0086846135600293e-06,0.0,0.17540604978414456,31
6,50,0.1,1.0,25,17,43,0.1,32,32,1,1.0,3.747722961635414e-05,0.0,0.1751636001610018,31
6,50,0.1,1.0,25,17,43,0.15000000000000002,32,32,1,1.0,0.0001966821314622442,0.0,0.17475351293057986,31
6,50,0.1,1.0,25,17,43,0.2,32,32,1,1.0,0.0005651547254923349,0.0,0.17414292202277057,31
6,50,0.1,1.0,25,17,43,0.25,32,32,1,1.0,0.0011603604635121536,0.0,0.17328314506411768,31
6,50,0.1,1.0,25,17,43,0.30000000000000004,32,32,1,1.0,0.0019572109057868466,0.0,0.17211539644231522,31
6,50,0.1,1.0,25,17,43,0.35000000000000003,32,32,1,1.0,0.0028950820880379725,0.0,0.17057701565787983,31
6,50,0.1,1.0,25,17,43,0.4,32,32,1,1.0,0.0038223425820942754,0.0,0.16860722021368996,31
6,50,0.1,1.0,25,17,43,0.45,32,32,1,1.0,0.004512279141344054,0.0,0.16615355070206334,31
6,50,0.1,1.0,25,17,43,0.5,32,32,1,1.0,0.004851244751160426,0.0,0.16317864183209993,31
6,50,0.1,1.0,25,17,43,0.55,32,32,1,1.0,0.005059763048550977,0.0,0.15966419798662945,31
6,50,0.1,1.0,25,17,43,0.6000000000000001,32,32,1,1.0,0.005684001084030499,0.0,0.15561047793332042,31
6,50,0.1,1.0,25,17,43,0.65,32,32,1,1.0,0.007318581560600078,0.0,0.15103558260320274,31
6,50,0.1,1.0,25,17,43,0.7000000000000001,32,32,1,1.0,0.010128431058995984,0.0,0.14598095377297765,31
6,50,0.1,1.0,25,17,43,0.75,32,32,1,1.0,0.01394251882204685,0.0,0.14052042181139082,31
6,50,0.1,1.0,25,17,43,0.8,32,32,1,1.0,0.019217520680324944,0.0,0.13475938863049006,31
6,50,0.1,1.0,25,17,43,0.8500000000000001,32,32,1,1.0,0.027256827404242002,0.0,0.12881744237204612,31
6,50,0.1,1.0,25,17,43,0.9,32,32,1,1.0,0.0393758687338956,0.0,0.1228092589403203,31
6,50,0.1,1.0,25,17,43,0.9500000000000001,32,32,1,1.0,0.05537609774889734,0.0,0.1168423477435052,31
6,50,0.1,1.0,25,17,43,1.0,32,32,1,1.0,0.07246639381190575,0.0,0.1110244782547134,31
6,50,0.1,1.0,25,17,43,1.05,32,32,1,1.0,0.0861337229877091,0.0,0.10545704229044475,31
6,50,0.1,1.0,25,17,43,1.1,32,32,1,1.0,0.0931357583039157,0.0,0.10021963654218831,31
6,50,0.1,1.0,25,17,43,1.1500000000000001,32,32,1,1.0,0.09414061500589084,0.0,0.0953917488361763,31
6,50,0.1,1.0,25,17,43,1.2000000000000002,32,32,1,1.0,0.0937007977006722,0.0,0.09112766739411686,31
6,50,0.1,1.0,25,17,43,1.25,32,32,1,1.0,0.09859332755835831,0.0,0.0876948838346708,31
6,50,0.1,1.0,25,17,43,1.3,32,32,1,1.0,0.11507847077672638,0.0,0.08532674739122328,31
6,50,0.1,1.0,25,17,43,1.35,32,32,1,1.0,0.14294055356599322,0.0,0.0839372630142496,31
6,50,0.1,1.0,25,17,43,1.4000000000000001,32,32,1,1.0,0.1713669261081419,0.0,0.08313387531536243,31
6,50,0.1,1.0,25,17,43,1.4500000000000002,32,32,1,1.0,0.18511045234014445,0.0,0.08278381292431453,31
6,50,0.1,1.0,25,17,43,1.5,32,32,1,1.0,0.17593008298049928,0.0,0.08341103815146299,31
6,50,0.1,1.0,25,17,43,1.55,32,32,1,1.0,0.15030490788825762,0.0,0.0855273836554993,31
6,50,0.1,1.0,25,17,43,1.6,32,32,1,1.0,0.12302778696843066,0.0,0.08870224587695717,31
6,50,0.1,1.0,25,17,43,1.6500000000000001,32,32,1,1.0,0.10375379058927368,0.0,0.09185050771829996,31
6,50,0.1,1.0,25,17,43,1.7000000000000002,32,32,1,1.0,0.09480535653306596,0.0,0.09425910831416938,31
6,50,0.1,1.0,25,17,43,1.75,32,32,1,1.0,0.09580275498949188,0.0,0.09606308292268657,31
6,50,0.1,1.0,25,17,43,1.8,32,32,1,1.0,0.1048764360500501,0.0,0.09794178959050218,31
6,50,0.1,1.0,25,17,43,1.85,32,32,1,1.0,0.11713352337166603,0.0,0.10050321304328012,31
6,50,0.1,1.0,25,17,43,1.9000000000000001,32,32,1,1.0,0.12518533558542436,0.0,0.10381696195772713,31
6,50,0.1,1.0,25,17,43,1.9500000000000002,32,32,1,1.0,0.1233146173124614,0.0,0.10733521935474398,31
6,50,0.1,1.0,25,17,43,2.0,32,32,1,1.0,0.11245654032635732,0.0,0.11023078060809074,31
6,50,0.1,1.0,25,18,44,0.0,32,32,1,1.0,2.141404136484463e-27,0.0,0.18331152115816293,1
6,50,0.1,1.0,25,18,44,0.05,32,32,1,1.0,2.059836562410766e-06,0.0,0.18250543690236506,31
6,50,0.1,1.0,25,18,44,0.1,32,32,1,1.0,3.910140885068502e-05,0.0,0.18163761807110326,31
6,50,0.1,1.0,25,18,44,0.15000000000000002,32,32,1,1.0,0.0002114814685106757,0.0,0.18071732118099282,31
6,50,0.1,1.0,25,18,44,0.2,32,32,1,1.0,0.0006029045954386279,0.0,0.17973471798865834,31
6,50,0.1,1.0,25,18,44,0.25,32,32,1,1.0,0.0011491729091592654,0.0,0.17866166431754693,31
6,50,0.1,1.0,25,18,44,0.30000000000000004,32,32,1,1.0,0.0016917785351870422,0.0,0.17745653108521403,31
6,50,0.1,1.0,25,18,44,0.35000000000000003,32,32,1,1.0,0.00216733526021429,0.0,0.176072111617723,31
6,50,0.1,1.0,25,18,44,0.4,32,32,1,1.0,0.002680831430570198,0.0,0.17446067864179182,31
6,50,0.1,1.0,25,18,44,0.45,32,32,1,1.0,0.003374481550176567,0.0,0.1725736951499624,31
6,50,0.1,1.0,25,18,44,0.5,32,32,1,1.0,0.004249150395180776,0.0,0.17036144079092633,31
6,50,0.1,1.0,25,18,44,0.55,32,32,1,1.0,0.005143988010820022,0.0,0.16777957916245673,31
6,50,0.1,1.0,25,18,44,0.6000000000000001,32,32,1,1.0,0.005863118781561948,0.0,0.16480372065761612,31
6,50,0.1,1.0,25,18,44,0.65,32,32,1,1.0,0.0063584143969896475,0.0,0.16144496383440154,31
6,50,0.1,1.0,25,18,44,0.7000000000000001,32,32,1,1.0,0.006954865153310953,0.0,0.1577537213476887,31
6,50,0.1,1.0,25,18,44,0.75,32,32,1,1.0,0.008466822653395024,0.0,0.15380249732532844,31
6,50,0.1,1.0,25,18,44,0.8,32,32,1,1.0,0.011986409780489097,0.0,0.149658116944643,31
6,50,0.1,1.0,25,18,44,0.8500000000000001,32,32,1,1.0,0.018401487305819163,0.0,0.1453750213447161,31
6,50,0.1,1.0,25,18,44,0.9,32,32,1,1.0,0.027840903142172715,0.0,0.14102649280990165,31
6,50,0.1,1.0,25,18,44,0.9500000000000001,32,32,1,1.0,0.039233216211917096,0.0,0.13673821375610945,31
6,50,0.1,1.0,25,18,44,1.0,32,32,1,1.0,0.0503255903393694,0.0,0.1326635239611394,31
6,50,0.1,1.0,25,18,44,1.05,32,32,1,1.0,0.05863250964803295,0.0,0.1289082954729154,31
6,50,0.1,1.0,25,18,44,1.1,32,32,1,1.0,0.0629806097573933,0.0,0.12551667835562869,31
6,50,0.1,1.0,25,18,44,1.1500000000000001,32,32,1,1.0,0.06452524775365426,0.0,0.12257509249035108,31
6,50,0.1,1.0,25,18,44,1.2000000000000002,32,32,1,1.0,0.06685337695014003,0.0,0.12029210911694262,31
6,50,0.1,1.0,25,18,44,1.25,32,32,1,1.0,0.07463917812431092,0.0,0.11888752150674037,31
6,50,0.1,1.0,25,18,44,1.3,32,32,1,1.0,0.08936332805626135,0.0,0.11838843240228661,31
6,50,0.1,1.0,25,18,44,1.35,32,32,1,1.0,0.10512507185195703,0.0,0.11862535483023766,31
6,50,0.1,1.0,25,18,44,1.4000000000000001,32,32,1,1.0,0.11127149797389971,0.0,0.11946362962628658,31
6,50,0.1,1.0,25,18,44,1.4500000000000002,32,32,1,1.0,0.10141062501613034,0.0,0.1209269873894466,31
6,50,0.1,1.0,25,18,44,1.5,32,32,1,1.0,0.08074954542350465,0.0,0.12301782962629948,31
6,50,0.1,1.0,25,18,44,1.55,32,32,1,1.0,0.06118753620557932,0.0,0.12553304069947904,31
6,50,0.1,1.0,25,18,44,1.6,32,32,1,1.0,0.049574906478435335,0.0,0.1281843954929548,31
6,50,0.1,1.0,25,18,44,1.6500000000000001,32,32,1,1.0,0.04587198467459847,0.0,0.13085177391710673,31
6,50,0.1,1.0,25,18,44,1.7000000000000002,32,32,1,1.0,0.048819523997279284,0.0,0.1336745304957352,31
6,50,0.1,1.0,25,18,44,1.75,32,32,1,1.0,0.0569375315441139,0.0,0.13691726903246115,31
6,50,0.1,1.0,25,18,44,1.8,32,32,1,1.0,0.0655981096495975,0.0,0.14073712025216542,31
6,50,0.1,1.0,25,18,44,1.85,32,32,1,1.0,0.06897140302393323,0.0,0.1450805982527665,31
6,50,0.1,1.0,25,18,44,1.9000000000000001,32,32,1,1.0,0.06617524802658348,0.0,0.14978292784895905,31
6,50,0.1,1.0,25,18,44,1.9500000000000002,32,32,1,1.0,0.06226429931365264,0.0,0.1546431234026768,31
6,50,0.1,1.0,25,18,44,2.0,32,32,1,1.0,0.06150561535421095,0.0,0.1593678748431751,31
6,50,0.1,1.0,25,19,45,0.0,32,32,1,1.0,2.141404136484463e-27,0.0,0.24999995887281898,1
6,50,0.1,1.0,25,19,45,0.05,32,32,1,1.0,1.0516529372466527e-06,0.0,0.2475611347753155,31
6,50,0.1,1.0,25,19,45,0.1,32,32,1,1.0,2.012984138960169e-05,0.0,0.24464058991581292,31
6,50,0.1,1.0,25,19,45,0.15000000000000002,32,32,1,1.0,0.00011107216144400135,0.0,0.2412844773839739,31
6,50,0.1,1.0,25,19,45,0.2,32,32,1,1.0,0.0003289868597005477,0.0,0.23753232524754328,31
6,50,0.1,1.0,25,19,45,0.25,32,32,1,1.0,0.000670379134428958,0.0,0.2334188316958394,31
6,50,0.1,1.0,25,19,45,0.30000000000000004,32,32,1,1.0,0.001100817983004501,0.0,0.22897723366513148,31
6,50,0.1,1.0,25,19,45,0.35000000000000003,32,32,1,1.0,0.0016266722186930474,0.0,0.22424199288293892,31
6,50,0.1,1.0,25,19,45,0.4,32,32,1,1.0,0.002265084771666073,0.0,0.21924770373796343,31
6,50,0.1,1.0,25,19,45,0.45,32,32,1,1.0,0.0029371043532419342,0.0,0.2140253968992459,31
6,50,0.1,1.0,25,19,45,0.5,32,32,1,1.0,0.0034531454069826376,0.0,0.2086015521230645,31
6,50,0.1,1.0,25,19,45,0.55,32,32,1,1.0,0.0036505109750335166,0.0,0.20300338590213474,31
6,50,0.1,1.0,25,19,45,0.6000000000000001,32,32,1,1.0,0.003625513873200505,0.0,0.19726898216904967,31
6,50,0.1,1.0,25,19,45,0.65,32,32,1,1.0,0.00395491840394932,0.0,0.19145762891922727,31
6,50,0.1,1.0,25,19,45,0.7000000000000001,32,32,1,1.0,0.005690625888303878,0.0,0.185654290066995,31
6,50,0.1,1.0,25,19,45,0.75,32,32,1,1.0,0.009940665862240594,0.0,0.17996188233182375,31
6,50,0.1,1.0,25,19,45,0.8,32,32,1,1.0,0.017329670991520777,0.0,0.1744809077320577,31
6,50,0.1,1.0,25,19,45,0.8500000000000001,32,32,1,1.0,0.027726603902073318,0.0,0.1692886903435863,31
6,50,0.1,1.0,25,19,45,0.9,32,32,1,1.0,0.04025457898138515,0.0,0.16443526485527393,31
6,50,0.1,1.0,25,19,45,0.9500000000000001,32,32,1,1.0,0.05337338079482026,0.0,0.15995783356516982,31
6,50,0.1,1.0,25,19,45,1.0,32,32,1,1.0,0.06521048631998545,0.0,0.1558933567315206,31
6,50,0.1,1.0,25,19,45,1.05,32,32,1,1.0,0.07428398063123981,0.0,0.1522673998210242,31
6,50,0.1,1.0,25,19,45,1.1,32,32,1,1.0,0.07989232936206336,0.0,0.14907111604095988,31
6,50,0.1,1.0,25,19,45,1.1500000000000001,32,32,1,1.0,0.0815885463858213,0.0,0.14626768257446682,31
6,50,0.1,1.0,25,19,45,1.2000000000000002,32,32,1,1.0,0.07890516970408808,0.0,0.14383394870911165,31
6,50,0.1,1.0,25,19,45,1.25,32,32,1,1.0,0.07282254687589641,0.0,0.14178355373226093,31
6,50,0.1,1.0,25,19,45,1.3,32,32,1,1.0,0.06725115557773027,0.0,0.14014508372001788,31
6,50,0.1,1.0,25,19,45,1.35,32,32,1,1.0,0.06591041978025207,0.0,0.1389517048275086,31
6,50,0.1,1.0,25,19,45,1.4000000000000001,32,32,1,1.0,0.06613418224740059,0.0,0.13826773739505113,31
6,50,0.1,1.0,25,19,45,1.4500000000000002,32,32,1,1.0,0.06136823024522063,0.0,0.13816839246495183,31
6,50,0.1,1.0,25,19,45,1.5,32,32,1,1.0,0.05233019199513159,0.0,0.13862335168069656,31
6,50,0.1,1.0,25,19,45,1.55,32,32,1,1.0,0.04764746494657271,0.0,0.13936642940754665,31
6,50,0.1,1.0,25,19,45,1.6,32,32,1,1.0,0.05051742079823739,0.0,0.13988456009570954,31
6,50,0.1,1.0,25,19,45,1.6500000000000001,32,32,1,1.0,0.054138807920444926,0.0,0.13964402726982933,31
6,50,0.1,1.0,25,19,45,1.7000000000000002,32,32,1,1.0,0.05231073451757539,0.0,0.1385147346398933,31
6,50,0.1,1.0,25,19,45,1.75,32,32,1,1.0,0.04934051882887962,0.0,0.13702304178711777,31
6,50,0.1,1.0,25,19,45,1.8,32,32,1,1.0,0.056931009445653255,0.0,0.13602359653309562,31
6,50,0.1,1.0,25,19,45,1.85,32,32,1,1.0,0.07682003276746754,0.0,0.13599550535355817,31
6,50,0.1,1.0,25,19,45,1.9000000000000001,32,32,1,1.0,0.0960859528232807,0.0,0.13671322523687698,31
6,50,0.1,1.0,25,19,45,1.9500000000000002,32,32,1,1.0,0.10277505073074533,0.0,0.13758328863639457,31
6,50,0.1,1.0,25,19,45,2.0,32,32,1,1.0,0.09497210355546404,0.0,0.13814214460272892,31
6,50,0.1,1.0,25,20,46,0.0,32,32,1,1.0,2.141404136484463e-27,0.0,0.1661321567914694,1
6,50,0.1,1.0,25,20,46,0.05,32,32,1,1.0,1.3752364396501909e-06,0.0,0.168231332231619,31
6,50,0.1,1.0,25,20,46,0.1,32,32,1,1.0,2.806729396153508e-05,0.0,0.17019646161081342,31
6,50,0.1,1.0,25,20,46,0.15000000000000002,32,32,1,1.0,0.00014893132439863655,0.0,0.17200296926005132,31
6,50,0.1,1.0,25,20,46,0.2,32,32,1,1.0,0.0004018169537040758,0.0,0.17361667271794243,31
6,50,0.1,1.0,25,20,46,0.25,32,32,1,1.0,0.000705402182400224,0.0,0.17499358018755543,31
6,50,0.1,1.0,25,20,46,0.30000000000000004,32,32,1,1.0,0.0009372041115072025,0.0,0.1760836354933342,31
6,50,0.1,1.0,25,20,46,0.35000000000000003,32,32,1,1.0,0.0010922197751635381,0.0,0.1768368546782749,31
6,50,0.1,1.0,25,20,46,0.4,32,32,1,1.0,0.0012723786614381315,0.0,0.1772057180671091,31
6,50,0.1,1.0,25,20,46,0.45,32,32,1,1.0,0.0015046851619294397,0.0,0.177141752953218,31
6,50,0.1,1.0,25,20,46,0.5,32,32,1,1.0,0.001674519320233186,0.0,0.17659169158656518,31
6,50,0.1,1.0,25,20,46,0.55,32,32,1,1.0,0.0016721703157648593,0.0,0.17550022126553452,31
6,50,0.1,1.0,25,20,46,0.6000000000000001,32,32,1,1.0,0.001583921703237107,0.0,0.17382205505938914,31
6,50,0.1,1.0,25,20,46,0.65,32,32,1,1.0,0.0018146447582287435,0.0,0.171539000414931,31
6,50,0.1,1.0,25,20,46,0.7000000000000001,32,32,1,1.0,0.0030834240737491734,0.0,0.16867009380327194,31
6,50,0.1,1.0,25,20,46,0.75,32,32,1,1.0,0.006071983521462953,0.0,0.16526234600900663,31
6,50,0.1,1.0,25,20,46,0.8,32,32,1,1.0,0.010980424678909355,0.0,0.1613662874978622,31
6,50,0.1,1.0,25,20,46,0.8500000000000001,32,32,1,1.0,0.017572574310566563,0.0,0.15702312666964913,31
6,50,0.1,1.0,25,20,46,0.9,32,32,1,1.0,0.025155112556150404,0.0,0.1522861221328525,31
6,50,0.1,1.0,25,20,46,0.9500000000000001,32,32,1,1.0,0.03258121054378826,0.0,0.147261070970681,31
6,50,0.1,1.0,25,20,46,1.0,32,32,1,1.0,0.03850303186604917,0.0,0.14212126000056696,31
6,50,0.1,1.0,25,20,46,1.05,32,32,1,1.0,0.041975891592880475,0.0,0.13707337460873031,31
6,50,0.1,1.0,25,20,46,1.1,32,32,1,1.0,0.04300834568916757,0.0,0.13230814602069502,31
6,50,0.1,1.0,25,20,46,1.1500000000000001,32,32,1,1.0,0.042489278877287075,0.0,0.1279857537611925,31
6,50,0.1,1.0,25,20,46,1.2000000000000002,32,32,1,1.0,0.04146701466821482,0.0,0.12424533587354483,31
6,50,0.1,1.0,25,20,46,1.25,32,32,1,1.0,0.04035553527145356,0.0,0.12118698283768486,31
6,50,0.1,1.0,25,20,46,1.3,32,32,1,1.0,0.038832331032056834,0.0,0.11884696074496783,31
6,50,0.1,1.0,25,20,46,1.35,32,32,1,1.0,0.03640940484298172,0.0,0.11725505640951477,31
6,50,0.1,1.0,25,20,46,1.4000000000000001,32,32,1,1.0,0.0327970141474374,0.0,0.11654002974367905,31
6,50,0.1,1.0,25,20,46,1.4500000000000002,32,32,1,1.0,0.028325146444008516,0.0,0.11688941044290582,31
6,50,0.1,1.0,25,20,46,1.5,32,32,1,1.0,0.024921977206385653,0.0,0.11833016037950286,31
6,50,0.1,1.0,25,20,46,1.55,32,32,1,1.0,0.02506907105244205,0.0,0.12061400145687864,31
6,50,0.1,1.0,25,20,46,1.6,32,32,1,1.0,0.028782048243549067,0.0,0.12339148712647507,31
6,50,0.1,1.0,25,20,46,1.6500000000000001,32,32,1,1.0,0.0337543221248513,0.0,0.12648351363831895,31
6,50,0.1,1.0,25,20,46,1.7000000000000002,32,32,1,1.0,0.03838732887532783,0.0,0.12997767157994677,31
6,50,0.1,1.0,25,20,46,1.75,32,32,1,1.0,0.04308087443104506,0.0,0.13408928077170199,31
6,50,0.1,1.0,25,20,46,1.8,32,32,1,1.0,0.04825899261884415,0.0,0.13894469791032618,31
6,50,0.1,1.0,25,20,46,1.85,32,32,1,1.0,0.05263347209719249,0.0,0.14446402352280727,31
6,50,0.1,1.0,25,20,46,1.9000000000000001,32,32,1,1.0,0.054455042638626966,0.0,0.1503824067203515,31
6,50,0.1,1.0,25,20,46,1.9500000000000002,32,32,1,1.0,0.05311167063426584,0.0,0.15635996179418946,31
6,50,0.1,1.0,25,20,46,2.0,32,32,1,1.0,0.0488976009271675,0.0,0.16211749712238674,31
6,50,0.1,1.0,25,21,47,0.0,32,32,1,1.0,2.141404136484463e-27,0.0,0.23574571094477745,1
6,50,0.1,1.0,25,21,47,0.05,32,32,1,1.0,6.678398876005807e-07,0.0,0.23570065415614566,31
6,50,0.1,1.0,25,21,47,0.1,32,32,1,1.0,1.0835270968029321e-05,0.0,0.2352135297548048,31
6,50,0.1,1.0,25,21,47,0.15000000000000002,32,32,1,1.0,5.569849880880168e-05,0.0,0.23429212958529574,31
6,50,0.1,1.0,25,21,47,0.2,32,32,1,1.0,0.00016263797042073908,0.0,0.23294110389957934,31
6,50,0.1,1.0,25,21,47,0.25,32,32,1,1.0,0.0003316252138160858,0.0,0.2311605061153553,31
6,50,0.1,1.0,25,21,47,0.30000000000000004,32,32,1,1.0,0.0005385755320648357,0.0,0.22894553146233607,31
6,50,0.1,1.0,25,21,47,0.35000000000000003,32,32,1,1.0,0.0007718913918012049,0.0,0.22628829601099926,31
6,50,0.1,1.0,25,21,47,0.4,32,32,1,1.0,0.001029582372234471,0.0,0.2231800030766487,31
6,50,0.1,1.0,25,21,47,0.45,32,32,1,1.0,0.0012565326335551746,0.0,0.21961082491239053,31
6,50,0.1,1.0,25,21,47,0.5,32,32,1,1.0,0.0013208195630840267,0.0,0.21556828558275193,31
6,50,0.1,1.0,25,21,47,0.55,32,32,1,1.0,0.0011199111431499582,0.0,0.21103957127023218,31
6,50,0.1,1.0,25,21,47,0.6000000000000001,32,32,1,1.0,0.0007978151369833257,0.0,0.206022857772938,31
6,50,0.1,1.0,25,21,47,0.65,32,32,1,1.0,0.000978587228246706,0.0,0.2005450642118577,31
6,50,0.1,1.0,25,21,47,0.7000000000000001,32,32,1,1.0,0.0026111530454093496,0.0,0.19467422870575865,31
6,50,0.1,1.0,25,21,47,0.75,32,32,1,1.0,0.006153920521898229,0.0,0.18851525677061054,31
6,50,0.1,1.0,25,21,47,0.8,32,32,1,1.0,0.011343808823800112,0.0,0.18219280925057835,31
6,50,0.1,1.0,25,21,47,0.8500000000000001,32,32,1,1.0,0.01724620773545612,0.0,0.17584033818340805,31
6,50,0.1,1.0,25,21,47,0.9,32,32,1,1.0,0.02258272791629844,0.0,0.16960989853605707,31
6,50,0.1,1.0,25,21,47,0.9500000000000001,32,32,1,1.0,0.026459004434229022,0.0,0.16369458080674093,31
6,50,0.1,1.0,25,21,47,1.0,32,32,1,1.0,0.02905817336856513,0.0,0.15833498931256304,31
6,50,0.1,1.0,25,21,47,1.05,32,32,1,1.0,0.03145186910696441,0.0,0.15379093519243803,31
6,50,0.1,1.0,25,21,47,1.1,32,32,1,1.0,0.034389915453762104,0.0,0.15029905210597672,31
6,50,0.1,1.0,25,21,47,1.1500000000000001,32,32,1,1.0,0.037303620589953825,0.0,0.14804142213597082,31
6,50,0.1,1.0,25,21,47,1.2000000000000002,32,32,1,1.0,0.03858793177934531,0.0,0.14711101329515988,31
6,50,0.1,1.0,25,21,47,1.25,32,32,1,1.0,0.03656810246067608,0.0,0.14749681918549779,31
6,50,0.1,1.0,25,21,47,1.3,32,32,1,1.0,0.03040146398598184,0.0,0.14918148894591265,31
6,50,0.1,1.0,25,21,47,1.35,32,32,1,1.0,0.02163189599988478,0.0,0.1522753249338323,31
6,50,0.1,1.0,25,21,47,1.4000000000000001,32,32,1,1.0,0.01485188741047472,0.0,0.1568812917958375,31
6,50,0.1,1.0,25,21,47,1.4500000000000002,32,32,1,1.0,0.013370134208389447,0.0,0.16272330813917799,31
6,50,0.1,1.0,25,21,47,1.5,32,32,1,1.0,0.014928180992424246,0.0,0.16909289266687133,31
6,50,0.1,1.0,25,21,47,1.55,32,32,1,1.0,0.01586243280543082,0.0,0.17528979774970155,31
6,50,0.1,1.0,25,21,47,1.6,32,32,1,1.0,0.015758393117250885,0.0,0.18102055268691766,31
6,50,0.1,1.0,25,21,47,1.6500000000000001,32,32,1,1.0,0.016727894471986762,0.0,0.18635329645015403,31
6,50,0.1,1.0,25,21,47,1.7000000000000002,32,32,1,1.0,0.01968355961467297,0.0,0.19142489517492212,31
6,50,0.1,1.0,25,21,47,1.75,32,32,1,1.0,0.022977081296280837,0.0,0.19627086829115042,31
6,50,0.1,1.0,25,21,47,1.8,32,32,1,1.0,0.024734054538125744,0.0,0.20083077629441792,31
6,50,0.1,1.0,25,21,47,1.85,32,32,1,1.0,0.02480145099954895,0.0,0.20495091114947428,31
6,50,0.1,1.0,25,21,47,1.9000000000000001,32,32,1,1.0,0.02415054244726136,0.0,0.20832916573931148,31
6,50,0.1,1.0,25,21,47,1.9500000000000002,32,32,1,1.0,0.023017106851540823,0.0,0.2105364201208321,31
6,50,0.1,1.0,25,21,47,2.0,32,32,1,1.0,0.02079097891571784,0.0,0.21123927440477422,31
6,50,0.1,1.0,25,22,48,0.0,32,32,1,1.0,2.141404136484463e-27,0.0,0.2220582459004084,1
6,50,0.1,1.0,25,22,48,0.05,32,32,1,1.0,1.16902252426903e-06,0.0,0.2220690778742784,31
6,50,0.1,1.0,25,22,48,0.1,32,32,1,1.0,1.983793485248156e-05,0.0,0.22190189734558102,31
6,50,0.1,1.0,25,22,48,0.15000000000000002,32,32,1,1.0,9.990768392259971e-05,0.0,0.22154698914344173,31
6,50,0.1,1.0,25,22,48,0.2,32,32,1,1.0,0.0002761986480216311,0.0,0.22097902028147,31
6,50,0.1,1.0,25,22,48,0.25,32,32,1,1.0,0.0005196526416620598,0.0,0.22015667906297662,31
6,50,0.1,1.0,25,22,48,0.30000000000000004,32,32,1,1.0,0.0007544965547903244,0.0,0.21902663145270385,31
6,50,0.1,1.0,25,22,48,0.35000000000000003,32,32,1,1.0,0.0009404663395391709,0.0,0.21753004276718246,31
6,50,0.1,1.0,25,22,48,0.4,32,32,1,1.0,0.0011018877147459239,0.0,0.2156063804817381,31
6,50,0.1,1.0,25,22,48,0.45,32,32,1,1.0,0.0012460919978663427,0.0,0.21319220630011745,31
6,50,0.1,1.0,25,22,48,0.5,32,32,1,1.0,0.001282731299613431,0.0,0.2102191023601223,31
6,50,0.1,1.0,25,22,48,0.55,32,32,1,1.0,0.0010809925276882733,0.0,0.20661736765398478,31
6,50,0.1,1.0,25,22,48,0.6000000000000001,32,32,1,1.0,0.0006577374117834236,0.0,0.20232762552721745,31
6,50,0.1,1.0,25,22,48,0.65,32,32,1,1.0,0.0004171406403838904,0.0,0.19731444291300182,31
6,50,0.1,1.0,25,22,48,0.7000000000000001,32,32,1,1.0,0.0012261131598541898,0.0,0.19157178503254077,31
6,50,0.1,1.0,25,22,48,0.75,32,32,1,1.0,0.003584286138233804,0.0,0.18511748011749668,31
6,50,0.1,1.0,25,22,48,0.8,32,32,1,1.0,0.007518842031436221,0.0,0.17798854184153856,31
6,50,0.1,1.0,25,22,48,0.8500000000000001,32,32,1,1.0,0.012646299770483552,0.0,0.17024984154126244,31
6,50,0.1,1.0,25,22,48,0.9,32,32,1,1.0,0.01829904024330631,0.0,0.16200709099266633,31
6,50,0.1,1.0,25,22,48,0.9500000000000001,32,32,1,1.0,0.02379801061786662,0.0,0.15340585268124424,31
6,50,0.1,1.0,25,22,48,1.0,32,32,1,1.0,0.028648943642515096,0.0,0.14462713734746668,31
6,50,0.1,1.0,25,22,48,1.05,32,32,1,1.0,0.032556171152574725,0.0,0.1359069859410524,31
6,50,0.1,1.0,25,22,48,1.1,32,32,1,1.0,0.035498534106718146,0.0,0.12756416339066504,31
6,50,0.1,1.0,25,22,48,1.1500000000000001,32,32,1,1.0,0.03779490539226603,0.0,0.11998387344209006,31
6,50,0.1,1.0,25,22,48,1.2000000000000002,32,32,1,1.0,0.039329355543721856,0.0,0.11355151109613103,31
6,50,0.1,1.0,25,22,48,1.25,32,32,1,1.0,0.03847576413386017,0.0,0.10860157414807795,31
6,50,0.1,1.0,25,22,48,1.3,32,32,1,1.0,0.033380828201683276,0.0,0.1054381885892162,31
6,50,0.1,1.0,25,22,48,1.35,32,32,1,1.0,0.025383160762332626,0.0,0.10438685628539188,31
6,50,0.1,1.0,25,22,48,1.4000000000000001,32,32,1,1.0,0.01908853435587805,0.0,0.10575445504444343,31
6,50,0.1,1.0,25,22,48,1.4500000000000002,32,32,1,1.0,0.016759077418901126,0.0,0.10965997225051384,31
6,50,0.1,1.0,25,22,48,1.5,32,32,1,1.0,0.01584278152064987,0.0,0.11591613564505777,31
6,50,0.1,1.0,25,22,48,1.55,32,32,1,1.0,0.014509612137596833,0.0,0.12414197473368822,31
6,50,0.1,1.0,25,22,48,1.6,32,32,1,1.0,0.014898008294444636,0.0,0.13398638341448582,31
6,50,0.1,1.0,25,22,48,1.6500000000000001,32,32,1,1.0,0.019351045022404204,0.0,0.14519299932324664,31
6,50,0.1,1.0,25,22,48,1.7000000000000002,32,32,1,1.0,0.026342286896471008,0.0,0.1574704348611941,31
6,50,0.1,1.0,25,22,48,1.75,32,32,1,1.0,0.03221532731792934,0.0,0.17036318264735065,31
6,50,0.1,1.0,25,22,48,1.8,32,32,1,1.0,0.034368460135717975,0.0,0.18325919733515628,31
6,50,0.1,1.0,25,22,48,1.85,32,32,1,1.0,0.032482731470362694,0.0,0.19554845389350528,31
6,50,0.1,1.0,25,22,48,1.9000000000000001,32,32,1,1.0,0.02832575621401003,0.0,0.20684046463088884,31
6,50,0.1,1.0,25,22,48,1.9500000000000002,32,32,1,1.0,0.024135949423246372,0.0,0.21702810042026374,31
6,50,0.1,1.0,25,22,48,2.0,32,32,1,1.0,0.020847986862878636,0.0,0.22612654400753804,31
6,50,0.1,1.0,25,23,49,0.0,32,32,1,1.0,2.141404136484463e-27,0.0,0.2922768597167929,1
6,50,0.1,1.0,25,23,49,0.05,32,32,1,1.0,7.003163288869268e-07,0.0,0.2934717131637767,31
6,50,0.1,1.0,25,23,49,0.1,32,32,1,1.0,1.0937900993421397e-05,0.0,0.29411919369937595,31
6,50,0.1,1.0,25,23,49,0.15000000000000002,32,32,1,1.0,4.985949642352808e-05,0.0,0.2942048396770115,31
6,50,0.1,1.0,25,23,49,0.2,32,32,1,1.0,0.00012510054500681274,0.0,0.29370772614378104,31
6,50,0.1,1.0,25,23,49,0.25,32,32,1,1.0,0.00021516357510663515,0.0,0.29259980467803337,31
6,50,0.1,1.0,25,23,49,0.30000000000000004,32,32,1,1.0,0.0002953469290807176,0.0,0.29084671388398997,31
6,50,0.1,1.0,25,23,49,0.35000000000000003,32,32,1,1.0,0.0003837682014181272,0.0,0.28841098547739946,31
6,50,0.1,1.0,25,23,49,0.4,32,32,1,1.0,0.0005257511233538071,0.0,0.28525580337951617,31
6,50,0.1,1.0,25,23,49,0.45,32,32,1,1.0,0.0006996269136162098,0.0,0.2813467410222709,31
6,50,0.1,1.0,25,23,49,0.5,32,32,1,1.0,0.0007686103939804473,0.0,0.27665216199993553,31
6,50,0.1,1.0,25,23,49,0.55,32,32,1,1.0,0.0005895091325765216,0.0,0.27114678188029384,31
6,50,0.1,1.0,25,23,49,0.6000000000000001,32,32,1,1.0,0.000237748940562899,0.0,0.264822083841175,31
6,50,0.1,1.0,25,23,49,0.65,32,32,1,1.0,0.00025295283564131285,0.0,0.2576999246893686,31
6,50,0.1,1.0,25,23,49,0.7000000000000001,32,32,1,1.0,0.0013498488396160423,0.0,0.24983810735014664,31
6,50,0.1,1.0,25,23,49,0.75,32,32,1,1.0,0.0037430567652787126,0.0,0.24132138392673477,31
6,50,0.1,1.0,25,23,49,0.8,32,32,1,1.0,0.00722978112341009,0.0,0.23224877277613934,31
6,50,0.1,1.0,25,23,49,0.8500000000000001,32,32,1,1.0,0.011215671464061668,0.0,0.22273420821721435,31
6,50,0.1,1.0,25,23,49,0.9,32,32,1,1.0,0.014872515049051705,0.0,0.21291772544003654,31
6,50,0.1,1.0,25,23,49,0.9500000000000001,32,32,1,1.0,0.0174452565640062,0.0,0.20296991131306466,31
6,50,0.1,1.0,25,23,49,1.0,32,32,1,1.0,0.018637678537429574,0.0,0.1930901453208805,31
6,50,0.1,1.0,25,23,49,1.05,32,32,1,1.0,0.01889472195213528,0.0,0.18350748924703505,31
6,50,0.1,1.0,25,23,49,1.1,32,32,1,1.0,0.019310870853967953,0.0,0.17446678107895294,31
6,50,0.1,1.0,25,23,49,1.1500000000000001,32,32,1,1.0,0.020816700199252094,0.0,0.1661876910218662,31
6,50,0.1,1.0,25,23,49,1.2000000000000002,32,32,1,1.0,0.02307010823094808,0.0,0.1588345288651175,31
6,50,0.1,1.0,25,23,49,1.25,32,32,1,1.0,0.02459976386984662,0.0,0.1525296335934291,31
6,50,0.1,1.0,25,23,49,1.3,32,32,1,1.0,0.024252495419934805,0.0,0.14737959464842576,31
6,50,0.1,1.0,25,23,49,1.35,32,32,1,1.0,0.02201551829785764,0.0,0.14347740808925138,31
6,50,0.1,1.0,25,23,49,1.4000000000000001,32,32,1,1.0,0.018702724514702826,0.0,0.1408850713028582,31
6,50,0.1,1.0,25,23,49,1.4500000000000002,32,32,1,1.0,0.01572924718927321,0.0,0.13961070116961002,31
6,50,0.1,1.0,25,23,49,1.5,32,32,1,1.0,0.014748534995170351,0.0,0.13959969354440777,31
6,50,0.1,1.0,25,23,49,1.55,32,32,1,1.0,0.016068502220233,0.0,0.14077390745752036,31
6,50,0.1,1.0,25,23,49,1.6,32,32,1,1.0,0.01813800170571188,0.0,0.14311978181581997,31
6,50,0.1,1.0,25,23,49,1.6500000000000001,32,32,1,1.0,0.019982845517355304,0.0,0.14674581976105783,31
6,50,0.1,1.0,25,23,49,1.7000000000000002,32,32,1,1.0,0.02232389928683267,0.0,0.15180366044368568,31
6,50,0.1,1.0,25,23,49,1.75,32,32,1,1.0,0.025110696771417335,0.0,0.15829328462843825,31
6,50,0.1,1.0,25,23,49,1.8,32,32,1,1.0,0.026601778965231027,0.0,0.1659349569466377,31
6,50,0.1,1.0,25,23,49,1.85,32,32,1,1.0,0.025914022024140476,0.0,0.17423685080232093,31
6,50,0.1,1.0,25,23,49,1.9000000000000001,32,32,1,1.0,0.023948348927948955,0.0,0.18267250540602073,31
6,50,0.1,1.0,25,23,49,1.9500000000000002,32,32,1,1.0,0.021407279118140034,0.0,0.19082186476892649,31
6,50,0.1,1.0,25,23,49,2.0,32,32,1,1.0,0.018065063900760327,0.0,0.1984432478314397,31
6,50,0.1,1.0,25,24,50,0.0,32,32,1,1.0,2.141404136484463e-27,0.0,0.22030080577658825,1
6,50,0.1,1.0,25,24,50,0.05,32,32,1,1.0,3.978767046708565e-07,0.0,0.2211597957014938,31
6,50,0.1,1.0,25,24,50,0.1,32,32,1,1.0,7.87999034929589e-06,0.0,0.2216987762574532,31
6,50,0.1,1.0,25,24,50,0.15000000000000002,32,32,1,1.0,4.661615767791198e-05,0.0,0.2219054714281495,31
6,50,0.1,1.0,25,24,50,0.2,32,32,1,1.0,0.0001427314984632674,0.0,0.2217612668205432,31
6,50,0.1,1.0,25,24,50,0.25,32,32,1,1.0,0.00027894604622604634,0.0,0.22124255737965598,31
6,50,0.1,1.0,25,24,50,0.30000000000000004,32,32,1,1.0,0.0003907326753926561,0.0,0.2203225050161561,31
6,50,0.1,1.0,25,24,50,0.35000000000000003,32,32,1,1.0,0.0004331326217926075,0.0,0.2189746814689427,31
6,50,0.1,1.0,25,24,50,0.4,32,32,1,1.0,0.0004348715290633679,0.0,0.21717768300287033,31
6,50,0.1,1.0,25,24,50,0.45,32,32,1,1.0,0.00044956457067311977,0.0,0.2149185003051761,31
6,50,0.1,1.0,25,24,50,0.5,32,32,1,1.0,0.0004570756498823521,0.0,0.21219473185206655,31
6,50,0.1,1.0,25,24,50,0.55,32,32,1,1.0,0.00037885254848374556,0.0,0.20901805493977216,31
6,50,0.1,1.0,25,24,50,0.6000000000000001,32,32,1,1.0,0.000240767648432164,0.0,0.2054202175901875,31
6,50,0.1,1.0,25,24,50,0.65,32,32,1,1.0,0.0003295807134168978,0.0,0.20145951852115124,31
6,50,0.1,1.0,25,24,50,0.7000000000000001,32,32,1,1.0,0.001022382712223313,0.0,0.19722416834892664,31
6,50,0.1,1.0,25,24,50,0.75,32,32,1,1.0,0.002420217396617088,0.0,0.19283054904578242,31
6,50,0.1,1.0,25,24,50,0.8,32,32,1,1.0,0.0043148885007256044,0.0,0.18841743411749237,31
6,50,0.1,1.0,25,24,50,0.8500000000000001,32,32,1,1.0,0.006303751546002615,0.0,0.1841390331146095,31
6,50,0.1,1.0,25,24,50,0.9,32,32,1,1.0,0.007967559153974872,0.0,0.18016019926334012,31
6,50,0.1,1.0,25,24,50,0.9500000000000001,32,32,1,1.0,0.009001424720821468,0.0,0.17665535961921125,31
6,50,0.1,1.0,25,24,50,1.0,32,32,1,1.0,0.00927211651380602,0.0,0.1738063234765239,31
6,50,0.1,1.0,25,24,50,1.05,32,32,1,1.0,0.00886738899299887,0.0,0.17178929391139103,31
6,50,0.1,1.0,25,24,50,1.1,32,32,1,1.0,0.008123542963037378,0.0,0.17074849289475189,31
6,50,0.1,1.0,25,24,50,1.1500000000000001,32,32,1,1.0,0.007479512802257983,0.0,0.17076843856034368,31
6,50,0.1,1.0,25,24,50,1.2000000000000002,32,32,1,1.0,0.007181786667319184,0.0,0.17186449041064494,31
6,50,0.1,1.0,25,24,50,1.25,32,32,1,1.0,0.00719186422828311,0.0,0.17399341290748224,31
6,50,0.1,1.0,25,24,50,1.3,32,32,1,1.0,0.007350547373374236,0.0,0.1770482707040656,31
6,50,0.1,1.0,25,24,50,1.35,32,32,1,1.0,0.0073820668991370015,0.0,0.18081646773394017,31
6,50,0.1,1.0,25,24,50,1.4000000000000001,32,32,1,1.0,0.00684633172175564,0.0,0.1849661437910891,31
6,50,0.1,1.0,25,24,50,1.4500000000000002,32,32,1,1.0,0.005618016036641988,0.0,0.1891340595244239,31
6,50,0.1,1.0,25,24,50,1.5,32,32,1,1.0,0.004626979870610413,0.0,0.193052289332531,31
6,50,0.1,1.0,25,24,50,1.55,32,32,1,1.0,0.005552518185668945,0.0,0.19657835285434042,31
6,50,0.1,1.0,25,24,50,1.6,32,32,1,1.0,0.008888445955802895,0.0,0.19961564180013613,31
6,50,0.1,1.0,25,24,50,1.6500000000000001,32,32,1,1.0,0.013313024713497079,0.0,0.20204573542902454,31
6,50,0.1,1.0,25,24,50,1.7000000000000002,32,32,1,1.0,0.017280335788709092,0.0,0.2037470803352402,31
6,50,0.1,1.0,25,24,50,1.75,32,32,1,1.0,0.019964321483963272,0.0,0.20464980698472626,31
6,50,0.1,1.0,25,24,50,1.8,32,32,1,1.0,0.02088597015022199,0.0,0.20476204794424008,31
6,50,0.1,1.0,25,24,50,1.85,32,32,1,1.0,0.019592993068576293,0.0,0.2041633896696472,31
6,50,0.1,1.0,25,24,50,1.9000000000000001,32,32,1,1.0,0.01627782938549625,0.0,0.20297415748971245,31
6,50,0.1,1.0,25,24,50,1.9500000000000002,32,32,1,1.0,0.012379397088823421,0.0,0.20129470985670234,31
6,50,0.1,1.0,25,24,50,2.0,32,32,1,1.0,0.009911624397493149,0.0,0.19915121657051066,31
