regime,seed,epoch,train_mse,val_mse
random_discrete,0,1,0.5455986708402634,0.17353112995624542
random_discrete,0,2,0.14701076969504356,0.12517720460891724
random_discrete,0,3,0.07621897663921118,0.08924845606088638
random_discrete,0,4,0.05697521660476923,0.07972932606935501
random_discrete,0,5,0.04830694664269686,0.10622293502092361
random_discrete,0,6,0.044221313670277596,0.0794728621840477
random_discrete,0,7,0.035885805264115334,0.08366602659225464
random_discrete,0,8,0.021779620088636875,0.08819148689508438
random_discrete,0,9,0.016056878957897425,0.070889912545681
random_discrete,0,10,0.014774837531149387,0.06581971794366837
random_discrete,0,11,0.011829450260847807,0.07843614369630814
random_discrete,0,12,0.009938846109434962,0.06774555891752243
random_discrete,0,13,0.009361745323985815,0.07438463717699051
random_discrete,0,14,0.00780395558103919,0.0770219936966896
random_discrete,0,15,0.00727789185475558,0.07203852385282516
random_discrete,0,16,0.0062742470763623714,0.07293862104415894
random_discrete,0,17,0.005834811134263873,0.07838380336761475
random_discrete,0,18,0.0049196911277249455,0.07580466568470001
random_discrete,0,19,0.004481376032344997,0.07840196788311005
random_discrete,0,20,0.00396854686550796,0.07636821269989014
random_discrete,0,21,0.0036382052348926663,0.07679681479930878
random_discrete,0,22,0.0034682410769164562,0.07744928449392319
random_discrete,0,23,0.003173045755829662,0.0807531550526619
random_discrete,0,24,0.0029002107912674546,0.07904607802629471
random_discrete,0,25,0.002828671014867723,0.07760457694530487
random_discrete,0,26,0.002683762402739376,0.07375865429639816
random_discrete,0,27,0.0026340337935835123,0.07270124554634094
random_discrete,0,28,0.0024154476705007255,0.0732712373137474
random_discrete,0,29,0.0022666696459054947,0.07701410353183746
random_discrete,0,30,0.0019491852435749024,0.07614417374134064
random_discrete,0,31,0.0018736968631856143,0.0766589567065239
random_discrete,0,32,0.001877134112874046,0.07491746544837952
random_discrete,0,33,0.001722454180708155,0.07234014570713043
random_discrete,0,34,0.0016622445837128907,0.07297341525554657
random_discrete,0,35,0.0016162130632437766,0.07375579327344894
random_discrete,0,36,0.0015627161192242056,0.07315801084041595
random_discrete,0,37,0.0014713388809468597,0.0739133358001709
random_discrete,0,38,0.0014527842577081174,0.07783517986536026
random_discrete,0,39,0.0014283726050052792,0.07622773200273514
random_discrete,0,40,0.0012858354311902076,0.07482355087995529
random_discrete,0,41,0.0012700535007752478,0.07135564088821411
random_discrete,0,42,0.001281157718040049,0.07403209805488586
random_discrete,0,43,0.0011977368267253041,0.07434850931167603
random_discrete,0,44,0.0011569643102120608,0.07436349242925644
random_discrete,0,45,0.0011135665408801287,0.07516355067491531
random_discrete,0,46,0.0010931246797554195,0.07394044101238251
random_discrete,0,47,0.0010870513797271997,0.07216323912143707
random_discrete,0,48,0.0010876910237129778,0.07480014860630035
random_discrete,0,49,0.0010496042523300275,0.07534828782081604
random_discrete,0,50,0.0009887842752505094,0.07416310906410217
random_discrete,0,51,0.0009886775660561398,0.0729299858212471
random_discrete,0,52,0.000991814158624038,0.07359033823013306
random_discrete,0,53,0.0009612390276743099,0.07501700520515442
random_discrete,0,54,0.0009044976031873375,0.07479772716760635
random_discrete,0,55,0.0009338575473520905,0.07555937021970749
random_discrete,0,56,0.0009199680789606646,0.07461035996675491
random_discrete,0,57,0.000857165883644484,0.07349488884210587
random_discrete,0,58,0.0008144413732225075,0.07283685356378555
random_discrete,0,59,0.0008008415898075327,0.07178893685340881
random_discrete,0,60,0.0007943301752675325,0.07342322170734406
random_discrete,0,61,0.000772419385612011,0.07355833053588867
random_discrete,0,62,0.0007641599077032879,0.07471656799316406
random_discrete,0,63,0.0007809895760146901,0.07684005796909332
random_discrete,0,64,0.0008225802012020722,0.07301614433526993
random_discrete,0,65,0.0007603754056617618,0.07227884232997894
random_discrete,0,66,0.0007309457287192345,0.07212662696838379
random_discrete,0,67,0.000749511833419092,0.07351085543632507
random_discrete,0,68,0.0006985485088080168,0.0744880959391594
random_discrete,0,69,0.0007040231284918264,0.07532037794589996
random_discrete,0,70,0.0007191247277660295,0.07305001467466354
random_discrete,0,71,0.0006737690855516121,0.07263593375682831
random_discrete,0,72,0.0006639607454417273,0.07163828611373901
random_discrete,0,73,0.0007012295827735215,0.07241258025169373
random_discrete,0,74,0.0007432911661453545,0.07740193605422974
random_discrete,0,75,0.0007003389473538846,0.07444121688604355
random_discrete,0,76,0.0006240560178412125,0.07043354213237762
random_discrete,0,77,0.0006086483044782653,0.07306449860334396
random_discrete,0,78,0.0005862520047230646,0.07350041717290878
random_discrete,0,79,0.0005674779531545937,0.07372480630874634
random_discrete,0,80,0.0005604360776487738,0.07401230931282043
random_discrete,0,81,0.0005422638350864872,0.07322229444980621
random_discrete,0,82,0.0005501531340996735,0.07237333059310913
random_discrete,0,83,0.0005408336874097586,0.07371745258569717
random_discrete,0,84,0.0005370042563299648,0.07334784418344498
random_discrete,0,85,0.0005303641082718968,0.07206819206476212
random_discrete,0,86,0.0006001730944262818,0.0726078525185585
random_discrete,0,87,0.0005081364288344048,0.074676513671875
random_discrete,0,88,0.0004745037294924259,0.07514425367116928
random_discrete,0,89,0.0004594426281983033,0.07312607765197754
random_discrete,0,90,0.0004575144703267142,0.07203006744384766
random_discrete,0,91,0.0004556320345727727,0.07279957830905914
random_discrete,0,92,0.000434164066973608,0.07248061150312424
random_discrete,0,93,0.00042035109072458,0.07185402512550354
random_discrete,0,94,0.0004138346848776564,0.07139965146780014
random_discrete,0,95,0.0004265173993189819,0.07031679153442383
random_discrete,0,96,0.00040999563498189673,0.07254958897829056
random_discrete,0,97,0.0003954910280299373,0.07203584164381027
random_discrete,0,98,0.0003884859324898571,0.07129190117120743
random_discrete,0,99,0.00039556851697852835,0.07151047885417938
random_discrete,0,100,0.00040650223672855645,0.071042999625206
random_discrete,0,101,0.0004064647218910977,0.07076755166053772
random_discrete,0,102,0.00038904913526494056,0.07277972996234894
random_discrete,0,103,0.00039928688056534156,0.07262835651636124
random_discrete,0,104,0.00040986524982145056,0.07022076100111008
random_discrete,0,105,0.00037405217881314456,0.070197694003582
random_discrete,0,106,0.0003808568653766997,0.07115941494703293
random_discrete,0,107,0.00037950852856738493,0.0697614923119545
random_discrete,0,108,0.0003367879908182658,0.07049339264631271
random_discrete,0,109,0.00035099799424642697,0.07005929946899414
random_discrete,0,110,0.00034672969923121855,0.07036737352609634
random_discrete,0,111,0.00034825057082343847,0.06899555772542953
random_discrete,0,112,0.0003551976551534608,0.06978078931570053
random_discrete,0,113,0.000360456935595721,0.07114585489034653
random_discrete,0,114,0.0003320030518807471,0.07024139165878296
random_discrete,0,115,0.0003213264571968466,0.06917142868041992
random_discrete,0,116,0.0003760258332476951,0.069426529109478
random_discrete,0,117,0.00033239353069802746,0.07074833661317825
random_discrete,0,118,0.0003150974807795137,0.07016709446907043
random_discrete,0,119,0.0003165613816236146,0.0683387890458107
random_discrete,0,120,0.0003039372822968289,0.0702592134475708
random_discrete,0,121,0.0002807819691952318,0.0710473507642746
random_discrete,0,122,0.000284394234768115,0.06961017102003098
random_discrete,0,123,0.0002842191024683416,0.0680101215839386
random_discrete,0,124,0.0002832735117408447,0.06877382844686508
random_discrete,0,125,0.00027613332349574193,0.06950248777866364
random_discrete,0,126,0.00025715075389598496,0.06966488063335419
random_discrete,0,127,0.0002686753068701364,0.07017389684915543
random_discrete,0,128,0.00027847456658491865,0.06803484261035919
random_discrete,0,129,0.00027786220016423613,0.06747225672006607
random_discrete,0,130,0.0002832992249750532,0.06964750587940216
random_discrete,0,131,0.00030150376551318914,0.06995835900306702
random_discrete,0,132,0.0002805970398185309,0.06754908710718155
random_discrete,0,133,0.0002637554825923871,0.06715425103902817
random_discrete,0,134,0.0002840323795680888,0.06956972926855087
random_discrete,0,135,0.0002666652071638964,0.07012995332479477
random_discrete,0,136,0.00028524977460619994,0.06782680749893188
random_discrete,0,137,0.00025043883942998946,0.06768514215946198
random_discrete,0,138,0.000274192621873226,0.0691051334142685
random_discrete,0,139,0.0002796503540594131,0.06953240185976028
random_discrete,0,140,0.000248467484198045,0.0704321637749672
random_discrete,0,141,0.0002631803654367104,0.06860538572072983
random_discrete,0,142,0.0002397384050709661,0.06808657944202423
random_discrete,0,143,0.00022645825811196119,0.06745726615190506
random_discrete,0,144,0.00022103538503870368,0.06811719387769699
random_discrete,0,145,0.00021472447770065628,0.06782080978155136
random_discrete,0,146,0.00020466881687752903,0.06719236075878143
random_discrete,0,147,0.00021715112598030828,0.06773004680871964
random_discrete,0,148,0.00022424910639529116,0.0678163692355156
random_discrete,0,149,0.00020461747772060335,0.06754408031702042
random_discrete,0,150,0.00020293183479225263,0.06768324226140976
random_discrete,0,151,0.00021219895279500633,0.06848324835300446
random_discrete,0,152,0.00023067500660545193,0.06609192490577698
random_discrete,0,153,0.00021304031179170124,0.06648759543895721
random_discrete,0,154,0.00019880698164342903,0.06814692169427872
random_discrete,0,155,0.0002115940624207724,0.06697207689285278
random_discrete,0,156,0.00020459742154343985,0.06567023694515228
random_discrete,0,157,0.0002068387075269129,0.06676121056079865
random_discrete,0,158,0.0002175189438275993,0.0681811198592186
random_discrete,0,159,0.00019424687707214616,0.06709215044975281
random_discrete,0,160,0.0001854146357800346,0.06720659136772156
random_discrete,0,161,0.00017935050709638745,0.06695301830768585
random_discrete,0,162,0.00017756099987309426,0.0660688653588295
random_discrete,0,163,0.00017841261069406755,0.0671418309211731
random_discrete,0,164,0.0001742370986903552,0.0668727234005928
random_discrete,0,165,0.00017215471234521829,0.0652603730559349
random_discrete,0,166,0.00017713244596961886,0.06623940914869308
random_discrete,0,167,0.00017483122428529896,0.06644082814455032
random_discrete,0,168,0.00016998161663650535,0.06733012199401855
random_discrete,0,169,0.0001725372094369959,0.06496194005012512
random_discrete,0,170,0.00017501220645499416,0.0656176432967186
random_discrete,0,171,0.00018159149476559833,0.06648919731378555
random_discrete,0,172,0.00018717627608566545,0.06563299894332886
random_discrete,0,173,0.00015800215260242112,0.0662529319524765
random_discrete,0,174,0.00015803448332007974,0.06597970426082611
random_discrete,0,175,0.0001593159649928566,0.06575097143650055
random_discrete,0,176,0.00015628785695298575,0.06631357222795486
random_discrete,0,177,0.00016008127204258926,0.0660509392619133
random_discrete,0,178,0.00017956088413484395,0.06508451700210571
random_discrete,0,179,0.0001533529684820678,0.06615138053894043
random_discrete,0,180,0.0001506357548350934,0.06521748751401901
random_discrete,0,181,0.0001474734344810713,0.06496373564004898
random_discrete,0,182,0.00014733816715306602,0.06577053666114807
random_discrete,0,183,0.00014021909373695962,0.06560806930065155
random_discrete,0,184,0.00015353531125583686,0.06658899784088135
random_discrete,0,185,0.00015492655074922368,0.06464998424053192
random_discrete,0,186,0.00018261447621625848,0.06577199697494507
random_discrete,0,187,0.0002082416249322705,0.06540253758430481
random_discrete,0,188,0.00019009653624380007,0.06519029289484024
random_discrete,0,189,0.00017146716709248722,0.06595602631568909
random_discrete,0,190,0.00015147807789617218,0.06590215861797333
random_discrete,0,191,0.00015673076632083394,0.06445607542991638
random_discrete,0,192,0.00014835170077276416,0.06498558819293976
random_discrete,0,193,0.0001703814705251716,0.06536942720413208
random_discrete,0,194,0.0001553890724608209,0.06358924508094788
random_discrete,0,195,0.00015414438894367777,0.06593263149261475
random_discrete,0,196,0.00015349669411079958,0.06542423367500305
random_discrete,0,197,0.00015375583825516514,0.06301750242710114
random_discrete,0,198,0.00013990897059557028,0.06437990069389343
random_discrete,0,199,0.00013916194438934326,0.06577491015195847
random_discrete,0,200,0.00013961920376459602,0.06348761916160583
random_discrete,0,201,0.0001374486309941858,0.0644775927066803
random_discrete,0,202,0.00012428686204657424,0.06486549228429794
random_discrete,0,203,0.00012401352978486102,0.0639624148607254
random_discrete,0,204,0.000125609636597801,0.06383995711803436
random_discrete,0,205,0.0001313391767325811,0.06447174400091171
random_discrete,0,206,0.00012318291919655167,0.06441532075405121
random_discrete,0,207,0.00011504720896482468,0.06354768574237823
random_discrete,0,208,0.00011152862680319231,0.06389052420854568
random_discrete,0,209,0.00011619891120062675,0.06430758535861969
random_discrete,0,210,0.00011390706458769273,0.0636606216430664
random_discrete,0,211,0.00012148983660154045,0.0639377310872078
random_discrete,0,212,0.00012220208373037167,0.0625334233045578
random_discrete,0,213,0.00013574214608524926,0.06400377303361893
random_discrete,0,214,0.0001240473302459577,0.06461399793624878
random_discrete,0,215,0.00013404700075625442,0.06291720271110535
random_discrete,0,216,0.0001391377991240006,0.06390119343996048
random_discrete,0,217,0.00011921362965949811,0.064763143658638
random_discrete,0,218,0.00011570532842597459,0.06324899196624756
random_discrete,0,219,0.00010889456098084338,0.06261016428470612
random_discrete,0,220,0.00011847259520436637,0.06421872973442078
random_discrete,0,221,0.00011087490202044137,0.06331406533718109
random_discrete,0,222,0.00010987465793732554,0.06346751749515533
random_discrete,0,223,0.00011381782678654417,0.06255479902029037
random_discrete,0,224,0.00011773993719543796,0.06399932503700256
random_discrete,0,225,0.00012136111035943031,0.0627017691731453
random_discrete,0,226,0.00011290814109088387,0.06208519637584686
random_discrete,0,227,0.00010723529521783348,0.06306741386651993
random_discrete,0,228,0.00010962951091642026,0.06289881467819214
random_discrete,0,229,0.00011806713337136898,0.06259103864431381
random_discrete,0,230,0.00012249510473338887,0.06218022108078003
random_discrete,0,231,0.00011200073822692502,0.06303547322750092
random_discrete,0,232,9.598070573701989e-05,0.06250625848770142
random_discrete,0,233,0.0001040493789332686,0.06348785758018494
random_discrete,0,234,0.00010468195614521392,0.06329315155744553
random_discrete,0,235,9.820187733566854e-05,0.06258495151996613
random_discrete,0,236,9.39682031457778e-05,0.06328806281089783
random_discrete,0,237,9.329080057796091e-05,0.0628138929605484
random_discrete,0,238,9.071532258531079e-05,0.06238444894552231
random_discrete,0,239,8.538467591279186e-05,0.06275716423988342
random_discrete,0,240,9.180352572002448e-05,0.06232133135199547
random_discrete,0,241,9.499660336587112e-05,0.06320449709892273
random_discrete,0,242,9.671588304627221e-05,0.06259960681200027
random_discrete,0,243,0.00010769339314720128,0.06246377155184746
random_discrete,0,244,0.0001016231926769251,0.061955101788043976
random_discrete,0,245,9.646506259741727e-05,0.061483900994062424
random_discrete,0,246,9.732447870192118e-05,0.06235703453421593
random_discrete,0,247,9.580988989910111e-05,0.0627521499991417
random_discrete,0,248,0.00010187972839048598,0.06182604655623436
random_discrete,0,249,9.999209760280792e-05,0.06228509917855263
random_discrete,0,250,8.404386244365014e-05,0.061751384288072586
standard_discrete,0,1,0.618623785674572,0.08420365303754807
standard_discrete,0,2,0.11226293817162514,0.07633517682552338
standard_discrete,0,3,0.08132686652243137,0.07431548833847046
standard_discrete,0,4,0.07696903496980667,0.0766640454530716
standard_discrete,0,5,0.07111511938273907,0.07679713517427444
standard_discrete,0,6,0.0699166227132082,0.07985794544219971
standard_discrete,0,7,0.06811348348855972,0.07052979618310928
standard_discrete,0,8,0.06463304534554482,0.06866804510354996
standard_discrete,0,9,0.06316129676997662,0.07311145216226578
standard_discrete,0,10,0.06145935785025358,0.07164612412452698
standard_discrete,0,11,0.06031289603561163,0.06340009719133377
standard_discrete,0,12,0.05288281198590994,0.06211524084210396
standard_discrete,0,13,0.03648608922958374,0.057458579540252686
standard_discrete,0,14,0.0276309447363019,0.039777860045433044
standard_discrete,0,15,0.02161368355154991,0.03538152202963829
standard_discrete,0,16,0.013923065271228552,0.03393871337175369
standard_discrete,0,17,0.009916070150211453,0.03729762136936188
standard_discrete,0,18,0.008377023856155574,0.027860799804329872
standard_discrete,0,19,0.006579151260666549,0.028285564854741096
standard_discrete,0,20,0.005747392540797591,0.029588207602500916
standard_discrete,0,21,0.005382631556130946,0.02744290977716446
standard_discrete,0,22,0.004765837802551687,0.027096141129732132
standard_discrete,0,23,0.004311952972784638,0.027003686875104904
standard_discrete,0,24,0.0040045022033154964,0.025610165670514107
standard_discrete,0,25,0.003571435227058828,0.024761823937296867
standard_discrete,0,26,0.0033255928428843617,0.024945637211203575
standard_discrete,0,27,0.0031051874975673854,0.024699272587895393
standard_discrete,0,28,0.0028640521923080087,0.024792788550257683
standard_discrete,0,29,0.0026474205660633743,0.02374180033802986
standard_discrete,0,30,0.002442285302095115,0.024355724453926086
standard_discrete,0,31,0.002399610646534711,0.025615638121962547
standard_discrete,0,32,0.0021840332192368805,0.025046152994036674
standard_discrete,0,33,0.002183683216571808,0.0241023488342762
standard_discrete,0,34,0.0020448474679142237,0.024355601519346237
standard_discrete,0,35,0.0019122064986731857,0.02515670657157898
standard_discrete,0,36,0.0018221037462353706,0.02407199703156948
standard_discrete,0,37,0.0017107570893131196,0.024950910359621048
standard_discrete,0,38,0.001760791608830914,0.02453046292066574
standard_discrete,0,39,0.0016589776787441224,0.023933567106723785
standard_discrete,0,40,0.0015320071252062917,0.023136621341109276
standard_discrete,0,41,0.0015096125425770879,0.02291910909116268
standard_discrete,0,42,0.001514827337814495,0.023681597784161568
standard_discrete,0,43,0.0014205720217432827,0.023591822013258934
standard_discrete,0,44,0.0013258370745461434,0.024862322956323624
standard_discrete,0,45,0.0013102911761961877,0.024340549483895302
standard_discrete,0,46,0.0012618883047252893,0.02433602139353752
standard_discrete,0,47,0.0011884481937158853,0.023754779249429703
standard_discrete,0,48,0.0011671623215079308,0.0233890600502491
standard_discrete,0,49,0.0011511344637256116,0.02313646674156189
standard_discrete,0,50,0.0011585877218749374,0.022644534707069397
standard_discrete,0,51,0.0011054119386244565,0.022635329514741898
standard_discrete,0,52,0.0010362319007981569,0.022477177903056145
standard_discrete,0,53,0.0009962266049114987,0.02195795439183712
standard_discrete,0,54,0.0009756779909366742,0.023483706638216972
standard_discrete,0,55,0.0009477474668528885,0.02255263365805149
standard_discrete,0,56,0.000993878158624284,0.02320479229092598
standard_discrete,0,57,0.0009123834024649113,0.023244280368089676
standard_discrete,0,58,0.0008412644674535841,0.023741239681839943
standard_discrete,0,59,0.0008561127906432375,0.02392168901860714
standard_discrete,0,60,0.0008287610253319144,0.023475918918848038
standard_discrete,0,61,0.0007830411486793309,0.023325705900788307
standard_discrete,0,62,0.0007664866425329819,0.023170743137598038
standard_discrete,0,63,0.0007326532795559615,0.022480666637420654
standard_discrete,0,64,0.0006922861648490652,0.022995665669441223
standard_discrete,0,65,0.0006808698817621917,0.023202648386359215
standard_discrete,0,66,0.0006886046030558646,0.0228203684091568
standard_discrete,0,67,0.0006643772212555632,0.022882461547851562
standard_discrete,0,68,0.0006599142943741754,0.022208627313375473
standard_discrete,0,69,0.0006604411173611879,0.022010190412402153
standard_discrete,0,70,0.0007080810464685783,0.02287200465798378
standard_discrete,0,71,0.0006398213736247271,0.02315693348646164
standard_discrete,0,72,0.0006382354185916483,0.022411761805415154
standard_discrete,0,73,0.0006047952047083527,0.021946236491203308
standard_discrete,0,74,0.0005727570096496493,0.02241997979581356
standard_discrete,0,75,0.0005755540623795241,0.022445425391197205
standard_discrete,0,76,0.0005811829032609239,0.022008772939443588
standard_discrete,0,77,0.0005679737223545089,0.02114928513765335
standard_discrete,0,78,0.000578836232307367,0.020983917638659477
standard_discrete,0,79,0.0005519281257875264,0.02088530920445919
standard_discrete,0,80,0.0005309607659000903,0.02175191044807434
standard_discrete,0,81,0.0005373084568418562,0.022095179185271263
standard_discrete,0,82,0.0005303072539390996,0.02175571210682392
standard_discrete,0,83,0.0005181856540730223,0.0214629415422678
standard_discrete,0,84,0.0004895770398434252,0.02144954353570938
standard_discrete,0,85,0.00047311170055763796,0.02143414504826069
standard_discrete,0,86,0.00048387479182565585,0.022056685760617256
standard_discrete,0,87,0.0004677219985751435,0.02199341356754303
standard_discrete,0,88,0.0004907632610411383,0.02116433158516884
standard_discrete,0,89,0.0004548027354758233,0.020624442026019096
standard_discrete,0,90,0.0004604049972840585,0.020298441872000694
standard_discrete,0,91,0.0004377800360089168,0.020580381155014038
standard_discrete,0,92,0.00042673713323893026,0.02058483473956585
standard_discrete,0,93,0.0004283159214537591,0.02112811617553234
standard_discrete,0,94,0.00039423777343472466,0.02124057337641716
standard_discrete,0,95,0.00039819498488213867,0.021130535751581192
standard_discrete,0,96,0.0003980043256888166,0.021148066967725754
standard_discrete,0,97,0.000386088082450442,0.020247062668204308
standard_discrete,0,98,0.00039521255530416965,0.020187465474009514
standard_discrete,0,99,0.0003733970515895635,0.019987277686595917
standard_discrete,0,100,0.0003602436845540069,0.019258446991443634
standard_discrete,0,101,0.00038966866122791544,0.019512902945280075
standard_discrete,0,102,0.0004036381287733093,0.019953617826104164
standard_discrete,0,103,0.0003705796116264537,0.020589236170053482
standard_discrete,0,104,0.00035916262277169153,0.020602824166417122
standard_discrete,0,105,0.00033896523382281885,0.020286638289690018
standard_discrete,0,106,0.0003347803358337842,0.019556110724806786
standard_discrete,0,107,0.0003275922790635377,0.01942761056125164
standard_discrete,0,108,0.00032835480669746175,0.019043009728193283
standard_discrete,0,109,0.0003187207839800976,0.019850993528962135
standard_discrete,0,110,0.000319867096550297,0.020154831930994987
standard_discrete,0,111,0.00032176247623283416,0.01989630237221718
standard_discrete,0,112,0.0003188123882864602,0.019673513248562813
standard_discrete,0,113,0.0002970552013721317,0.019703563302755356
standard_discrete,0,114,0.0002942288410849869,0.019168900325894356
standard_discrete,0,115,0.0003024679099326022,0.019122207537293434
standard_discrete,0,116,0.00030735976906726137,0.0191896203905344
standard_discrete,0,117,0.00031139257771428674,0.01916784606873989
standard_discrete,0,118,0.0002971934882225469,0.019440041854977608
standard_discrete,0,119,0.0002911917181336321,0.01866183616220951
standard_discrete,0,120,0.000280911750451196,0.018543684855103493
standard_discrete,0,121,0.0002777981135295704,0.01872234046459198
standard_discrete,0,122,0.00028221221145940945,0.01888551004230976
standard_discrete,0,123,0.00027977680292678997,0.018727315589785576
standard_discrete,0,124,0.00026433844686835073,0.018394749611616135
standard_discrete,0,125,0.0002659800084074959,0.01808912493288517
standard_discrete,0,126,0.00024110328013193794,0.01826317235827446
standard_discrete,0,127,0.00024288755594170652,0.018221378326416016
standard_discrete,0,128,0.00024065303296083584,0.018451761454343796
standard_discrete,0,129,0.00024881557692424394,0.018065394833683968
standard_discrete,0,130,0.00024314492839039303,0.017787814140319824
standard_discrete,0,131,0.0002340444661967922,0.018163522705435753
standard_discrete,0,132,0.0002238136003143154,0.018252698704600334
standard_discrete,0,133,0.00023431720182998106,0.0180716160684824
standard_discrete,0,134,0.00022091230130172335,0.017850205302238464
standard_discrete,0,135,0.0002267776580993086,0.01787589117884636
standard_discrete,0,136,0.00022154149337438866,0.018021222203969955
standard_discrete,0,137,0.0002121856014127843,0.017640039324760437
standard_discrete,0,138,0.00020644360847654752,0.017489733174443245
standard_discrete,0,139,0.00021399828983703628,0.017582042142748833
standard_discrete,0,140,0.00020584648518706672,0.017594199627637863
standard_discrete,0,141,0.00021054620083305053,0.01713077910244465
standard_discrete,0,142,0.0002048130008915905,0.017038192600011826
standard_discrete,0,143,0.00019826429343083873,0.017364321276545525
standard_discrete,0,144,0.00018853369692806154,0.01716175302863121
standard_discrete,0,145,0.00019532252554199658,0.016870910301804543
standard_discrete,0,146,0.00019563298701541498,0.017003878951072693
standard_discrete,0,147,0.00019295188030810095,0.01734042353928089
standard_discrete,0,148,0.00018373404964222573,0.017071878537535667
standard_discrete,0,149,0.00018563252160674892,0.016749100759625435
standard_discrete,0,150,0.00019087574037257582,0.016673600301146507
standard_discrete,0,151,0.0001829943103075493,0.01665417104959488
standard_discrete,0,152,0.0001715746766421944,0.016568712890148163
standard_discrete,0,153,0.00016622893963358365,0.01684444025158882
standard_discrete,0,154,0.0001706292969174683,0.016881881281733513
standard_discrete,0,155,0.00016607490397291258,0.01682010479271412
standard_discrete,0,156,0.00017256371211260557,0.016772542148828506
standard_discrete,0,157,0.00017493530685896985,0.01584145985543728
standard_discrete,0,158,0.00018221603022539057,0.015773536637425423
standard_discrete,0,159,0.00017325958469882607,0.016147147864103317
standard_discrete,0,160,0.00016838569717947394,0.01653786562383175
standard_discrete,0,161,0.00017429699437343515,0.016534091904759407
standard_discrete,0,162,0.0001635344378883019,0.016665084287524223
standard_discrete,0,163,0.000167784201039467,0.01587039977312088
standard_discrete,0,164,0.00016419815437984653,0.015675215050578117
standard_discrete,0,165,0.0001672145699558314,0.015748172998428345
standard_discrete,0,166,0.00015775350766489282,0.015927745029330254
standard_discrete,0,167,0.00014837678463663906,0.015851903706789017
standard_discrete,0,168,0.00015557358346995898,0.016188398003578186
standard_discrete,0,169,0.00014111239215708338,0.015844637528061867
standard_discrete,0,170,0.00015154514403548092,0.0159223023802042
standard_discrete,0,171,0.00014190479487297125,0.015677329152822495
standard_discrete,0,172,0.00013539726205635816,0.015216521918773651
standard_discrete,0,173,0.00013345687693799846,0.015327990055084229
standard_discrete,0,174,0.00012873351806774735,0.015194897539913654
standard_discrete,0,175,0.00013583074905909598,0.01539006270468235
standard_discrete,0,176,0.0001350585625914391,0.015676723793148994
standard_discrete,0,177,0.0001277998417208437,0.015219088643789291
standard_discrete,0,178,0.0001228437486133771,0.015093046240508556
standard_discrete,0,179,0.00012101299762434792,0.015150257386267185
standard_discrete,0,180,0.000129519645270193,0.015620569698512554
standard_discrete,0,181,0.00013820332969771698,0.015309067443013191
standard_discrete,0,182,0.00013214926548243966,0.014895406551659107
standard_discrete,0,183,0.0001269922995561501,0.014858990907669067
standard_discrete,0,184,0.00012684935245488305,0.015520569868385792
standard_discrete,0,185,0.00013484944429364987,0.015783535316586494
standard_discrete,0,186,0.0001345839355053613,0.014900975860655308
standard_discrete,0,187,0.0001282690245716367,0.014459473080933094
standard_discrete,0,188,0.00013328175191418268,0.014331528916954994
standard_discrete,0,189,0.0001228500514116604,0.014650204218924046
standard_discrete,0,190,0.00011189440556336194,0.015265876427292824
standard_discrete,0,191,0.00011535672274476383,0.014911160804331303
standard_discrete,0,192,0.0001173373129859101,0.014451584778726101
standard_discrete,0,193,0.00011487910524010658,0.014340278692543507
standard_discrete,0,194,0.0001106654653995065,0.014832813292741776
standard_discrete,0,195,0.00010789120824483689,0.014646437019109726
standard_discrete,0,196,0.000107430292700883,0.01486300490796566
standard_discrete,0,197,0.000103478729215567,0.01459407340735197
standard_discrete,0,198,0.00010001143346016761,0.014524180442094803
standard_discrete,0,199,9.840269922278821e-05,0.014465280808508396
standard_discrete,0,200,0.00010189619024458807,0.014284972101449966
standard_discrete,0,201,0.00010107982961926609,0.014515893533825874
standard_discrete,0,202,0.00010341945926484186,0.014282801188528538
standard_discrete,0,203,9.843672705756035e-05,0.014127520844340324
standard_discrete,0,204,0.0001006160891847685,0.013862276449799538
standard_discrete,0,205,9.952127402357291e-05,0.013882889412343502
standard_discrete,0,206,9.645768295740709e-05,0.014373124577105045
standard_discrete,0,207,9.360500735056121e-05,0.014259078539907932
standard_discrete,0,208,9.490604134043679e-05,0.013961678370833397
standard_discrete,0,209,9.711501115816645e-05,0.013729199767112732
standard_discrete,0,210,8.506509402650408e-05,0.014001931995153427
standard_discrete,0,211,8.969151167548262e-05,0.014318116940557957
standard_discrete,0,212,8.617146158940159e-05,0.013649160042405128
standard_discrete,0,213,8.713419993000571e-05,0.01389950979501009
standard_discrete,0,214,8.537149005860556e-05,0.01394437812268734
standard_discrete,0,215,8.827483907225542e-05,0.013779295608401299
standard_discrete,0,216,9.00922514119884e-05,0.013691031374037266
standard_discrete,0,217,8.750925007916521e-05,0.013469886034727097
standard_discrete,0,218,8.831341074255761e-05,0.013372870162129402
standard_discrete,0,219,9.226322072208859e-05,0.01385126356035471
standard_discrete,0,220,9.250736911781132e-05,0.013393237255513668
standard_discrete,0,221,8.781118231127039e-05,0.013377013616263866
standard_discrete,0,222,8.65964775584871e-05,0.013486006297171116
standard_discrete,0,223,8.07410051493207e-05,0.013674032874405384
standard_discrete,0,224,8.233459266193677e-05,0.013745250180363655
standard_discrete,0,225,8.758977128309198e-05,0.013569685630500317
standard_discrete,0,226,8.30944536573952e-05,0.013392851687967777
standard_discrete,0,227,7.83519571996294e-05,0.013278926722705364
standard_discrete,0,228,8.162829908542335e-05,0.013308379799127579
standard_discrete,0,229,7.40949635655852e-05,0.013622457161545753
standard_discrete,0,230,7.076669862726703e-05,0.013375126756727695
standard_discrete,0,231,7.160828317864798e-05,0.013236533850431442
standard_discrete,0,232,7.241669118229765e-05,0.013281743042171001
standard_discrete,0,233,7.230858500406612e-05,0.013312659226357937
standard_discrete,0,234,6.834343366790563e-05,0.01311536692082882
standard_discrete,0,235,6.861535075586289e-05,0.01306965108960867
standard_discrete,0,236,7.035543421807233e-05,0.013112901709973812
standard_discrete,0,237,7.38679627829697e-05,0.013362047262489796
standard_discrete,0,238,7.08691786712734e-05,0.013146002776920795
standard_discrete,0,239,7.28151007933775e-05,0.012760723009705544
standard_discrete,0,240,6.680186925223097e-05,0.012690680101513863
standard_discrete,0,241,7.313637797778938e-05,0.013365872204303741
standard_discrete,0,242,6.902055429236498e-05,0.013249881565570831
standard_discrete,0,243,6.855698484287132e-05,0.012883706018328667
standard_discrete,0,244,6.526949619001243e-05,0.013008994981646538
standard_discrete,0,245,6.370534902089275e-05,0.013151261955499649
standard_discrete,0,246,6.567881973751355e-05,0.01307551097124815
standard_discrete,0,247,6.256867163756397e-05,0.012917974032461643
standard_discrete,0,248,6.575054248969536e-05,0.01278746034950018
standard_discrete,0,249,6.254150684981141e-05,0.012730374000966549
standard_discrete,0,250,6.036084778315853e-05,0.012800163589417934
tetrahedral_discrete,0,1,0.7447876259684563,0.11552388966083527
tetrahedral_discrete,0,2,0.14321192353963852,0.06760962307453156
tetrahedral_discrete,0,3,0.09696001559495926,0.06840510666370392
tetrahedral_discrete,0,4,0.08407078683376312,0.07484997063875198
tetrahedral_discrete,0,5,0.0790835153311491,0.06907755136489868
tetrahedral_discrete,0,6,0.07895533740520477,0.0637177973985672
tetrahedral_discrete,0,7,0.0765428151935339,0.06554344296455383
tetrahedral_discrete,0,8,0.07377715781331062,0.06271026283502579
tetrahedral_discrete,0,9,0.07288419641554356,0.0653136596083641
tetrahedral_discrete,0,10,0.07163003273308277,0.0632971003651619
tetrahedral_discrete,0,11,0.07011560164391994,0.06196849048137665
tetrahedral_discrete,0,12,0.06918676570057869,0.06220444291830063
tetrahedral_discrete,0,13,0.06691750884056091,0.06076563522219658
tetrahedral_discrete,0,14,0.06321430020034313,0.05362975224852562
tetrahedral_discrete,0,15,0.052796876057982445,0.04287514090538025
tetrahedral_discrete,0,16,0.04727858677506447,0.03493798151612282
tetrahedral_discrete,0,17,0.033994856756180525,0.025438668206334114
tetrahedral_discrete,0,18,0.02106571476906538,0.015328103676438332
tetrahedral_discrete,0,19,0.013231123331934214,0.012986220419406891
tetrahedral_discrete,0,20,0.009858287405222654,0.009988265112042427
tetrahedral_discrete,0,21,0.0075867726700380445,0.009474825114011765
tetrahedral_discrete,0,22,0.006187117658555508,0.007666059769690037
tetrahedral_discrete,0,23,0.0054334248416125774,0.008074554614722729
tetrahedral_discrete,0,24,0.004845510586164892,0.007112464867532253
tetrahedral_discrete,0,25,0.004125999985262752,0.007557855919003487
tetrahedral_discrete,0,26,0.0037656205822713673,0.007615336216986179
tetrahedral_discrete,0,27,0.0034216162166558206,0.007462739013135433
tetrahedral_discrete,0,28,0.0030675744055770338,0.007234958931803703
tetrahedral_discrete,0,29,0.0028656567446887493,0.007499399594962597
tetrahedral_discrete,0,30,0.0026184077723883092,0.007525602821260691
tetrahedral_discrete,0,31,0.0025770741631276906,0.007568127941340208
tetrahedral_discrete,0,32,0.002226017997600138,0.007519704755395651
tetrahedral_discrete,0,33,0.0021853732760064304,0.007550615817308426
tetrahedral_discrete,0,34,0.0021260504727251828,0.007704454939812422
tetrahedral_discrete,0,35,0.001992813515244052,0.007500120904296637
tetrahedral_discrete,0,36,0.0018599567411001772,0.00779498228803277
tetrahedral_discrete,0,37,0.0018224201921839267,0.007712263613939285
tetrahedral_discrete,0,38,0.0016376408748328686,0.007669928018003702
tetrahedral_discrete,0,39,0.0016621864342596382,0.007704875897616148
tetrahedral_discrete,0,40,0.001531418995000422,0.007596777752041817
tetrahedral_discrete,0,41,0.0015520659217145294,0.00763706536963582
tetrahedral_discrete,0,42,0.0014461336832027882,0.007901514880359173
tetrahedral_discrete,0,43,0.0013814126723445952,0.007795341778546572
tetrahedral_discrete,0,44,0.0013851241674274206,0.007970290258526802
tetrahedral_discrete,0,45,0.001271308516152203,0.00790790282189846
tetrahedral_discrete,0,46,0.0012938393047079444,0.007971289567649364
tetrahedral_discrete,0,47,0.001267462648684159,0.008547036908566952
tetrahedral_discrete,0,48,0.0011846212146338075,0.008331277407705784
tetrahedral_discrete,0,49,0.0011425834672991186,0.008198266848921776
tetrahedral_discrete,0,50,0.0011493359634187073,0.008152189664542675
tetrahedral_discrete,0,51,0.0010849214741028845,0.008368662558495998
tetrahedral_discrete,0,52,0.0010824703495018184,0.008378064259886742
tetrahedral_discrete,0,53,0.0010595966305118054,0.008257230743765831
tetrahedral_discrete,0,54,0.0010289745114278048,0.008431755006313324
tetrahedral_discrete,0,55,0.0009522076434222981,0.008178123272955418
tetrahedral_discrete,0,56,0.0009529505477985367,0.008413203060626984
tetrahedral_discrete,0,57,0.0008983198786154389,0.008402942679822445
tetrahedral_discrete,0,58,0.0008894526545191184,0.008379833772778511
tetrahedral_discrete,0,59,0.000819476626929827,0.008589108474552631
tetrahedral_discrete,0,60,0.0008421345264650881,0.008563265204429626
tetrahedral_discrete,0,61,0.0008825217664707452,0.008691263385117054
tetrahedral_discrete,0,62,0.0008019810629775748,0.008671103045344353
tetrahedral_discrete,0,63,0.0007583361293654889,0.008720504119992256
tetrahedral_discrete,0,64,0.0007250417256727815,0.008911414071917534
tetrahedral_discrete,0,65,0.000730904852389358,0.00877873133867979
tetrahedral_discrete,0,66,0.0007239143014885485,0.008967513218522072
tetrahedral_discrete,0,67,0.0007211861957330257,0.00883154384791851
tetrahedral_discrete,0,68,0.0006717397918691859,0.008710904978215694
tetrahedral_discrete,0,69,0.0006615104502998292,0.008857447654008865
tetrahedral_discrete,0,70,0.0006735085189575329,0.00891804974526167
tetrahedral_discrete,0,71,0.0006529063248308375,0.00885260570794344
tetrahedral_discrete,0,72,0.000643587249214761,0.008973288349807262
tetrahedral_discrete,0,73,0.0006227199919521809,0.00913278292864561
tetrahedral_discrete,0,74,0.000592972690355964,0.009231636300683022
tetrahedral_discrete,0,75,0.000591530988458544,0.009187683463096619
tetrahedral_discrete,0,76,0.0005864308041054755,0.009174654260277748
tetrahedral_discrete,0,77,0.0005586745974142104,0.009147712960839272
tetrahedral_discrete,0,78,0.0005525781016331166,0.009306673891842365
tetrahedral_discrete,0,79,0.0005467039882205427,0.009361726231873035
tetrahedral_discrete,0,80,0.0005630624218611047,0.009543059393763542
tetrahedral_discrete,0,81,0.0005485654401127249,0.009437330067157745
tetrahedral_discrete,0,82,0.0005364597454899922,0.009548541158437729
tetrahedral_discrete,0,83,0.0005361240910133347,0.009599953889846802
tetrahedral_discrete,0,84,0.0005095216911286116,0.009426710195839405
tetrahedral_discrete,0,85,0.000503170864249114,0.00941447727382183
tetrahedral_discrete,0,86,0.0004904261586489156,0.009393000975251198
tetrahedral_discrete,0,87,0.0004803851552424021,0.009524818509817123
tetrahedral_discrete,0,88,0.00046386721078306437,0.009735718369483948
tetrahedral_discrete,0,89,0.0004450423948583193,0.009685423225164413
tetrahedral_discrete,0,90,0.00046305708383442834,0.00952818337827921
tetrahedral_discrete,0,91,0.00046523432683898136,0.009878094308078289
tetrahedral_discrete,0,92,0.0004417499076225795,0.009615571238100529
tetrahedral_discrete,0,93,0.0004399698300403543,0.009819181635975838
tetrahedral_discrete,0,94,0.00043483744229888543,0.009715455584228039
tetrahedral_discrete,0,95,0.0004336794590926729,0.009720904752612114
tetrahedral_discrete,0,96,0.00042513902008067816,0.009922043420374393
tetrahedral_discrete,0,97,0.00042879385728156194,0.009831450879573822
tetrahedral_discrete,0,98,0.000417578179622069,0.009824978187680244
tetrahedral_discrete,0,99,0.00040731312765274197,0.009909800253808498
tetrahedral_discrete,0,100,0.00040930660907179117,0.009831416420638561
tetrahedral_discrete,0,101,0.00038824804505566135,0.009805985726416111
tetrahedral_discrete,0,102,0.0003903391771018505,0.010162049904465675
tetrahedral_discrete,0,103,0.00040684517443878576,0.01012485008686781
tetrahedral_discrete,0,104,0.0004035155216115527,0.01005645003169775
tetrahedral_discrete,0,105,0.0003731658580363728,0.010169317945837975
tetrahedral_discrete,0,106,0.00038624380249530077,0.010306489653885365
tetrahedral_discrete,0,107,0.00037676333158742636,0.010097400285303593
tetrahedral_discrete,0,108,0.0003511165996314958,0.010433328337967396
tetrahedral_discrete,0,109,0.0003543570637702942,0.010312527418136597
tetrahedral_discrete,0,110,0.0003487242283881642,0.010156506672501564
tetrahedral_discrete,0,111,0.00034888902882812545,0.010382608510553837
tetrahedral_discrete,0,112,0.00036192702827975154,0.010151546448469162
tetrahedral_discrete,0,113,0.00032695943082217127,0.010352477431297302
tetrahedral_discrete,0,114,0.0003231923983548768,0.010241085663437843
tetrahedral_discrete,0,115,0.0003325993166072294,0.010307610034942627
tetrahedral_discrete,0,116,0.000327537338307593,0.010225082747638226
tetrahedral_discrete,0,117,0.00032026314875110984,0.010585169307887554
tetrahedral_discrete,0,118,0.00031716294324724004,0.010479754768311977
tetrahedral_discrete,0,119,0.000310884635837283,0.010336783714592457
tetrahedral_discrete,0,120,0.0002986147301271558,0.01029142178595066
tetrahedral_discrete,0,121,0.00029204742168076336,0.010520406998693943
tetrahedral_discrete,0,122,0.0002941559796454385,0.01040658913552761
tetrahedral_discrete,0,123,0.00031445010245079175,0.010483945719897747
tetrahedral_discrete,0,124,0.00030660207266919315,0.010585315525531769
tetrahedral_discrete,0,125,0.0002979311757371761,0.010735154151916504
tetrahedral_discrete,0,126,0.00029213677771622315,0.010474301874637604
tetrahedral_discrete,0,127,0.0002878427185351029,0.010351579636335373
tetrahedral_discrete,0,128,0.00029266562341945246,0.010641426779329777
tetrahedral_discrete,0,129,0.000277563878626097,0.01076133269816637
tetrahedral_discrete,0,130,0.00026822913059731945,0.010607616975903511
tetrahedral_discrete,0,131,0.00026331652043154463,0.010689845308661461
tetrahedral_discrete,0,132,0.000261507484538015,0.010479406453669071
tetrahedral_discrete,0,133,0.0002601304659037851,0.010669414885342121
tetrahedral_discrete,0,134,0.00026085807621711865,0.010685195215046406
tetrahedral_discrete,0,135,0.00025731572532095015,0.010632588528096676
tetrahedral_discrete,0,136,0.00025066060698009096,0.010930225253105164
tetrahedral_discrete,0,137,0.00024876187308109365,0.010975581593811512
tetrahedral_discrete,0,138,0.0002578370513219852,0.010765483602881432
tetrahedral_discrete,0,139,0.00024641970230732113,0.010578617453575134
tetrahedral_discrete,0,140,0.0002551774523453787,0.010800533927977085
tetrahedral_discrete,0,141,0.00027876850799657404,0.010639670304954052
tetrahedral_discrete,0,142,0.0002804024115903303,0.010669076815247536
tetrahedral_discrete,0,143,0.0002600286461529322,0.010955329984426498
tetrahedral_discrete,0,144,0.00024387467055930756,0.01116043422371149
tetrahedral_discrete,0,145,0.00022629537124885246,0.01094982773065567
tetrahedral_discrete,0,146,0.0002336653124075383,0.011078525334596634
tetrahedral_discrete,0,147,0.0002286564849782735,0.011031991802155972
tetrahedral_discrete,0,148,0.00023526044606114738,0.010966090485453606
tetrahedral_discrete,0,149,0.00023438445350620896,0.010810600593686104
tetrahedral_discrete,0,150,0.00022545043611899018,0.010822994634509087
tetrahedral_discrete,0,151,0.00021763354016002268,0.010856807231903076
tetrahedral_discrete,0,152,0.00021724004909629002,0.011061475612223148
tetrahedral_discrete,0,153,0.00023097564553609118,0.011015217751264572
tetrahedral_discrete,0,154,0.00021232616563793272,0.011041857302188873
tetrahedral_discrete,0,155,0.00022117866319604218,0.011173847131431103
tetrahedral_discrete,0,156,0.00020790614507859573,0.01111684087663889
tetrahedral_discrete,0,157,0.00021441583885462023,0.011034265160560608
tetrahedral_discrete,0,158,0.00020891377062071115,0.011153563857078552
tetrahedral_discrete,0,159,0.00022035292204236612,0.011326808482408524
tetrahedral_discrete,0,160,0.00021545321942539886,0.011148856952786446
tetrahedral_discrete,0,161,0.00020819579003727995,0.011028158478438854
tetrahedral_discrete,0,162,0.00020381978902150877,0.010920006781816483
tetrahedral_discrete,0,163,0.00020207463239785284,0.0110789705067873
tetrahedral_discrete,0,164,0.00020470549497986212,0.011172425001859665
tetrahedral_discrete,0,165,0.00019568437710404396,0.011036839336156845
tetrahedral_discrete,0,166,0.00018128065130440518,0.011284132488071918
tetrahedral_discrete,0,167,0.00018631010607350618,0.011351751163601875
tetrahedral_discrete,0,168,0.0001744044857332483,0.011219116859138012
tetrahedral_discrete,0,169,0.00017237419524462894,0.011327126994729042
tetrahedral_discrete,0,170,0.00017626975386519916,0.011257071048021317
tetrahedral_discrete,0,171,0.0001847873609222006,0.01117146760225296
tetrahedral_discrete,0,172,0.00018301198360859416,0.011174955405294895
tetrahedral_discrete,0,173,0.00017730453691910952,0.011175980791449547
tetrahedral_discrete,0,174,0.00016542322555324063,0.011292635463178158
tetrahedral_discrete,0,175,0.00016843517005327158,0.011132213287055492
tetrahedral_discrete,0,176,0.00016489668632857502,0.011228627525269985
tetrahedral_discrete,0,177,0.00016726598551031202,0.011217133142054081
tetrahedral_discrete,0,178,0.00016754510215832852,0.011389805935323238
tetrahedral_discrete,0,179,0.00017402654339093715,0.011295568197965622
tetrahedral_discrete,0,180,0.00015776032887515612,0.011077945120632648
tetrahedral_discrete,0,181,0.00016936931569944136,0.011415748856961727
tetrahedral_discrete,0,182,0.00016304938617395237,0.011398916132748127
tetrahedral_discrete,0,183,0.00015831843847990967,0.011325300671160221
tetrahedral_discrete,0,184,0.00015934123803162947,0.01119166985154152
tetrahedral_discrete,0,185,0.00015896048353170045,0.011113562621176243
tetrahedral_discrete,0,186,0.00015399887706735171,0.011346961371600628
tetrahedral_discrete,0,187,0.00015883630112512037,0.011355157010257244
tetrahedral_discrete,0,188,0.0001626867124286946,0.01135938335210085
tetrahedral_discrete,0,189,0.00014645469127572142,0.01131008192896843
tetrahedral_discrete,0,190,0.00015364061982836574,0.011433251202106476
tetrahedral_discrete,0,191,0.00015233146405080333,0.011510627344250679
tetrahedral_discrete,0,192,0.0001503301245975308,0.011287430301308632
tetrahedral_discrete,0,193,0.0001436840175301768,0.011331440880894661
tetrahedral_discrete,0,194,0.00014711877884110436,0.011507539078593254
tetrahedral_discrete,0,195,0.00013634300194098614,0.011515623889863491
tetrahedral_discrete,0,196,0.00014760255726287141,0.011485045775771141
tetrahedral_discrete,0,197,0.00014498289965558797,0.011276436038315296
tetrahedral_discrete,0,198,0.00014580644347006455,0.011445180512964725
tetrahedral_discrete,0,199,0.00014837953858659603,0.01153610274195671
tetrahedral_discrete,0,200,0.0001420079861418344,0.011471378616988659
tetrahedral_discrete,0,201,0.00014563748118234798,0.01142060849815607
tetrahedral_discrete,0,202,0.0001380165122100152,0.011426371522247791
tetrahedral_discrete,0,203,0.00013736045730183832,0.011379417032003403
tetrahedral_discrete,0,204,0.0001396852603647858,0.011423115618526936
tetrahedral_discrete,0,205,0.0001396741281496361,0.011427906341850758
tetrahedral_discrete,0,206,0.00013399284216575325,0.011645227670669556
tetrahedral_discrete,0,207,0.00013175378990126774,0.011546872556209564
tetrahedral_discrete,0,208,0.000127741110190982,0.011483697220683098
tetrahedral_discrete,0,209,0.00012558836533571593,0.011690685525536537
tetrahedral_discrete,0,210,0.00012393391989462543,0.011623689904808998
tetrahedral_discrete,0,211,0.00012480220357247163,0.011494281701743603
tetrahedral_discrete,0,212,0.0001233343209605664,0.011510446667671204
tetrahedral_discrete,0,213,0.00012723947293125093,0.011440198868513107
tetrahedral_discrete,0,214,0.00012360043547232635,0.011636817827820778
tetrahedral_discrete,0,215,0.00012953464283782523,0.011721784248948097
tetrahedral_discrete,0,216,0.00012388001050567254,0.011553363874554634
tetrahedral_discrete,0,217,0.0001159153562184656,0.011494766920804977
tetrahedral_discrete,0,218,0.00011312219066894613,0.011536146514117718
tetrahedral_discrete,0,219,0.00011640016236924566,0.011733191087841988
tetrahedral_discrete,0,220,0.00011566605462576263,0.011529719457030296
tetrahedral_discrete,0,221,0.00010893483522522729,0.011455574072897434
tetrahedral_discrete,0,222,0.00011623804675764404,0.01154892798513174
tetrahedral_discrete,0,223,0.00012150326801929623,0.011427076533436775
tetrahedral_discrete,0,224,0.00011455832827778067,0.011728519573807716
tetrahedral_discrete,0,225,0.00011465891111583915,0.011767487972974777
tetrahedral_discrete,0,226,0.00011337268006172962,0.011481334455311298
tetrahedral_discrete,0,227,0.00011133707994304132,0.011443950235843658
tetrahedral_discrete,0,228,0.0001201852792291902,0.011631366796791553
tetrahedral_discrete,0,229,0.00011284299762337469,0.011600694619119167
tetrahedral_discrete,0,230,0.00010323461174266413,0.011498487554490566
tetrahedral_discrete,0,231,0.00010491655120858923,0.011519071646034718
tetrahedral_discrete,0,232,0.0001086011943698395,0.011612536385655403
tetrahedral_discrete,0,233,0.00010974255928886123,0.01174881961196661
tetrahedral_discrete,0,234,0.00010312460472050589,0.011658255010843277
tetrahedral_discrete,0,235,0.00010191191358899232,0.011453038081526756
tetrahedral_discrete,0,236,9.936671995092183e-05,0.011586262844502926
tetrahedral_discrete,0,237,9.714994303067215e-05,0.011606044135987759
tetrahedral_discrete,0,238,0.00010126551023859065,0.01158614456653595
tetrahedral_discrete,0,239,0.00010495176684344187,0.011542697437107563
tetrahedral_discrete,0,240,9.878904165816493e-05,0.011579678393900394
tetrahedral_discrete,0,241,9.799553845368791e-05,0.011748595163226128
tetrahedral_discrete,0,242,0.00010860926704481244,0.011598880402743816
tetrahedral_discrete,0,243,0.00010558098074398004,0.011590277776122093
tetrahedral_discrete,0,244,0.00010127496170753147,0.011698337271809578
tetrahedral_discrete,0,245,9.935760863299947e-05,0.011635876260697842
tetrahedral_discrete,0,246,9.647479419072624e-05,0.011767720803618431
tetrahedral_discrete,0,247,0.00010377008584327996,0.011790506541728973
tetrahedral_discrete,0,248,9.913027497532312e-05,0.011517810635268688
tetrahedral_discrete,0,249,0.00010436802040203474,0.011561185121536255
tetrahedral_discrete,0,250,9.922378012561239e-05,0.011679119430482388
continuous,0,1,0.5632676556706429,0.07859864085912704
continuous,0,2,0.10682139173150063,0.07762455940246582
continuous,0,3,0.08766644820570946,0.06959440559148788
continuous,0,4,0.08003320172429085,0.06514109671115875
continuous,0,5,0.07583625987172127,0.06546729058027267
continuous,0,6,0.0736979078501463,0.06456819921731949
continuous,0,7,0.07054411806166172,0.06132888048887253
continuous,0,8,0.06659446470439434,0.05932862311601639
continuous,0,9,0.05918172374367714,0.04327096417546272
continuous,0,10,0.0494929188862443,0.03390296548604965
continuous,0,11,0.03970770537853241,0.027011658996343613
continuous,0,12,0.028564587235450745,0.02507183514535427
continuous,0,13,0.020739547442644835,0.008952083997428417
continuous,0,14,0.013595299795269966,0.008309385739266872
continuous,0,15,0.011225389782339334,0.004770990461111069
continuous,0,16,0.008651079144328833,0.0024920410942286253
continuous,0,17,0.007101088063791394,0.0019240431720390916
continuous,0,18,0.005833938717842102,0.0020414714235812426
continuous,0,19,0.005833755829371512,0.0012369221076369286
continuous,0,20,0.004571051453240216,0.001568865031003952
continuous,0,21,0.004435110022313893,0.0007512743468396366
continuous,0,22,0.003961633308790624,0.000865649082697928
continuous,0,23,0.003710383491124958,0.0006206115358509123
continuous,0,24,0.003311192791443318,0.00044760521268472075
continuous,0,25,0.003095675725489855,0.0004780121671501547
continuous,0,26,0.002764153352472931,0.0005700073670595884
continuous,0,27,0.0027080191648565233,0.0003599050978664309
continuous,0,28,0.0025395420379936695,0.0003943188930861652
continuous,0,29,0.0024468694464303553,0.00036746871774084866
continuous,0,30,0.002375659765675664,0.00037672341568395495
continuous,0,31,0.0021854357910342515,0.00039260368794202805
continuous,0,32,0.0021094693220220506,0.00026725331554189324
continuous,0,33,0.0018745357228908688,0.0003726012073457241
continuous,0,34,0.001909608079586178,0.0002676551812328398
continuous,0,35,0.001793841365724802,0.00034470687387511134
continuous,0,36,0.0017511552723590285,0.0003141654306091368
continuous,0,37,0.0016398903680965304,0.00021957035642117262
continuous,0,38,0.0016576801135670394,0.0002837245992850512
continuous,0,39,0.0016050598642323166,0.00038187444442883134
continuous,0,40,0.0015365642902906984,0.0002970731584355235
continuous,0,41,0.0015338623197749257,0.0004507189732976258
continuous,0,42,0.0014188714267220348,0.00023037333448883146
continuous,0,43,0.001394357590470463,0.00046029590885154903
continuous,0,44,0.0013998871145304292,0.00043165445094928145
continuous,0,45,0.00139539988595061,0.00040181068470701575
continuous,0,46,0.0013975589536130428,0.00046260279486887157
continuous,0,47,0.00129801407456398,0.0004195281653665006
continuous,0,48,0.0012080706073902547,0.000344647589372471
continuous,0,49,0.0011358869960531592,0.0003081391623709351
continuous,0,50,0.0011273869022261351,0.0003879366267938167
continuous,0,51,0.0011551205534487963,0.0003407572512514889
continuous,0,52,0.0010995195189025253,0.00028635424678213894
continuous,0,53,0.0010611269099172205,0.00032525433925911784
continuous,0,54,0.0010262082505505532,0.00039360232767648995
continuous,0,55,0.0010103829263243824,0.00024539820151403546
continuous,0,56,0.0010081373620778322,0.0004327403730712831
continuous,0,57,0.0009911125671351328,0.0003620917850639671
continuous,0,58,0.0009513640106888488,0.00028533904696814716
continuous,0,59,0.0008581313013564795,0.0003189807466696948
continuous,0,60,0.0008747428219066933,0.00029613240621984005
continuous,0,61,0.0008784108940744773,0.0002673253766261041
continuous,0,62,0.00083172156882938,0.0004845104704145342
continuous,0,63,0.0008555319218430668,0.00023051521566230804
continuous,0,64,0.0008094923832686618,0.00032484775874763727
continuous,0,65,0.0008117479737848043,0.00027376122307032347
continuous,0,66,0.0008146160398609936,0.0003006671613547951
continuous,0,67,0.0007883711223257706,0.0003404279123060405
continuous,0,68,0.0007919612544355914,0.0002034463977906853
continuous,0,69,0.0007351016538450494,0.0001904170640045777
continuous,0,70,0.0006955701828701422,0.00025967060355469584
continuous,0,71,0.0006873845413792878,0.00020914558263029903
continuous,0,72,0.0007823349296813831,0.00038054940523579717
continuous,0,73,0.0007413036073558033,0.00027680533821694553
continuous,0,74,0.0006480289011960849,0.00019254958897363394
continuous,0,75,0.0006446450861403719,0.0002981996804010123
continuous,0,76,0.0006590583361685276,0.000275580445304513
continuous,0,77,0.0006282423419179395,0.0002904118737205863
continuous,0,78,0.0006530570826726034,0.00019076679018326104
continuous,0,79,0.000611174080404453,0.000303888984490186
continuous,0,80,0.000589945339015685,0.00018553505651652813
continuous,0,81,0.0006044617621228099,0.000336132594384253
continuous,0,82,0.0006259538786252961,0.0002585013280622661
continuous,0,83,0.0005823054962093011,0.00031630980083718896
continuous,0,84,0.0005789389106212184,0.0002214963169535622
continuous,0,85,0.0005968241166556254,0.00020740044419653714
continuous,0,86,0.0005482034030137584,0.0003739229869097471
continuous,0,87,0.0005746994720539078,0.00020196301920805126
continuous,0,88,0.0005755299935117364,0.00024497247068211436
continuous,0,89,0.0005711654084734619,0.0003371370257809758
continuous,0,90,0.0005432402322185226,0.0001854767178883776
continuous,0,91,0.000524133698490914,0.00015907335910014808
continuous,0,92,0.0005160461805644445,0.0002849388401955366
continuous,0,93,0.0004831935293623246,0.0002615957346279174
continuous,0,94,0.0005003332262276672,0.00015348914894275367
continuous,0,95,0.0005320841300999746,0.0002586532791610807
continuous,0,96,0.0005915238871239126,0.00035104696871712804
continuous,0,97,0.000539862594450824,0.0004245993332006037
continuous,0,98,0.0005853342154296115,0.00030678941402584314
continuous,0,99,0.0005821042868774384,0.0005120248533785343
continuous,0,100,0.0005534815645660274,0.00021872419165447354
continuous,0,101,0.0005173469689907506,0.00020556937670335174
continuous,0,102,0.0005125072348164394,0.0004815648135263473
continuous,0,103,0.000535575338290073,0.00022154692851472646
continuous,0,104,0.000522465088579338,0.00021514766558539122
continuous,0,105,0.0004954456744599156,0.0003181519568897784
continuous,0,106,0.0004921544968965463,0.00023984882864169776
continuous,0,107,0.0004282585432520136,0.00023729534586891532
continuous,0,108,0.0004503862073761411,0.00021176252630539238
continuous,0,109,0.0004091373848496005,0.0002736862516030669
continuous,0,110,0.0004442151912371628,0.00019735061505343765
continuous,0,111,0.0004153994159423746,0.00013184250565245748
continuous,0,112,0.0004376208453322761,0.0001766536879586056
continuous,0,113,0.0004069634815095924,0.00020871893502771854
continuous,0,114,0.0003885737169184722,0.00014469836605712771
continuous,0,115,0.0003707065843627788,0.00020493657211773098
continuous,0,116,0.00036807808646699414,0.000194036154425703
continuous,0,117,0.0003810417838394642,0.00021350415772758424
continuous,0,118,0.0004053976881550625,0.0002293588186148554
continuous,0,119,0.00039440506225218996,0.00014751849812455475
continuous,0,120,0.0003706192583194934,0.0002181164309149608
continuous,0,121,0.0003581008204491809,0.00017239876615349203
continuous,0,122,0.0003626363686635159,0.00011674150300677866
continuous,0,123,0.0003891177475452423,0.00036203506169840693
continuous,0,124,0.00045472392957890406,0.00027979875449091196
continuous,0,125,0.0004088833084097132,0.00023791176499798894
continuous,0,126,0.00041141098336083815,0.0001228154869750142
continuous,0,127,0.0003635240937001072,0.0003161535714752972
continuous,0,128,0.0003845637766062282,0.00019572864403016865
continuous,0,129,0.0004088254790985957,0.0001221684942720458
continuous,0,130,0.0003747512382688001,0.00010299166751792654
continuous,0,131,0.0003664773394120857,0.00026660121511667967
continuous,0,132,0.00038068272260716185,0.00021493181702680886
continuous,0,133,0.0003531342517817393,0.0001288094063056633
continuous,0,134,0.0003518316734698601,0.00019476124725770205
continuous,0,135,0.0003586671664379537,0.00023030582815408707
continuous,0,136,0.00035436417238088325,0.0001406509691150859
continuous,0,137,0.0003177325561409816,0.0001694317179499194
continuous,0,138,0.00031595543259754777,0.00017349555855616927
continuous,0,139,0.0002940841513918713,0.00016091138240881264
continuous,0,140,0.00027661796048050746,0.00014190550427883863
continuous,0,141,0.00028850173112004995,0.00011687143705785275
continuous,0,142,0.00026807281392393634,0.0001585495483595878
continuous,0,143,0.0002857357103493996,0.00013172712351661175
continuous,0,144,0.0002800912916427478,0.00012199709453852847
continuous,0,145,0.0002934158401330933,9.045955812325701e-05
continuous,0,146,0.0002762376461760141,0.00020408821001183242
continuous,0,147,0.00027228252292843536,0.0001796842407202348
continuous,0,148,0.0002657520708453376,0.00011065019498346373
continuous,0,149,0.00024912423759815283,0.00010676046804292127
continuous,0,150,0.00024224222215707414,0.00015204261580947787
continuous,0,151,0.00024924808531068265,8.935061487136409e-05
continuous,0,152,0.00023128428802010603,9.443052113056183e-05
continuous,0,153,0.000244558927079197,0.00013140025839675218
continuous,0,154,0.00024924597892095335,0.0002940906852018088
continuous,0,155,0.00028353218294796534,0.00011193122918484733
continuous,0,156,0.00023342900385614485,0.00012076651182724163
continuous,0,157,0.0002493416250217706,0.00011285424989182502
continuous,0,158,0.00023204892204375938,0.0002069319161819294
continuous,0,159,0.0002336998950340785,0.00012822098506148905
continuous,0,160,0.00022851737594464794,6.748626765329391e-05
continuous,0,161,0.00024557338838349096,9.590245463186875e-05
continuous,0,162,0.00023423917446052656,9.967306687030941e-05
continuous,0,163,0.00021790929895360023,0.00015985353093128651
continuous,0,164,0.00022584120961255394,0.00011987367906840518
continuous,0,165,0.00023946948203956708,0.00012171571870567277
continuous,0,166,0.00026045937920571305,0.0001547688734717667
continuous,0,167,0.00024157104417099617,0.00010187400766881183
continuous,0,168,0.0002064027576125227,9.690139995655045e-05
continuous,0,169,0.00020199972641421482,0.00015460723079741
continuous,0,170,0.00023652740128454752,8.94942568265833e-05
continuous,0,171,0.00021220554481260478,0.0001801073522074148
continuous,0,172,0.00025878847372950986,0.00015760748647153378
continuous,0,173,0.00026752540361485444,0.00029807581449858844
continuous,0,174,0.0002954905248770956,0.0001652817300055176
continuous,0,175,0.00024238310652435757,9.043618774740025e-05
continuous,0,176,0.00022821375750936568,0.00011528471077326685
continuous,0,177,0.0002252431404485833,9.325372957391664e-05
continuous,0,178,0.0002195518209191505,9.429627971258014e-05
continuous,0,179,0.00022538414486916736,0.00013965276593808085
continuous,0,180,0.0002290177289978601,0.00015285502013284713
continuous,0,181,0.00021012812430853955,9.267061250284314e-05
continuous,0,182,0.00018284848556504585,8.683174382895231e-05
continuous,0,183,0.00018223317238152958,6.895986007293686e-05
continuous,0,184,0.00016669895558152348,6.552882405230775e-05
continuous,0,185,0.00016429929382866248,9.540429164189845e-05
continuous,0,186,0.0001743658576742746,0.00012937429710291326
continuous,0,187,0.00018848784748115577,0.0001388532400596887
continuous,0,188,0.00018000779527937993,0.00010022140486398712
continuous,0,189,0.00015810388504178263,8.348153642145917e-05
continuous,0,190,0.00016547388077015057,6.032421515556052e-05
continuous,0,191,0.00015608933972544037,7.711840589763597e-05
continuous,0,192,0.00016648964083287865,8.30299686640501e-05
continuous,0,193,0.0001486731052864343,8.786729449639097e-05
continuous,0,194,0.00016530546054127626,9.318419324699789e-05
continuous,0,195,0.00016130485892063007,9.65259168879129e-05
continuous,0,196,0.00016488285473315045,8.259979222202674e-05
continuous,0,197,0.00017185633623739704,4.550185985863209e-05
continuous,0,198,0.00015328936933656223,7.326988998102024e-05
continuous,0,199,0.00015627450920874253,6.972740084165707e-05
continuous,0,200,0.00014434892727877013,6.941357423784211e-05
continuous,0,201,0.00013879123434890062,8.155999967129901e-05
continuous,0,202,0.00013593358380603604,7.013051072135568e-05
continuous,0,203,0.0001455694109608885,5.8264580729883164e-05
continuous,0,204,0.00013653844507643953,8.402484672842547e-05
continuous,0,205,0.00013565691551775672,7.750993245281279e-05
continuous,0,206,0.00016555644469917752,0.0001178447128040716
continuous,0,207,0.00016535630129510537,8.341784996446222e-05
continuous,0,208,0.00014821033255429938,7.622928387718275e-05
continuous,0,209,0.00014341595669975504,5.1476115913828835e-05
continuous,0,210,0.0001454536904930137,6.107908848207444e-05
continuous,0,211,0.0001499596874054987,0.00010063102672575042
continuous,0,212,0.00016469432739540935,7.770951924612746e-05
continuous,0,213,0.00016900738410186023,7.561098027508706e-05
continuous,0,214,0.00015286108100553975,6.23944288236089e-05
continuous,0,215,0.00014331900274555665,7.87269018474035e-05
continuous,0,216,0.00014333261060528457,0.00010241201380267739
continuous,0,217,0.0001428422619937919,7.910558633739129e-05
continuous,0,218,0.00014019129957887344,7.528000423917547e-05
continuous,0,219,0.00014187625856720842,9.407478501088917e-05
continuous,0,220,0.00013883480642107315,9.587884414941072e-05
continuous,0,221,0.00014398662460735068,7.840581383788958e-05
continuous,0,222,0.0001245136900251964,6.670610309811309e-05
continuous,0,223,0.00012312079525145236,7.959172216942534e-05
continuous,0,224,0.00012043940660078079,6.827745528426021e-05
continuous,0,225,0.00011387685299268924,5.1689668907783926e-05
continuous,0,226,0.0001161626696557505,4.0297116356668994e-05
continuous,0,227,0.0001054875992849702,4.088635614607483e-05
continuous,0,228,0.00010421945080452133,3.482931788312271e-05
continuous,0,229,0.0001045356948452536,3.587208266253583e-05
continuous,0,230,0.00011106635611213278,4.552052268991247e-05
continuous,0,231,0.00010289748752256855,5.049476749263704e-05
continuous,0,232,0.00010623476373439189,4.830909529118799e-05
continuous,0,233,9.814897202886641e-05,6.624673551414162e-05
continuous,0,234,0.00011454237937869038,5.241613689577207e-05
continuous,0,235,0.00010687722533475608,8.062277629505843e-05
continuous,0,236,0.00011418750727898441,8.612512465333566e-05
continuous,0,237,0.00010565814955043606,4.41919983131811e-05
continuous,0,238,9.719008994579781e-05,4.6740380639676005e-05
continuous,0,239,0.00010896039202634711,5.351197614800185e-05
continuous,0,240,9.476727609580848e-05,6.47848064545542e-05
continuous,0,241,9.862808474281337e-05,9.059203148353845e-05
continuous,0,242,0.00010752841626526788,9.731943282531574e-05
continuous,0,243,0.00010325723997084424,7.467188697773963e-05
continuous,0,244,0.00011566269131435547,5.028905434301123e-05
continuous,0,245,0.0001060416816471843,5.053988570580259e-05
continuous,0,246,8.573546801926568e-05,4.05970131396316e-05
continuous,0,247,9.705458796815947e-05,3.9540369471069425e-05
continuous,0,248,9.17857378226472e-05,4.1489300201646984e-05
continuous,0,249,8.736802737985272e-05,4.2090967326657847e-05
continuous,0,250,9.783107088878751e-05,5.115180101711303e-05
