cut,J,m,probe_draw,entropy,rank,delta_norm,effective_rank,participation_ratio,r95,p1,p2,p3,p4,p5
15,0.0,2,0,6.907755278982138e-29,1.0,0.4883580483847764,1.0,1.0,1.0,1.0,1.978123199752449e-33,0.0,0.0,0.0
15,0.0,3,0,1.3815510557964276e-28,1.0,0.6275542119878745,1.0,1.0,1.0,1.0,1.482402510121447e-32,2.311906520661993e-35,0.0,0.0
15,0.0,4,0,2.0723265836946412e-28,1.0,0.7419419454217374,1.0,1.0,1.0,1.0,3.664862066834293e-32,5.927811308042347e-35,9.293595888764258e-36,0.0
15,0.0,5,0,2.763102111592855e-28,1.0,0.7926398586633686,1.0,1.0,1.0,1.0,1.1423228398258049e-32,5.483934542413835e-35,2.1220807450988844e-35,5.3834868429731224e-36
15,0.0,6,0,3.453877639491069e-28,1.0,0.7947667948057343,1.0,1.0,1.0,1.0,1.2570720190378578e-32,5.446599980661903e-34,2.5109197699339183e-34,1.4313206343718892e-35
15,0.0,7,0,4.1446531673892825e-28,1.0,0.8019026744365991,1.0,1.0,1.0,1.0,6.673363567803492e-33,7.029594453525692e-34,4.368178326653043e-34,1.3741689977557482e-34
15,0.0,8,0,4.835428695287497e-28,1.0,0.7076081004289676,1.0,1.0,1.0,1.0,3.091155792197263e-32,1.3125490707911792e-32,1.725834219149748e-33,3.961791772392092e-34
15,0.0,10,0,6.216979751083924e-28,1.0,0.7644985362286958,1.0,1.0,1.0,1.0,3.627010609021819e-32,6.272911570293804e-33,3.4282932815099904e-33,2.4403364927109007e-34
15,0.0,12,0,7.598530806880351e-28,1.0,0.6967497028607507,1.0,1.0,1.0,1.0,8.4775111682317e-32,5.089238423082955e-33,2.8001953884595534e-33,3.6204417096501324e-34
15,0.0,16,0,1.0361632918473208e-27,1.0,0.7633206435694309,1.0,1.0,1.0,1.0,8.218821478700665e-32,1.302944913034483e-32,4.7391991929028925e-33,5.393028834931003e-34
15,0.0,2,1,6.907755278982138e-29,1.0,0.4916395217547928,1.0,1.0,1.0,1.0,9.398578514649272e-33,0.0,0.0,0.0
15,0.0,3,1,1.3815510557964276e-28,1.0,0.6265603004487315,1.0,1.0,1.0,1.0,1.5616204208103899e-32,1.360584480113095e-33,0.0,0.0
15,0.0,4,1,2.0723265836946412e-28,1.0,0.7194274244614813,1.0,1.0,1.0,1.0,2.435636638309232e-33,1.0998141207811027e-33,1.0097735699520409e-34,0.0
15,0.0,5,1,2.763102111592855e-28,1.0,0.7574494844454587,1.0,1.0,1.0,1.0,9.13890472147192e-33,9.662121688383171e-34,1.1725016891432315e-34,8.489215150084177e-36
15,0.0,6,1,3.453877639491069e-28,1.0,0.7839328074777969,1.0,1.0,1.0,1.0,4.8346789619780526e-33,3.6993189533083524e-33,2.8708121451718154e-34,5.16085069077872e-35
15,0.0,7,1,4.1446531673892825e-28,1.0,0.8065756942144954,1.0,1.0,1.0,1.0,3.2576673524267714e-33,1.7121612678820296e-33,5.074485894480566e-34,5.687385230757908e-35
15,0.0,8,1,4.835428695287497e-28,1.0,0.829554675041066,1.0,1.0,1.0,1.0,4.3415007775609325e-33,1.450354825071733e-33,5.743703185032193e-34,6.991111976357357e-35
15,0.0,10,1,6.216979751083924e-28,1.0,0.8616573920732743,1.0,1.0,1.0,1.0,1.8621202774365828e-33,1.0264844381066402e-33,3.5039808801061298e-34,1.3471690278977278e-34
15,0.0,12,1,7.598530806880351e-28,1.0,0.8756023075513617,1.0,1.0,1.0,1.0,2.9535313447731933e-32,1.3705122592745813e-33,3.3979223281356433e-34,1.5689863004406404e-34
15,0.0,16,1,1.0361632918473208e-27,1.0,0.906145152730194,1.0,1.0,1.0,1.0,3.977932808427493e-33,1.649043530466334e-33,1.2251866397390918e-33,3.639583756066568e-34
15,0.0,2,2,6.907755278982138e-29,1.0,0.4461138319933854,1.0,1.0,1.0,1.0,3.8620668927027116e-32,0.0,0.0,0.0
15,0.0,3,2,1.3815510557964276e-28,1.0,0.4853272860612641,1.0,1.0,1.0,1.0,3.896601512940895e-32,3.7729560988986944e-33,0.0,0.0
15,0.0,4,2,2.0723265836946412e-28,1.0,0.5100887499573824,1.0,1.0,1.0,1.0,6.75074252278544e-32,1.1252456107488335e-32,3.4221167336416084e-33,0.0
15,0.0,5,2,2.763102111592855e-28,1.0,0.6037416260586268,1.0,1.0,1.0,1.0,3.4825639887317407e-32,8.006743903839981e-33,1.9651284556575842e-33,1.5297218847740644e-34
15,0.0,6,2,3.453877639491069e-28,1.0,0.818801535212195,1.0,1.0,1.0,1.0,8.041275770349044e-33,8.987187255457413e-34,7.441308395207191e-35,3.1356970719678385e-35
15,0.0,7,2,4.1446531673892825e-28,1.0,0.775516373849892,1.0,1.0,1.0,1.0,3.251540493250236e-32,2.4661009102196445e-33,2.2483417940893553e-34,6.92246140950503e-35
15,0.0,8,2,4.835428695287497e-28,1.0,0.8035420602153648,1.0,1.0,1.0,1.0,1.9928891427446046e-32,3.463270124130819e-33,2.492692566390455e-34,2.8990163301935155e-35
15,0.0,10,2,6.216979751083924e-28,1.0,0.7423026474188851,1.0,1.0,1.0,1.0,2.766817873772215e-32,2.530179385587919e-33,7.514093823358789e-34,1.745550977189441e-34
15,0.0,12,2,7.598530806880351e-28,1.0,0.7027803500784818,1.0,1.0,1.0,1.0,6.200948410286463e-32,2.2280752617996323e-32,5.20837572730087e-33,9.635490216583082e-34
15,0.0,16,2,1.0361632918473208e-27,1.0,0.8876952987237614,1.0,1.0,1.0,1.0,1.1534409760200429e-32,3.6460803669685704e-33,2.8857754453496014e-33,5.742732194407538e-34
15,0.0,2,3,6.907755278982138e-29,0.0,0.373926586908097,1.0,1.0,1.0,1.0,2.337524360123241e-32,0.0,0.0,0.0
15,0.0,3,3,1.3815510557964276e-28,1.0,0.6646554362541185,1.0,1.0,1.0,1.0,8.152323102583211e-33,2.185868733515498e-34,0.0,0.0
15,0.0,4,3,2.0723265836946412e-28,1.0,0.7141171475811643,1.0,1.0,1.0,1.0,2.0531035250143871e-32,2.4123736877240816e-33,1.1493379246778346e-34,0.0
15,0.0,5,3,2.763102111592855e-28,1.0,0.7712903565165897,1.0,1.0,1.0,1.0,5.7423922158823334e-33,2.1676373662708634e-33,1.9681964616383656e-33,2.7426815312697965e-34
15,0.0,6,3,3.453877639491069e-28,1.0,0.8023929256530429,1.0,1.0,1.0,1.0,3.760935540512981e-33,2.1549521046444265e-33,1.7781968532084405e-33,1.8683799259259257e-34
15,0.0,7,3,4.1446531673892825e-28,1.0,0.7304687028089354,1.0,1.0,1.0,1.0,9.87612283048396e-32,3.4495511260130826e-33,2.401843721860964e-34,9.587902474628117e-35
15,0.0,8,3,4.835428695287497e-28,1.0,0.8592344217964015,1.0,1.0,1.0,1.0,1.4339337103004112e-32,2.3996727979926567e-34,1.8302838107644284e-34,3.4496281943617526e-35
15,0.0,10,3,6.216979751083924e-28,1.0,0.8643079670171161,1.0,1.0,1.0,1.0,8.346204579228695e-33,3.580245879937468e-33,3.7822753283076653e-34,9.20584188197025e-35
15,0.0,12,3,7.598530806880351e-28,1.0,0.885708244669786,1.0,1.0,1.0,1.0,6.752436139251395e-33,6.186435759882917e-33,1.7721124817290374e-33,1.319434660195186e-34
15,0.0,16,3,1.0361632918473208e-27,1.0,0.8844712727223789,1.0,1.0,1.0,1.0,1.8275239680059302e-32,6.146111966531025e-33,2.7017577121730217e-33,8.264572489385062e-34
15,0.0,2,4,6.907755278982138e-29,1.0,0.4635494701413746,1.0,1.0,1.0,1.0,1.116779442295278e-32,0.0,0.0,0.0
15,0.0,3,4,1.3815510557964276e-28,1.0,0.526819064878686,1.0,1.0,1.0,1.0,3.3437880291561896e-32,6.517872093378234e-34,0.0,0.0
15,0.0,4,4,2.0723265836946412e-28,1.0,0.7050822342623676,1.0,1.0,1.0,1.0,3.2118619590640795e-32,6.592087778310365e-35,4.9618012226743544e-36,0.0
15,0.0,5,4,2.763102111592855e-28,1.0,0.5715941360343681,1.0,1.0,1.0,1.0,2.2508839054441584e-32,3.975780318368484e-33,3.20522197983585e-34,3.6421855271248537e-35
15,0.0,6,4,3.453877639491069e-28,1.0,0.642994987316372,1.0,1.0,1.0,1.0,2.1267651507109763e-32,5.885400456454462e-33,3.250257471226517e-33,1.3417715373158688e-35
15,0.0,7,4,2.2441392053071046e-18,1.0,0.6849752075735693,1.0,1.0,1.0,1.0,5.050707693866597e-20,2.714870978525244e-32,1.2656577005673018e-32,2.349917490633539e-33
15,0.0,8,4,2.272907690078721e-18,1.0,0.6652343882648606,1.0,1.0,1.0,1.0,5.116955381267912e-20,4.0387252688177167e-32,6.093870123444271e-33,1.6692182372093384e-33
15,0.0,10,4,3.0285713806637675e-20,1.0,0.857045970488805,1.0,1.0,1.0,1.0,6.202022310243657e-22,2.3862209095283275e-33,4.85144619337343e-34,2.649840695076485e-34
15,0.0,12,4,8.23757824300149e-21,1.0,0.8546814746597438,1.0,1.0,1.0,1.0,1.6422336017922165e-22,3.611992907681942e-33,2.3801195336469842e-33,8.363305528245987e-34
15,0.0,16,4,2.703407249673467e-22,1.0,0.9050715538300452,1.0,1.0,1.0,1.0,5.039445180271928e-24,1.0769450232093364e-32,3.108618896499994e-33,1.604807995624088e-33
15,0.0,2,5,6.907755278982138e-29,0.0,0.02090103290774182,1.0,1.0,1.0,1.0,1.062293387554708e-31,0.0,0.0,0.0
15,0.0,3,5,1.3815510557964276e-28,1.0,0.6576977281465152,1.0,1.0,1.0,1.0,4.0009110541180344e-33,8.152927438271728e-34,0.0,0.0
15,0.0,4,5,2.0723265836946412e-28,1.0,0.7062092708285826,1.0,1.0,1.0,1.0,7.336591270257522e-33,1.3228412807763978e-33,1.1630617058597752e-33,0.0
15,0.0,5,5,2.763102111592855e-28,1.0,0.5896414409064499,1.0,1.0,1.0,1.0,4.66178834593234e-32,9.184008324043676e-33,1.0666776211822986e-33,3.0116020908959006e-34
15,0.0,6,5,3.453877639491069e-28,1.0,0.6584538100542647,1.0,1.0,1.0,1.0,4.984285315175517e-33,2.260794808214308e-33,1.5994655511866017e-33,3.753626606763184e-34
15,0.0,7,5,4.1446531673892825e-28,1.0,0.792970102870796,1.0,1.0,1.0,1.0,1.9593264731406986e-32,1.0647519265974149e-32,3.844008484735709e-34,1.1990885329948731e-34
15,0.0,8,5,4.835428695287497e-28,1.0,0.8002497495607509,1.0,1.0,1.0,1.0,1.6040471501000653e-32,8.115984774698962e-33,1.2051056350935023e-34,1.0742796148176102e-34
15,0.0,10,5,6.216979751083924e-28,1.0,0.7365534331565013,1.0,1.0,1.0,1.0,1.2929439239801058e-31,3.9922417126430605e-33,2.0815714147411745e-33,4.105318012208604e-34
15,0.0,12,5,7.598530806880351e-28,1.0,0.7719976152844585,1.0,1.0,1.0,1.0,1.4311410504262123e-31,4.834668277727705e-33,1.666624890731204e-33,1.2532153946322002e-33
15,0.0,16,5,1.0361632918473208e-27,1.0,0.807988098762556,1.0,1.0,1.0,1.0,1.710130492900849e-31,5.286689091433133e-33,2.9041029492361868e-33,1.2341523298758489e-33
15,0.0,2,6,6.907755278982138e-29,0.0,0.4777326273768996,1.0,1.0,1.0,1.0,1.4317177160129783e-33,0.0,0.0,0.0
15,0.0,3,6,1.3815510557964276e-28,1.0,0.6656975522765908,1.0,1.0,1.0,1.0,8.58556603371452e-33,3.59937629787094e-34,0.0,0.0
15,0.0,4,6,2.0723265836946412e-28,1.0,0.7473960221372212,1.0,1.0,1.0,1.0,1.1777843923312412e-32,5.731569000495152e-34,1.9952290283722077e-34,0.0
15,0.0,5,6,2.763102111592855e-28,1.0,0.6720263431088339,1.0,1.0,1.0,1.0,1.476333692487092e-32,1.3484568174952538e-33,5.071924746667089e-34,5.305622899513633e-35
15,0.0,6,6,3.453877639491069e-28,1.0,0.7238884522783132,1.0,1.0,1.0,1.0,3.232576797553057e-33,2.2701202844913783e-33,2.617847464903675e-34,2.5166550611229716e-35
15,0.0,7,6,4.1446531673892825e-28,1.0,0.6213883527439923,1.0,1.0,1.0,1.0,1.2554033501581337e-32,3.90924690224828e-33,1.3640529141685944e-33,2.4865441378136455e-34
15,0.0,8,6,4.835428695287497e-28,1.0,0.6360027336276639,1.0,1.0,1.0,1.0,7.219200748742671e-32,1.0351012938660738e-32,2.993758041770723e-33,4.863577185889059e-34
15,0.0,10,6,6.216979751083924e-28,1.0,0.6730459489488028,1.0,1.0,1.0,1.0,1.8358350745198937e-32,1.053412223093844e-32,5.5452502919842624e-33,1.237413800221277e-33
15,0.0,12,6,7.598530806880351e-28,1.0,0.8786646611006821,1.0,1.0,1.0,1.0,2.0246970512328403e-32,8.299744968440795e-34,4.212802853089615e-34,9.999436273350197e-35
15,0.0,16,6,1.0361632918473208e-27,1.0,0.9063475561909627,1.0,1.0,1.0,1.0,9.99596157715199e-33,5.512109456782219e-34,3.071572130169133e-34,1.047117682519362e-34
15,0.0,2,7,6.907755278982138e-29,1.0,0.48913042075712937,1.0,1.0,1.0,1.0,8.791302500069193e-33,0.0,0.0,0.0
15,0.0,3,7,1.3815510557964276e-28,1.0,0.4738692065068245,1.0,1.0,1.0,1.0,8.259065398793294e-33,3.503788184567441e-33,0.0,0.0
15,0.0,4,7,2.0723265836946412e-28,1.0,0.4055137584290141,1.0,1.0,1.0,1.0,5.402454869373039e-32,4.3284717814548976e-33,3.757148237404449e-33,0.0
15,0.0,5,7,2.763102111592855e-28,1.0,0.3246390846660095,1.0,1.0,1.0,1.0,9.619146276771243e-32,2.45555302158721e-32,1.627185317014656e-32,7.823318820661119e-33
15,0.0,6,7,3.453877639491069e-28,1.0,0.5271463504653886,1.0,1.0,1.0,1.0,4.848641003126217e-32,7.166841606651538e-33,2.5766742891040716e-33,1.464473788475609e-33
15,0.0,7,7,4.1446531673892825e-28,1.0,0.5864797566671095,1.0,1.0,1.0,1.0,3.988389840588695e-32,6.208691541892291e-33,2.493231533299197e-33,1.1813838454244916e-33
15,0.0,8,7,4.835428695287497e-28,1.0,0.6380887883018374,1.0,1.0,1.0,1.0,4.0062887865489646e-32,2.0490642253147584e-32,1.5836244186156047e-33,1.4715411428671605e-33
15,0.0,10,7,6.216979751083924e-28,1.0,0.702680475574635,1.0,1.0,1.0,1.0,4.6363193566107796e-32,8.378668897574624e-33,2.316545667464171e-33,1.6129530298729204e-33
15,0.0,12,7,7.598530806880351e-28,1.0,0.7236022258044786,1.0,1.0,1.0,1.0,3.507002870010521e-32,7.792251497863326e-33,3.167169438926201e-33,2.4049994902279327e-33
15,0.0,16,7,1.4804280243251969e-18,1.0,0.7611754402892497,1.0,1.0,1.0,1.0,3.3002765839019174e-20,3.3628991353881983e-32,6.84034147465364e-33,5.175687646690019e-33
15,1.0,2,0,6.907755278982138e-29,1.0,0.21083007869820133,1.0,1.0,1.0,1.0,1.0804305848911831e-32,0.0,0.0,0.0
15,1.0,3,0,0.0030503155816946964,2.0,0.4708574056963964,1.0030549725281168,1.0006789636330102,1.0,0.9996606333531893,0.00033936664681062694,1.6894057449288394e-33,0.0,0.0
15,1.0,4,0,0.03626922601282927,3.0,0.38260940536896815,1.0369349787843019,1.0114193649613317,1.0,0.9943243306017883,0.005346181002591257,0.0003294883956205475,1.8743053928106027e-33,0.0
15,1.0,5,0,0.0071018066084117485,3.0,0.6371050856171699,1.0071270842404845,1.0017519437488345,1.0,0.9991248047307059,0.0008629086322500094,1.2277499171907005e-05,9.137872209013482e-09,1.2329956842876147e-33
15,1.0,6,0,0.01809844728024732,4.0,0.629862265127967,1.0182632166997798,1.0051441864501696,1.0,0.9974346052662946,0.0025193017390826157,4.591199319333074e-05,1.8100142961090906e-07,2.015912071399753e-19
15,1.0,7,0,0.017708854658015017,4.0,0.5587888263906402,1.0178665861302516,1.005005216552671,1.0,0.9975037448503853,0.0024470002340086644,4.535417731953825e-05,3.9007382865175405e-06,1.9496362327361323e-18
15,1.0,8,0,0.00033251682266505293,4.0,0.8233740261414603,1.0003325721125118,1.000057661110541,1.0,0.9999711702877726,2.841168373207489e-05,3.856318888188251e-07,3.2396606433834634e-08,2.388623289387224e-18
15,1.0,10,0,0.00032936629540773597,4.0,0.8523718869337773,1.0003294205424416,1.000057003254683,1.0,0.9999714991985581,2.8015881775620947e-05,4.4728169988930094e-07,3.763796654796287e-08,2.555808465211716e-18
15,1.0,12,0,0.007423295705394968,4.0,0.8404634157908457,1.0074509166688526,1.0018619251889918,1.0,0.9990699026082552,0.0009299655225529657,1.1768356740337509e-07,1.4185624418994346e-08,3.775164582303638e-19
15,1.0,16,0,0.007511469963625627,4.0,0.8580259138008725,1.007539751822563,1.001884275254585,1.0,0.9990587497656239,0.0009397211564958993,1.4176929046168398e-06,1.1138497552736354e-07,4.247161698630852e-19
15,1.0,2,1,6.907755278982138e-29,1.0,0.46483893963895995,1.0,1.0,1.0,1.0,3.244924604997199e-33,0.0,0.0,0.0
15,1.0,3,1,0.0001826960785528755,1.0,0.6412567394760839,1.000182712768498,1.000030195748821,1.0,0.9999849023535285,1.5097646471421992e-05,1.764469918432539e-32,0.0,0.0
15,1.0,4,1,0.008810217300580141,2.0,0.6064058918845029,1.0088491414912404,1.0022663734870787,1.0,0.9988680944894915,0.0011318824355500275,2.3074958405967595e-08,8.01450883641127e-34,0.0
15,1.0,5,1,0.0065380901562058,2.0,0.6834172969090532,1.0065595101240996,1.0016106927196542,1.0,0.9991953011932208,0.0008046818135794097,1.6544418616287365e-08,4.4878113336048684e-10,4.766828740669842e-33
15,1.0,6,1,0.003422562329354463,2.0,0.7420733300571815,1.0034284259834692,1.000772959654194,1.0,0.9996136694312354,0.0003863122991403482,1.689702408574724e-08,1.3726001134013062e-09,1.7813670330957048e-20
15,1.0,7,1,0.003706495635421459,3.0,0.7460986457986364,1.0037133731849464,1.000841420459834,1.0,0.9995794677847138,0.0004177425559511276,2.7795981481287855e-06,1.0061186796659067e-08,2.4327844433719063e-20
15,1.0,8,1,0.006092558593969848,3.0,0.7700051302888706,1.0061111559784486,1.0014780969150798,1.0,0.9992615004707219,0.0007336788633148067,4.816747045470443e-06,3.918917763416952e-09,6.024112869768797e-20
15,1.0,10,1,0.009644699013013602,4.0,0.7576585776918315,1.0096913590091035,1.002459329987812,1.0,0.9987718916785628,0.0011875979381019985,3.8439123293060876e-05,2.07126004204155e-06,7.564509143019093e-19
15,1.0,12,1,0.0030173837600756238,4.0,0.7938365724149228,1.0030219406445904,1.0006447322745358,1.0,0.9996777463541962,0.00029292610429200883,2.7812559940722316e-05,1.514981571224461e-06,7.633739673880397e-19
15,1.0,16,1,0.005381509301510121,4.0,0.7948854536055264,1.0053960156330033,1.0012261430613063,1.0,0.9993873407091298,0.0005462483362633862,5.7311730766174516e-05,9.099223840667266e-06,5.179614275406697e-18
15,1.0,2,2,6.907755278982138e-29,1.0,0.4999979999079776,1.0,1.0,1.0,1.0,1.3643606463131086e-32,0.0,0.0,0.0
15,1.0,3,2,2.856550909136745e-10,1.0,0.6666447874764374,1.000000000285655,1.0000000000217695,1.0,0.9999999999891153,1.0884727012938648e-11,4.229006989206593e-33,0.0,0.0
15,1.0,4,2,5.313970558656564e-06,2.0,0.7374063589164038,1.0000053139846778,1.0000006679078643,1.0,0.9999996660461793,3.339531437897977e-07,6.769359713454469e-13,1.6733632827147184e-32,0.0
15,1.0,5,2,5.0610692810024365e-06,3.0,0.7888581675159014,1.0000050610820883,1.0000006323999464,1.0,0.9999996838001274,3.1415668821017794e-07,2.0429564741311033e-09,2.27932216535401e-13,2.3889131341298208e-33
15,1.0,6,2,1.4456969629089915e-06,3.0,0.8238530518185241,1.000001445698008,1.0000001671103245,1.0,0.9999999164448448,8.351065120694312e-08,4.4494425548396914e-11,9.531327007773387e-15,1.3687264741595268e-23
15,1.0,7,2,1.4286519954879024e-06,3.0,0.8488585125059963,1.0000014286530161,1.000000164636689,1.0,0.9999999176816624,8.172883281722103e-08,5.891966743581683e-10,3.0799848275652054e-13,3.549935064707426e-23
15,1.0,8,2,6.760995088744617e-05,4.0,0.7900786548203428,1.0000676122364918,1.0000102588233224,1.0,0.9999948706146503,5.1292130786117155e-06,1.6606091387749483e-10,6.210157983778199e-12,2.5075385522671065e-21
15,1.0,10,2,0.0010310187405497449,4.0,0.7551683450681731,1.0010315504230807,1.000199089725341,1.0,0.9999004653306629,9.65810355433737e-05,2.6501444389112024e-06,3.0348935476504827e-07,2.233353036305307e-20
15,1.0,12,2,0.0010644003233733431,4.0,0.781516536416604,1.0010649669984362,1.000201966922817,1.0,0.9998990276219056,9.132570246312643e-05,8.912255361173507e-06,7.344202700703172e-07,1.740949288613504e-18
15,1.0,16,2,0.0010899716097597168,4.0,0.8332756303617382,1.001090565844695,1.0002059722503716,1.0,0.9998970256150371,9.056803693387927e-05,1.1308736066832164e-05,1.0976119620902247e-06,1.9407192318078994e-18
15,1.0,2,3,6.907755278982138e-29,1.0,0.49991350094719655,1.0,1.0,1.0,1.0,4.924525218069575e-33,0.0,0.0,0.0
15,1.0,3,3,1.134462869706619e-07,2.0,0.6649783732309381,1.0000001134462935,1.0000000113519967,1.0,0.9999999943240018,5.675998247350125e-09,6.512158814205246e-33,0.0,0.0
15,1.0,4,3,1.4906099551396897e-07,3.0,0.7471058180847968,1.0000001490610066,1.0000000149836823,1.0,0.999999992508159,7.14615837923798e-09,3.456827079637189e-10,1.4636941283263513e-32,0.0
15,1.0,5,3,1.1754264479450494e-06,4.0,0.7965194600119467,1.0000011754271387,1.0000001324530243,1.0,0.9999999337734925,6.255337693958893e-08,3.6215221435259704e-09,5.160841554347743e-11,2.835174888020847e-32
15,1.0,6,3,1.1770081609781296e-06,4.0,0.8304342600984129,1.0000011770088537,1.0000001325522987,1.0,0.9999999337238553,6.254308250590664e-08,3.504324832812059e-09,2.2873739072467273e-10,3.229804076754648e-22
15,1.0,7,3,1.1595196480006943e-06,4.0,0.8546499627885923,1.0000011595203202,1.000000128718566,1.0,0.9999999356407216,5.604266399411568e-08,6.237427998729045e-09,2.0791864275222232e-09,5.652453831124958e-22
15,1.0,8,3,1.149209206929478e-06,4.0,0.8728167321316117,1.0000011492098673,1.0000001274128287,1.0,0.9999999362935902,5.524512987482602e-08,6.111934962635764e-09,2.3493450861247327e-09,6.115726118902275e-22
15,1.0,10,3,6.788945955829586e-06,4.0,0.8956508973457326,1.0000067889690007,1.0000008571947259,1.0,0.9999995714028271,4.132353502048565e-07,1.0324381201499504e-08,5.037441487579109e-09,6.814586095365218e-21
15,1.0,12,3,1.9202396125782223e-06,4.0,0.909332759575207,1.0000019202414563,1.0000002177390244,1.0,0.9999998911305021,7.800818178260903e-08,3.071205712052975e-08,1.492589413882905e-10,5.404854002306856e-22
15,1.0,16,3,2.098154561796448e-06,4.0,0.9317681367032151,1.000002098156763,1.0000002383087905,1.0,0.999999880845622,8.318413493720107e-08,3.442848570188017e-08,1.5417574526904472e-09,6.997740838357615e-21
15,1.0,2,4,6.907755278982138e-29,1.0,0.3917203539592071,1.0,1.0,1.0,1.0,3.511781892343859e-33,0.0,0.0,0.0
15,1.0,3,4,0.00020887066474575695,1.0,0.5014228055499724,1.0002088924797419,1.0000349436270424,1.0,0.9999825284917324,1.7471508267584107e-05,4.909418103645048e-32,0.0,0.0
15,1.0,4,4,0.003449154305026384,3.0,0.3793463885233433,1.0034551094825432,1.0007425313459835,1.0,0.9996288881308214,0.0003211104467300264,5.000142244851371e-05,7.317207991666169e-33,0.0
15,1.0,5,4,0.003015587858182108,3.0,0.5030800014158938,1.0030201393172056,1.0006341796424245,1.0,0.9996830246003465,0.0002643627127741753,5.219756798803568e-05,4.1511889122455646e-07,3.606645614066363e-32
15,1.0,6,4,0.0037137727556978647,3.0,0.4476076589920857,1.0037206773544627,1.0007767926654236,1.0,0.9996117883371992,0.0002636648244261859,0.0001152605514789628,9.28628689566176e-06,3.3874963375531706e-18
15,1.0,7,4,0.00011811974006158989,4.0,0.8291511508055389,1.0001181267164727,1.0000185390213783,1.0,0.9999907305779169,8.971352395989198e-06,2.6135304863654646e-07,3.6716638353598385e-08,2.1643853945625086e-20
15,1.0,8,4,0.0009326592970399987,4.0,0.8161298490137215,1.0009330943589665,1.0001803987300204,1.0,0.9999098088006868,8.98438022361223e-05,2.6410432699786735e-07,8.329275002781391e-08,7.106637582461714e-20
15,1.0,10,4,0.0020518826672960566,4.0,0.8408033048653636,1.002053989219089,1.0004339363328378,1.0,0.9997830790403214,0.0002162187018797452,5.843839929318265e-07,1.1787380588061186e-07,7.831408698859717e-19
15,1.0,12,4,0.0021118015893508927,4.0,0.8658028207805494,1.0021140330128253,1.0004481508852225,1.0,0.9997759749040562,0.00022331214668011993,5.828218109476901e-07,1.3012745273407317e-07,8.021994358675188e-19
15,1.0,16,4,0.0023374997240849884,4.0,0.8882699838508062,1.0023402338064555,1.0005004796761339,1.0,0.9997498232419809,0.00024820051598171733,1.5600330481365027e-06,4.16208989285484e-07,9.806257768927905e-19
15,1.0,2,5,6.907755278982138e-29,1.0,0.08260643079037863,1.0,1.0,1.0,1.0,3.046035155526346e-32,0.0,0.0,0.0
15,1.0,3,5,0.018230715752053123,2.0,0.1337448659065982,1.0183979097269729,1.0052670453362869,1.0,0.997373376387759,0.002626623612240948,1.0231735568979447e-32,0.0,0.0
15,1.0,4,5,0.004392798774662821,2.0,0.12869914286724868,1.0044024612584683,1.00102426688275,1.0,0.9994881287144376,0.0005115908993220752,2.803862402833274e-07,3.712896486405415e-33,0.0
15,1.0,5,5,0.002121974449344835,2.0,0.29242678137851685,1.0021242274304343,1.0004513854162875,1.0,0.9997743582515631,0.00022544008259513685,1.377599752446599e-07,6.390586648924838e-08,1.2918705582298245e-33
15,1.0,6,5,0.0031305303893199555,3.0,0.2449764514272946,1.0031354356168982,1.0006659294196985,1.0,0.9996671590245777,0.00028793708470083856,4.4801005125750634e-05,1.0288559535124832e-07,3.5723251715273177e-16
15,1.0,7,5,0.003677939150729892,4.0,0.35263529692151857,1.003684711068617,1.0007696440744585,1.0,0.9996153626804397,0.000211888819537467,0.00017209866975601294,6.498302664083103e-07,2.480470888163631e-16
15,1.0,8,5,0.011784847398415867,4.0,0.3285002979263003,1.0118545623031951,1.0029001020374766,1.0,0.9985524280162419,0.001111585881698001,0.00031059332378808734,2.539277827184433e-05,1.7674053857967163e-16
15,1.0,10,5,0.009432494020882627,4.0,0.4505675162110567,1.0094771201942871,1.002253232381575,1.0,0.998874875706198,0.0008725714456794115,0.00023274484808957543,1.980800003263815e-05,1.44772233410538e-16
15,1.0,12,5,0.0025610380992937888,4.0,0.8836841117189207,1.002564320358766,1.0005577540703923,1.0,0.9997212007018167,0.0002787707181564559,2.577081994325263e-08,2.8092070666706378e-09,1.9169713449718037e-20
15,1.0,16,5,0.002701529819718616,4.0,0.9124115937441246,1.002705182239702,1.0005920234368522,1.0,0.9997040758900336,0.000295797839236092,1.1434832486547096e-07,1.192240545405568e-08,2.0804308457750925e-20
15,1.0,2,6,6.907755278982138e-29,1.0,0.47360401431904614,1.0,1.0,1.0,1.0,4.4900202355285006e-33,0.0,0.0,0.0
15,1.0,3,6,0.029130880618268847,1.0,0.4343785309550195,1.0295593350197874,1.0091619303372037,1.0,0.9954398291170784,0.004560170882921612,2.0310375036171448e-32,0.0,0.0
15,1.0,4,6,0.03505413246056922,1.0,0.44640434349098335,1.0356757709600521,1.0113727096640894,1.0,0.9943457499175303,0.005630589042433615,2.3661040036101722e-05,8.878106855358398e-33,0.0
15,1.0,5,6,0.011339521007044124,3.0,0.4455627916520191,1.0114040570807492,1.002829583753121,1.0,0.9985874949938629,0.001163125680088574,0.00024935991099533694,1.941505318411249e-08,1.5093784155861438e-32
15,1.0,6,6,0.013696633492148325,3.0,0.39656207176683644,1.0137908620900362,1.0034524050471099,1.0,0.9982773562793479,0.0012549711139546971,0.0004669393900452693,7.332166521251225e-07,3.8052049734726996e-18
15,1.0,7,6,0.013929594005989806,3.0,0.3501475295045112,1.0140270628418526,1.0035769195874165,1.0,0.9982151978727128,0.0014653258369546193,0.0003173589532946606,2.1173370379467372e-06,8.930719455387748e-17
15,1.0,8,6,0.006834774162386984,4.0,0.6786382766282206,1.0068581845357927,1.0016514292779797,1.0,0.9991749939144507,0.0007898514513709771,3.334302480726889e-05,1.8116093709950067e-06,9.770777195629432e-18
15,1.0,10,6,0.020044025195026304,4.0,0.6726366523831219,1.0202462555784173,1.0058317654999702,1.0,0.9970926497744832,0.002879910425383443,2.6142103410444424e-05,1.297696723005643e-06,6.164058923840152e-18
15,1.0,12,6,0.0002749763026297824,4.0,0.8858312949556897,1.0002750141120789,1.0000465134144996,1.0,0.9999767438500499,2.252985886914376e-05,5.765949117909889e-07,1.4969616922350653e-07,3.903254696702633e-19
15,1.0,16,6,0.0038031884654263826,4.0,0.8287890976095744,1.0038104297637753,1.0008346284153158,1.0,0.9995828751501799,0.00037656329187450504,3.8886179252739435e-05,1.675378692859795e-06,7.428970091435484e-18
15,1.0,2,7,6.907755278982138e-29,1.0,0.43473906054493433,1.0,1.0,1.0,1.0,4.232777346955986e-33,0.0,0.0,0.0
15,1.0,3,7,7.929749839094247e-05,2.0,0.6119366768726274,1.0000793006425206,1.0000121923232075,1.0,0.999993903875559,6.096124441072665e-06,1.5954784882113324e-32,0.0,0.0
15,1.0,4,7,0.0007820405474097564,3.0,0.653389487726102,1.0007823464208485,1.0001488761513808,1.0,0.9999255674651275,7.44242632279895e-05,8.271644458740645e-09,4.9371440959410534e-33,0.0
15,1.0,5,7,0.006533920047414728,4.0,0.536664138458203,1.0065553126701896,1.001602247259073,1.0,0.9991995204623089,0.0007963172356920244,4.153911496481993e-06,8.390502466548433e-09,7.59912069855531e-33
15,1.0,6,7,0.006031360153528254,4.0,0.5902035992683872,1.0060495854288218,1.0014606988788217,1.0,0.9992701866584598,0.000725043606964914,4.158429229970101e-06,6.113053454478401e-07,4.257781932294783e-20
15,1.0,7,7,0.005518753343205463,4.0,0.6453939924641744,1.0055340097149092,1.0013201327067756,1.0,0.9993403716646946,0.0006552038877850178,3.810203685921181e-06,6.142438345129039e-07,4.919736892218386e-20
15,1.0,8,7,0.006363743886133324,4.0,0.6289595451554797,1.0063840355250189,1.0015010808099083,1.0,0.9992500629158542,0.0006911567792328101,5.578962323423547e-05,2.9906816787125337e-06,1.5475426541319655e-18
15,1.0,10,7,0.006062757586651256,4.0,0.7017694265389152,1.0060811732992851,1.0014189842434114,1.0,0.9992910483377575,0.0006512901279760776,5.423294014897915e-05,3.428594117395337e-06,6.520456434666013e-19
15,1.0,12,7,0.005946531892733759,4.0,0.7504491836179469,1.0059642476117974,1.001384407424198,1.0,0.9993083138302413,0.0006301432411263717,5.765587341278213e-05,3.887055219582054e-06,8.422048317299193e-19
15,1.0,16,7,0.005346964614511062,4.0,0.7235941075970453,1.0053612851422136,1.0011731143094658,1.0,0.999413862944141,0.00039713229192370913,0.0001818373245005013,7.167439434681674e-06,1.1480214470695518e-17
15,2.0,2,0,6.907755278982138e-29,1.0,0.49956931504196384,1.0,1.0,1.0,1.0,1.0670486645351761e-32,0.0,0.0,0.0
15,2.0,3,0,0.0004474870465361689,2.0,0.5328735315843437,1.0004475871838008,1.0000804818430575,1.0,0.9999597606976727,4.0239302327264696e-05,4.2265815287586174e-33,0.0,0.0
15,2.0,4,0,0.0004222502892499243,3.0,0.6471855348237099,1.0004223394494522,1.000075472822314,1.0,0.9999622650136135,3.771268333194853e-05,2.2303054409223003e-08,4.7216414524130034e-33,0.0
15,2.0,5,0,0.001041226496720271,4.0,0.7069689562500029,1.0010417687612194,1.00020381740652,1.0,0.9998981017215955,0.00010148863790762375,3.949885714089882e-07,1.4651925445542782e-08,1.2256472127328684e-32
15,2.0,6,0,0.0019463574945769167,4.0,0.7053408241508505,1.0019482528778236,1.000383014983634,1.0,0.9998085365855851,0.0001378198828541673,5.326163175794963e-05,3.8189980272454735e-07,1.911268595089129e-20
15,2.0,7,0,0.0020729042071500766,4.0,0.7474001564389783,1.0020750541583672,1.0004082951182363,1.0,0.999795903593749,0.00013295440186475343,7.07016424940343e-05,4.4036189217948865e-07,2.4498996185268915e-20
15,2.0,8,0,0.0019096528786822513,4.0,0.7746736020388931,1.001911477426974,1.000385510374189,1.0,0.9998072855371007,0.0001719433746786916,2.022116950014466e-05,5.49918720366738e-07,3.693976026857018e-20
15,2.0,10,0,0.022565979917860652,4.0,0.7400433674024686,1.0228225176838457,1.0066054539465452,1.0,0.996708429547691,0.00319204301658199,9.522988636719941e-05,4.2975493597963846e-06,3.3036795022670487e-19
15,2.0,12,0,0.026500544833935637,4.0,0.7504732358727547,1.0268548067268755,1.0080242605802867,1.0,0.9960041832171046,0.00390847757937875,7.987238305053743e-05,7.466820466077514e-06,7.807262934988932e-18
15,2.0,16,0,0.07887457056092384,4.0,0.7526178183422175,1.0820685903017895,1.0270333040601796,1.0,0.9866994398674829,0.00930656815088484,0.003982785657239478,1.1206324392665625e-05,1.5858463638440868e-17
15,2.0,2,1,6.907755278982138e-29,1.0,0.1293926394933589,1.0,1.0,1.0,1.0,1.821320446634036e-32,0.0,0.0,0.0
15,2.0,3,1,3.2432115146482802e-06,2.0,0.6629175072117486,1.0000032432167738,1.000000394585505,1.0,0.9999998027072864,1.9729271359835888e-07,5.3241120284259044e-33,0.0,0.0
15,2.0,4,1,0.026661123806793346,3.0,0.6019534604180542,1.0270197112567594,1.0082456011333483,1.0,0.9958940576695974,0.004105931076302686,1.1254099909752783e-08,7.884013014955e-33,0.0
15,2.0,5,1,0.025116914500764066,4.0,0.680976165917251,1.0254350017376603,1.0076811294113952,1.0,0.996174073838936,0.0038256003974641278,3.2484767319112126e-07,9.159268339739953e-10,1.0391184423051393e-33
15,2.0,6,1,0.0242304396501486,4.0,0.7341238671621976,1.0245263821913697,1.0073610923804293,1.0,0.996332902390273,0.0036667374979712612,3.592079232466871e-07,9.038325382855624e-10,1.327784638567879e-22
15,2.0,7,1,0.03233358749825852,4.0,0.7774184827158344,1.0328619976926035,1.010375481717685,1.0,0.9948388968548542,0.005160692807221245,3.993143219767899e-07,1.1023602463053064e-08,3.1886484982287842e-22
15,2.0,8,1,0.03176551510907429,4.0,0.8047885932017351,1.0322754239338292,1.0101573858756148,1.0,0.9949468428227174,0.005052637313247596,5.065855845359069e-07,1.3278450444371021e-08,5.889709352093584e-22
15,2.0,10,1,0.03847723353321791,4.0,0.840667825620924,1.0392270685601246,1.0127808975960746,1.0,0.9936498860315932,0.0063479369101507345,1.935871446322081e-06,2.411868097482833e-07,1.0038818419227588e-20
15,2.0,12,1,0.1209200753594114,4.0,0.8115361043049092,1.1285347110315664,1.0470499982855501,1.0,0.9770944812298213,0.01809659861026285,0.00480806628546526,8.538744505307471e-07,1.2617028701473034e-20
15,2.0,16,1,0.1509885374964408,4.0,0.8025277736106864,1.1629833273048897,1.0657749825942051,1.0,0.9682091290317375,0.029154866721379315,0.0023090475105995664,0.0003269567362837267,3.996957404956191e-17
15,2.0,2,2,6.907755278982138e-29,1.0,0.48400951934862396,1.0,1.0,1.0,1.0,2.362178827154697e-33,0.0,0.0,0.0
15,2.0,3,2,0.14697931661717273,2.0,0.4311882585316435,1.15833000459916,1.0694129137960176,1.0,0.9664185376824921,0.033581462317507894,1.3335017598706334e-32,0.0,0.0
15,2.0,4,2,0.1804399448094,3.0,0.3712088189688939,1.1977441885650015,1.0889097576595572,1.0,0.9573968140843945,0.04171692102804872,0.0008862648875568008,2.1494650320679952e-32,0.0
15,2.0,5,2,7.677376310214697e-06,4.0,0.7976007377712296,1.0000076774057813,1.0000009808661567,1.0,0.9999995095671679,4.78550622414214e-07,9.46306172414779e-09,2.4191478837163946e-09,5.217090191634836e-34
15,2.0,6,2,0.013317836637824567,4.0,0.7505815444417023,1.0134069140242852,1.0036507687168252,1.0,0.9981779363532447,0.001821617944498893,4.210969057826516e-07,2.4605350663536074e-08,3.356864075288795e-22
15,2.0,7,2,0.06285234410293397,4.0,0.6723739169600232,1.0648695933473862,1.0212821423568539,1.0,0.9894844057338522,0.008909564650856003,0.0016060050090791354,2.460621256427026e-08,1.9292243721580602e-21
15,2.0,8,2,0.0602877351863624,4.0,0.713302758368979,1.0621421182417226,1.0202123972394919,1.0,0.990007288392384,0.008438131391900017,0.0015545537121372072,2.6503578627173556e-08,1.83262254754133e-21
15,2.0,10,2,0.13023137466853532,4.0,0.7379903944781071,1.1390919098498378,1.0567505374247144,1.0,0.9724100966013561,0.026741106686837542,0.0008027891046401048,4.600760716640153e-05,4.342014565612283e-18
15,2.0,12,2,0.09215446908613376,4.0,0.7507889953694702,1.0965341896336418,1.0359995224962806,1.0,0.9823256878400339,0.016948331933206624,0.0006310167238412998,9.496350291808288e-05,3.745077569690762e-18
15,2.0,16,2,0.10374998878996004,4.0,0.8081798211540077,1.1093230770384224,1.0413991098651971,1.0,0.9797339601242743,0.01915774319150113,0.0009887711850125776,0.00011952549921194608,1.1397906549129335e-17
15,2.0,2,3,6.907755278982138e-29,1.0,0.46252413869302716,1.0,1.0,1.0,1.0,4.985527707068462e-32,0.0,0.0,0.0
15,2.0,3,3,0.020574660590949354,2.0,0.32936652788564535,1.0207877780169654,1.0060706216289266,1.0,0.9969738466210679,0.0030261533789320916,4.136263435859789e-33,0.0,0.0
15,2.0,4,3,0.02796447819067963,3.0,0.3969143823012648,1.0283591545948236,1.0085611212068064,1.0,0.9957379997372329,0.004168523555574805,9.347670719216362e-05,4.3116623566472504e-33,0.0
15,2.0,5,3,0.051402685170703864,4.0,0.530613619618705,1.0527467334384666,1.017644559145792,1.0,0.9912565426368186,0.008471850374620265,0.0002599498756206338,1.1657112940600022e-05,4.915465526113571e-33
15,2.0,6,3,0.04893001762335848,4.0,0.58263694851067,1.0501468563955705,1.0164962178323105,1.0,0.991821483751666,0.007844617178308798,0.00031150036254444773,2.2398707480755503e-05,2.072199632551848e-18
15,2.0,7,3,0.0008141000166345045,4.0,0.846792404505462,1.0008144314859966,1.0001552397590998,1.0,0.999922386165566,7.7339868143548e-05,2.093265440316467e-07,6.463974636400927e-08,5.7225600334460506e-21
15,2.0,8,3,0.00043216259313496995,4.0,0.8686053735169679,1.000432255988842,1.0000772638771955,1.0,0.9999613695590045,3.849309759817291e-05,1.0114641589011705e-07,3.619698144633048e-08,3.206721142677971e-21
15,2.0,10,3,0.0018361383522818246,4.0,0.8888430343986431,1.0018378250865074,1.0003824020493965,1.0,0.9998088357700534,0.00018984363187766928,1.246293012316525e-06,7.43050565057344e-08,8.12597966650441e-21
15,2.0,12,3,0.0016346722227193117,4.0,0.9065174830683927,1.0016360090276706,1.000334023538079,1.0,0.9998330165741101,0.0001641914719995414,2.3879442707963638e-06,4.0400961962553216e-07,3.2225525503810065e-20
15,2.0,16,3,0.003211254175724828,4.0,0.9179304889002253,1.0032164157760066,1.0006769242490883,1.0,0.9996616701442175,0.00027349525925113023,6.412242721782955e-05,7.121693137013036e-07,1.9994082889795368e-19
15,2.0,2,4,6.907755278982138e-29,1.0,0.498558680906376,1.0,1.0,1.0,1.0,2.976785844676201e-33,0.0,0.0,0.0
15,2.0,3,4,9.789391534877952e-07,1.0,0.6646610029310087,1.0000009789396327,1.0000001105460163,1.0,0.9999999447269948,5.5273005143056036e-08,2.6653682989064286e-32,0.0,0.0
15,2.0,4,4,7.040238355453284e-05,2.0,0.7439672577527416,1.0000704048618605,1.000010702250337,1.0,0.9999946489035416,5.336869313277941e-06,1.422714509981487e-08,2.9913115766898014e-33,0.0
15,2.0,5,4,7.433446408882437e-05,3.0,0.7861088974984449,1.0000743372269636,1.000011047321202,1.0,0.9999944763729484,4.9039435089905115e-06,6.196803627366242e-07,3.1798837906057948e-12,1.1321775057298693e-33
15,2.0,6,4,4.921308931951118e-05,3.0,0.8299218588950041,1.0000492143003035,1.0000072771368274,1.0,0.9999963614448275,3.6379876909442446e-06,5.659124551736362e-10,1.5692701042645827e-12,1.5094516373106784e-25
15,2.0,7,4,5.1026092010959394e-05,4.0,0.8526970415433794,1.000051027393864,1.000007559596818,1.0,0.9999962202159044,3.7727108412791437e-06,6.839388038559751e-09,2.338663094690035e-10,2.4525802422599125e-23
15,2.0,8,4,8.804929473597241e-05,4.0,0.8663354018333687,1.0000880531711889,1.000013436181591,1.0,0.9999932819564327,6.390062675017805e-06,3.2738279592546003e-07,5.980965045700007e-10,2.291418203691414e-23
15,2.0,10,4,0.00011205774681315129,4.0,0.8903148292925254,1.000112064025517,1.0000174652859353,1.0,0.9999912674364707,8.352116929039612e-06,3.7207624352935764e-07,8.370356643932157e-09,6.353311691360231e-21
15,2.0,12,4,0.02035678676547272,4.0,0.8574869135680165,1.020565399304899,1.0059922759702802,1.0,0.9970127878629035,0.0029863611792880678,7.34257912040831e-07,1.1669989641934366e-07,1.1271910531378431e-20
15,2.0,16,4,0.02544444911940949,4.0,0.8796537984712536,1.025770922209689,1.0076537112261643,1.0,0.9961879956480593,0.0037273793044980768,8.42371586902213e-05,3.878887523546291e-07,2.1103404835613498e-20
15,2.0,2,5,6.907755278982138e-29,1.0,0.1498843146002053,1.0,1.0,1.0,1.0,1.5056436280414283e-32,0.0,0.0,0.0
15,2.0,3,5,4.787068156527146e-10,1.0,0.6664467140374842,1.0000000004787069,1.0000000000372438,1.0,0.9999999999813781,1.8621881323727265e-11,4.6593148325238025e-33,0.0,0.0
15,2.0,4,5,1.2482128576192328e-05,2.0,0.7478753089526766,1.0000124822064782,1.000001664353306,1.0,0.9999991678240395,8.321647433352172e-07,1.1217076387144306e-11,1.4929105822308935e-32,0.0
15,2.0,5,5,0.0005286357946053482,3.0,0.7892722832632165,1.000528775547132,1.000096661256981,1.0,0.9999516717073524,4.832375915925296e-05,4.533261971270758e-09,2.2624402592868624e-13,2.804620630530331e-33
15,2.0,6,5,0.000513606098748126,3.0,0.8221863598660447,1.0005137380169442,1.0000935792998364,1.0,0.9999532125412236,4.6743064938067405e-05,4.435670909948471e-08,3.71291718073861e-11,8.414687712953231e-24
15,2.0,7,5,0.0005386928000493052,4.0,0.8473966128584527,1.0005388379210731,1.000098614992261,1.0,0.9999506949373959,4.925356073655867e-05,5.1209887312027675e-08,2.919802658074349e-10,4.859052559077611e-22
15,2.0,8,5,0.005330425083278742,4.0,0.855800975934584,1.0053446570753488,1.0012762302149316,1.0,0.9993622916210638,0.0006376193934632076,8.400158005365095e-08,4.9838928695950814e-09,2.692310516830897e-21
15,2.0,10,5,0.006219152374940271,4.0,0.8763143478614975,1.0062385314560618,1.0015118622910495,1.0,0.9992446437432483,0.0007496029770241707,5.642899292690304e-06,1.1038043487819001e-07,1.8219983349812967e-20
15,2.0,12,5,0.007850183650119868,4.0,0.8898146919870047,1.0078810771287054,1.0019566932836632,1.0,0.999022625580465,0.0009598454225483414,1.0947166582451579e-05,6.581830404171818e-06,2.0161110397102016e-19
15,2.0,16,5,0.01057239874799321,4.0,0.9081626559828482,1.0106284840333761,1.002740951985183,1.0,0.9986314445016518,0.0013332148642143955,2.9133460854776257e-05,6.207173279130868e-06,1.3654027307499838e-18
15,2.0,2,6,6.907755278982138e-29,1.0,0.40490564535257934,1.0,1.0,1.0,1.0,1.3720320585700075e-32,0.0,0.0,0.0
15,2.0,3,6,0.0031554841416330274,2.0,0.5506627738605174,1.0031604679224189,1.0007053766904623,1.0,0.9996474359561429,0.0003525640438570933,2.5334689595206734e-32,0.0,0.0
15,2.0,4,6,0.004112082768728273,2.0,0.6512215309098928,1.0041205489816885,1.0009480016490073,1.0,0.9995262244852134,0.000471985254024228,1.7902607622838596e-06,2.9967866408917754e-32,0.0
15,2.0,5,6,0.04092239220954704,3.0,0.5321224626922993,1.0417712528430298,1.0124885952806113,1.0,0.9938007668476023,0.0048700701625135,0.0013282324599102125,9.305299740689194e-07,5.358434426796639e-33
15,2.0,6,6,0.0031521163827113578,4.0,0.8111967825726832,1.0031570895254918,1.0007008484535358,1.0,0.9996496993295865,0.0003478728335782888,2.402000271549693e-06,2.5836563664865804e-08,2.3723840044507264e-20
15,2.0,7,6,0.045549430415276496,4.0,0.8015330977706565,1.0466027373432896,1.0156549122560612,1.0,0.9922329493375637,0.007756329328040329,1.0719047336080712e-05,2.2870599442273006e-09,3.3961863165662355e-21
15,2.0,8,6,0.05475147469320776,4.0,0.7870944861871663,1.0562780702209156,1.0186771298060613,1.0,0.9907523700932177,0.008641988666739585,0.0006056181109765015,2.312906621594664e-08,4.41636262008347e-20
15,2.0,10,6,0.12613885833704885,4.0,0.7517014333432689,1.134439683754572,1.0493178384926451,1.0,0.9760278911251948,0.01840294639747595,0.005566194501658438,2.9679756707015744e-06,5.445127487748769e-19
15,2.0,12,6,0.105597051332043,4.0,0.7875286833778495,1.1113739596122056,1.0391543697232521,1.0,0.9808643313437684,0.014206517888486868,0.004926340843494313,2.8099242503497734e-06,8.122452278474712e-19
15,2.0,16,6,0.07565713388414902,4.0,0.7982590255989088,1.0785926978629816,1.0267062409999546,1.0,0.9868419015850654,0.011331678623028078,0.001754839710551865,7.158008135475526e-05,6.945553847606103e-18
15,2.0,2,7,6.907755278982138e-29,0.0,0.01419402764253757,1.0,1.0,1.0,1.0,1.539157607220416e-31,0.0,0.0,0.0
15,2.0,3,7,0.011959749899181818,1.0,0.3456822340867241,1.0120315536742188,1.0032240289028809,1.0,0.998390575781413,0.0016094242185869505,1.7576655395359266e-32,0.0,0.0
15,2.0,4,7,0.007276363706197033,3.0,0.5036870859247041,1.007302900765975,1.001727163699348,1.0,0.9991372448097648,0.0007539550122113974,0.00010880017802377292,2.2387191759943213e-32,0.0
15,2.0,5,7,0.07818300868522465,4.0,0.47111666782506745,1.0813205316120942,1.0287146768257756,1.0,0.9858559844062502,0.013197651107550085,0.0007836177560191045,0.00016274673018057376,9.707154054011769e-33
15,2.0,6,7,0.07454976021816706,4.0,0.5568283451411312,1.0773989537954083,1.0270974107686066,1.0,0.9866412279933312,0.012492176261445337,0.0007018910784596202,0.0001647046667638738,4.231412150956515e-18
15,2.0,7,7,0.23717855013785644,4.0,0.515202476606431,1.2676674397658974,1.1243791628669557,2.0,0.941455196731747,0.055059744192658834,0.0031851008225566167,0.0002999582530376022,9.956175659842195e-18
15,2.0,8,7,0.0014881551052907023,4.0,0.8490389546947297,1.0014892629575833,1.000294729667991,1.0,0.9998526583232146,0.00013682872077559383,9.651545040875476e-06,8.614109689570957e-07,3.598264274397888e-19
15,2.0,10,7,0.09222054175022829,4.0,0.7723790595633653,1.0966066429623875,1.037244200079752,1.0,0.9817151758226942,0.018122088129298535,0.00016222983874887158,5.062092583672343e-07,6.567833026148928e-20
15,2.0,12,7,0.0955675608659031,4.0,0.808460509688466,1.100283155605618,1.038979127852184,1.0,0.9808791865384933,0.018953541317270853,0.0001652665685207532,2.005575715011596e-06,1.0959994260046067e-19
15,2.0,16,7,0.19344027073671355,4.0,0.7933861984431645,1.2134169078890054,1.0974641224303103,1.0,0.9534806878284483,0.045442585702297554,0.0010323144570435624,4.4412012210605886e-05,4.15353419638579e-18
